,Country,Year,rd_expenditure,rd_expenditure_missing,Businesses_R&D expenditure,Businesses_product development,Consulting Firms_innovation management,Consulting Firms_innovation strategy,Government agencies_government grants,Government agencies_research funding,Innovation Hubs_startup incubation,Innovation Hubs_technology park,Patent Attorneys_patent attorney,Patent Attorneys_patent registration,R&D Employees_R&D jobs,Research Institutions_collaboration with industry,Research Institutions_research grant,Tax Authorities_R&D tax credit,VCs_VC investment,VCs_startup funding
0,AU,1981,3528.48030733419,0,,,,,,,,,,,,,,,,
1,AU,1984,4306.08808524387,0,,,,,,,,,,,,,,,,
2,AU,1986,5287.29705661648,0,,,,,,,,,,,,,,,,
3,AU,1987,5396.35199891417,0,,,,,,,,,,,,,,,,
4,AU,1988,5733.00771614531,0,,,,,,,,,,,,,,,,
5,AU,1990,6404.71206951182,0,,,,,,,,,,,,,,,,
6,AU,1992,7768.04767935011,0,,,,,,,,,,,,,,,,
7,AU,1994,8659.21765085622,0,,,,,,,,,,,,,,,,
8,AU,1996,9802.09466296784,0,,,,,,,,,,,,,,,,
9,AU,1998,9778.78851879929,0,,,,,,,,,,,,,,,,
10,AU,2000,10645.325454765,0,,,,,,,,,,,,,,,,
11,AU,2002,12749.2982354658,0,,,,,,,,,,,,,,,,
12,AU,2004,14376.7290155599,0,,,,,,,,,,,,,,,,
13,AU,2006,17766.8299065731,0,,,,,,,,,,,,,,,,
14,AU,2008,21018.0736819903,0,,,,,,,,,,,,,,,,
15,AU,2010,21366.6816443911,0,,,,,,,,,,,,,,,,
16,AU,2011,21522.601176338,0,,,,,,,,,,,,,,,,
17,AU,2013,22441.0692242811,0,,,,,,,,,,,,,,,,
18,AU,2015,21157.0766472118,0,,,,,,,,,,,,,,,,
19,AU,2017,21236.8733829169,0,,,,,,,,,,,,,,,,
20,AU,2019,21738.7368023472,0,,,,,,,,,,,,,,,,
21,AT,1981,2366.04635295964,0,,,,,,,,,,,,,,,,
22,AT,1982,2514.56998280253,0,,,,,,,,,,,,,,,,
23,AT,1983,2610.25277032357,0,,,,,,,,,,,,,,,,
24,AT,1984,2725.91399551071,0,,,,,,,,,,,,,,,,
25,AT,1985,2798.7237825606,0,,,,,,,,,,,,,,,,
26,AT,1986,2957.31089424752,0,,,,,,,,,,,,,,,,
27,AT,1987,3015.76962179672,0,,,,,,,,,,,,,,,,
28,AT,1988,3215.5403565888,0,,,,,,,,,,,,,,,,
29,AT,1989,3393.31659596151,0,,,,,,,,,,,,,,,,
30,AT,1990,3666.59314660687,0,,,,,,,,,,,,,,,,
31,AT,1991,4008.53323353054,0,,,,,,,,,,,,,,,,
32,AT,1992,4055.54360943465,0,,,,,,,,,,,,,,,,
33,AT,1993,4125.40208664879,0,,,,,,,,,,,,,,,,
34,AT,1994,4456.04272460601,0,,,,,,,,,,,,,,,,
35,AT,1995,4635.6604067906,0,,,,,,,,,,,,,,,,
36,AT,1996,4902.80088218226,0,,,,,,,,,,,,,,,,
37,AT,1997,5240.2126700275,0,,,,,,,,,,,,,,,,
38,AT,1998,5679.24526724512,0,,,,,,,,,,,,,,,,
39,AT,1999,6267.82119127983,0,,,,,,,,,,,,,,,,
40,AT,2000,6622.14483774095,0,,,,,,,,,,,,,,,,
41,AT,2001,7083.24366890752,0,,,,,,,,,,,,,,,,
42,AT,2002,7467.25550111105,0,,,,,,,,,,,,,,,,
43,AT,2003,7933.67489558838,0,,,,,,,,,,,,,,,,
44,AT,2004,8119.03650214408,0,,,,,,,,,,,,,,,,
45,AT,2005,9094.99376194869,0,,,,,,,,,,,,,,,,
46,AT,2006,9353.58234652983,0,,,,,,,,,,,,,,,,
47,AT,2007,9945.70835428377,0,,,,,,,,,,,,,,,,
48,AT,2008,10721.0745097445,0,,,,,,,,,,,,,,,,
49,AT,2009,10427.0471362422,0,,,,,,,,,,,,,,,,
50,AT,2010,11147.5974802985,0,,,,,,,,,,,,,,,,
51,AT,2011,11231.7426575564,0,,,,,,,,,,,,,,,,
52,AT,2012,12350.7341574709,0,,,,,,,,,,,,,,,,
53,AT,2013,12524.2680483109,0,,,,,,,,,,,,,,,,
54,AT,2014,13159.034572333,0,,,,,,,,,,,,,,,,
55,AT,2015,13143.4317996908,0,,,,,,,,,,,,,,,,
56,AT,2016,13698.7800097897,0,,,,,,,,,,,,,,,,
57,AT,2017,13738.5654484865,0,,,,,,,,,,,,,,,,
58,AT,2018,14234.1132797062,0,,,,,,,,,,,,,,,,
59,AT,2019,14640.079285373,0,,,,,,,,,,,,,,,,
60,AT,2020,13996.9332146442,0,,,,,,,,,,,,,,,,
61,AT,2021,14577.3279661835,0,,,,,,,,,,,,,,,,
62,BE,1983,4080.0820262288,0,,,,,,,,,,,,,,,,
63,BE,1984,4213.97521815384,0,,,,,,,,,,,,,,,,
64,BE,1985,4426.02815265549,0,,,,,,,,,,,,,,,,
65,BE,1986,4515.7619147452,0,,,,,,,,,,,,,,,,
66,BE,1987,4656.33053172479,0,,,,,,,,,,,,,,,,
67,BE,1988,4737.95896872001,0,,,,,,,,,,,,,,,,
68,BE,1989,5074.55370332505,0,,,,,,,,,,,,,,,,
69,BE,1991,5248.60774126119,0,,,,,,,,,,,,,,,,
70,BE,1993,5541.22138169952,0,,,,,,,,,,,,,,,,
71,BE,1994,5686.58719114214,0,,,,,,,,,,,,,,,,
72,BE,1995,5893.96586198894,0,,,,,,,,,,,,,,,,
73,BE,1996,6318.79168451662,0,,,,,,,,,,,,,,,,
74,BE,1997,6809.59099062129,0,,,,,,,,,,,,,,,,
75,BE,1998,7052.66648522592,0,,,,,,,,,,,,,,,,
76,BE,1999,7570.25287257382,0,,,,,,,,,,,,,,,,
77,BE,2000,7977.48394245692,0,,,,,,,,,,,,,,,,
78,BE,2001,8467.57776611634,0,,,,,,,,,,,,,,,,
79,BE,2002,8063.2855375884,0,,,,,,,,,,,,,,,,
80,BE,2003,7881.35937483958,0,,,,,,,,,,,,,,,,
81,BE,2004,8071.09090986355,0,,,,,,,,,,,,,,,,
82,BE,2005,8122.84949756864,0,,,,,,,,,,,,,,,,
83,BE,2006,8479.4437281183,0,,,,,,,,,,,,,,,,
84,BE,2007,8922.90526755762,0,,,,,,,,,,,,,,,,
85,BE,2008,9383.52649654139,0,,,,,,,,,,,,,,,,
86,BE,2009,9487.07128142787,0,,,,,,,,,,,,,,,,
87,BE,2010,10067.7839884114,0,,,,,,,,,,,,,,,,
88,BE,2011,10791.7865393066,0,,,,,,,,,,,,,,,,
89,BE,2012,11410.887400616,0,,,,,,,,,,,,,,,,
90,BE,2013,11712.4654000665,0,,,,,,,,,,,,,,,,
91,BE,2014,12097.9150752215,0,,,,,,,,,,,,,,,,
92,BE,2015,12647.7756591749,0,,,,,,,,,,,,,,,,
93,BE,2016,13310.2009346071,0,,,,,,,,,,,,,,,,
94,BE,2017,14293.8029032602,0,,,,,,,,,,,,,,,,
95,BE,2018,15605.9485324701,0,,,,,,,,,,,,,,,,
96,BE,2019,17610.432516676,0,,,,,,,,,,,,,,,,
97,BE,2020,17710.6225994221,0,,,,,,,,,,,,,,,,
98,BE,2021,18017.4749426187,0,,,,,,,,,,,,,,,,
99,CA,1981,8458.53067626155,0,,,,,,,,,,,,,,,,
100,CA,1982,9081.35530363039,0,,,,,,,,,,,,,,,,
101,CA,1983,9126.4903889368,0,,,,,,,,,,,,,,,,
102,CA,1984,9877.6195865978,0,,,,,,,,,,,,,,,,
103,CA,1985,10604.4579724551,0,,,,,,,,,,,,,,,,
104,CA,1986,11020.3329004644,0,,,,,,,,,,,,,,,,
105,CA,1987,11174.8506263844,0,,,,,,,,,,,,,,,,
106,CA,1988,11589.4158986872,0,,,,,,,,,,,,,,,,
107,CA,1989,12492.3578977242,0,,,,,,,,,,,,,,,,
108,CA,1990,12955.9148666005,0,,,,,,,,,,,,,,,,
109,CA,1991,13137.1286722748,0,,,,,,,,,,,,,,,,
110,CA,1992,13580.3332841865,0,,,,,,,,,,,,,,,,
111,CA,1993,14344.5838768057,0,,,,,,,,,,,,,,,,
112,CA,1994,15458.5966920263,0,,,,,,,,,,,,,,,,
113,CA,1995,15735.2451332076,0,,,,,,,,,,,,,,,,
114,CA,1996,15623.5002108226,0,,,,,,,,,,,,,,,,
115,CA,1997,16304.1352543058,0,,,,,,,,,,,,,,,,
116,CA,1998,17679.2243508043,0,,,,,,,,,,,,,,,,
117,CA,1999,19123.7162207951,0,,,,,,,,,,,,,,,,
118,CA,2000,21748.0514574105,0,,,,,,,,,,,,,,,,
119,CA,2001,23974.0393131953,0,,,,,,,,,,,,,,,,
120,CA,2002,23836.9656269307,0,,,,,,,,,,,,,,,,
121,CA,2003,24648.739457124,0,,,,,,,,,,,,,,,,
122,CA,2004,26165.1913298187,0,0.0,0.0,0.0,0.0,56.666666666666664,0.0,0.0,30.5,6.416666666666667,18.0,26.666666666666668,0.0,0.0,10.166666666666666,0.0,13.416666666666666
123,CA,2005,26964.2357394488,0,0.0,0.0,0.0,0.0,51.916666666666664,0.0,0.0,23.333333333333332,20.0,11.916666666666666,14.5,0.0,0.0,7.583333333333333,0.0,10.25
124,CA,2006,27354.7991210384,0,0.0,0.0,0.0,0.0,38.833333333333336,0.0,0.0,22.0,42.416666666666664,6.0,13.0,0.0,0.0,4.083333333333333,0.0,11.75
125,CA,2007,27601.5845003174,0,0.0,0.0,0.0,0.0,41.916666666666664,0.0,0.0,22.083333333333332,14.166666666666666,5.25,11.333333333333334,0.0,0.0,1.5,0.0,4.833333333333333
126,CA,2008,27569.1936338647,0,0.0,0.0,0.0,0.0,40.0,0.0,0.0,11.916666666666666,11.5,7.5,20.333333333333332,0.0,0.0,1.75,0.0,1.3333333333333333
127,CA,2009,26802.7314250857,0,0.0,0.0,0.0,0.0,70.08333333333333,0.0,0.0,19.166666666666668,11.166666666666666,3.1666666666666665,9.333333333333334,0.0,0.0,3.4166666666666665,0.0,0.9166666666666666
128,CA,2010,26718.2709812372,0,0.0,0.0,0.0,0.0,26.75,33.916666666666664,0.0,12.083333333333334,7.916666666666667,2.5833333333333335,3.25,0.0,0.0,3.4166666666666665,0.0,2.0833333333333335
129,CA,2011,27247.6827653473,0,0.0,0.0,0.0,0.0,0.0,62.5,0.0,0.0,0.0,0.0,0.0,0.0,0.0,0.0,0.0,3.0
130,CA,2012,27372.7874650363,0,0.0,0.0,0.0,0.0,0.0,58.5,0.0,0.0,0.0,0.0,0.0,0.0,0.0,0.0,0.0,4.666666666666667
131,CA,2013,27007.439245208,0,0.0,0.0,0.0,0.0,0.0,56.333333333333336,0.0,0.0,0.0,0.0,0.0,0.0,0.0,0.0,0.0,6.583333333333333
132,CA,2014,27791.9793024325,0,0.0,0.0,0.0,0.0,0.0,59.0,0.0,0.0,0.0,0.0,0.0,0.0,0.0,0.0,0.0,6.75
133,CA,2015,27004.6979120185,0,0.0,0.0,0.0,0.0,0.0,58.583333333333336,0.0,0.0,0.0,0.0,0.0,0.0,0.0,0.0,0.0,9.833333333333334
134,CA,2016,27755.6378583315,0,0.0,0.0,0.0,0.0,0.0,71.33333333333333,0.0,0.0,0.0,0.0,0.0,0.0,0.0,0.0,0.0,11.083333333333334
135,CA,2017,28228.1296753994,0,0.0,0.0,0.0,0.0,17.0,10.166666666666666,0.0,0.0,0.0,1.5833333333333333,0.0,0.0,0.0,1.75,15.083333333333334,2.5
136,CA,2018,29895.1052866978,0,0.0,0.0,0.0,0.0,17.75,0.0,0.0,0.0,0.0,3.1666666666666665,0.0,0.0,0.0,1.0,26.5,0.0
137,CA,2019,30696.6255814402,0,0.0,0.0,0.0,0.0,15.166666666666666,0.0,0.0,0.0,0.0,1.25,0.0,0.0,0.0,1.6666666666666667,20.5,0.0
138,CA,2020,31111.028153459,0,0.0,0.0,0.0,0.0,17.916666666666668,0.0,0.0,0.0,0.0,2.3333333333333335,0.0,0.0,0.0,2.0,19.25,0.0
139,CA,2021,30477.1553950946,0,0.0,0.0,0.0,0.0,21.5,0.0,0.0,0.0,0.0,3.6666666666666665,0.0,0.0,0.0,1.4166666666666667,27.0,0.0
140,CA,2022,28564.3588273563,0,0.0,0.0,0.0,0.0,18.583333333333332,0.0,0.0,0.0,0.0,2.0,0.0,0.0,0.0,2.25,39.916666666666664,0.0
141,CZ,1995,1929.58151633102,0,,,,,,,,,,,,,,,,
142,CZ,1996,2042.17403920917,0,,,,,,,,,,,,,,,,
143,CZ,1997,2257.94707882354,0,,,,,,,,,,,,,,,,
144,CZ,1998,2413.90482784994,0,,,,,,,,,,,,,,,,
145,CZ,1999,2422.73580851485,0,,,,,,,,,,,,,,,,
146,CZ,2000,2664.67395909189,0,,,,,,,,,,,,,,,,
147,CZ,2001,2717.88309450473,0,,,,,,,,,,,,,,,,
148,CZ,2002,2759.26441490105,0,,,,,,,,,,,,,,,,
149,CZ,2003,2972.41286327889,0,,,,,,,,,,,,,,,,
150,CZ,2004,3108.02400271966,0,,,,,,,,,,,,,,,,
151,CZ,2005,3376.1452393051,0,,,,,,,,,,,,,,,,
152,CZ,2006,3804.63403337468,0,,,,,,,,,,,,,,,,
153,CZ,2007,4246.98726099278,0,,,,,,,,,,,,,,,,
154,CZ,2008,4151.92387863868,0,,,,,,,,,,,,,,,,
155,CZ,2009,4128.55583587154,0,,,,,,,,,,,,,,,,
156,CZ,2010,4361.04745648383,0,,,,,,,,,,,,,,,,
157,CZ,2011,5167.23512478844,0,,,,,,,,,,,,,,,,
158,CZ,2012,5873.07234981951,0,,,,,,,,,,,,,,,,
159,CZ,2013,6233.84061128392,0,,,,,,,,,,,,,,,,
160,CZ,2014,6643.1498007338,0,,,,,,,,,,,,,,,,
161,CZ,2015,6852.95471908851,0,,,,,,,,,,,,,,,,
162,CZ,2016,6121.90399846511,0,,,,,,,,,,,,,,,,
163,CZ,2017,6818.14796732489,0,,,,,,,,,,,,,,,,
164,CZ,2018,7557.05609956198,0,,,,,,,,,,,,,,,,
165,CZ,2019,7901.97521168632,0,,,,,,,,,,,,,,,,
166,CZ,2020,7694.32987438386,0,,,,,,,,,,,,,,,,
167,CZ,2021,8007.89099050234,0,,,,,,,,,,,,,,,,
168,DK,1981,1523.84427772088,0,,,,,,,,,,,,,,,,
169,DK,1982,1638.68190869675,0,,,,,,,,,,,,,,,,
170,DK,1983,1757.90240732489,0,,,,,,,,,,,,,,,,
171,DK,1984,1876.44727808621,0,,,,,,,,,,,,,,,,
172,DK,1985,2006.92780165705,0,,,,,,,,,,,,,,,,
173,DK,1986,2247.36932275761,0,,,,,,,,,,,,,,,,
174,DK,1987,2418.0074943256,0,,,,,,,,,,,,,,,,
175,DK,1988,2555.75675787365,0,,,,,,,,,,,,,,,,
176,DK,1989,2653.28910199817,0,,,,,,,,,,,,,,,,
177,DK,1990,2826.06180727887,0,,,,,,,,,,,,,,,,
178,DK,1991,2986.70356999734,0,,,,,,,,,,,,,,,,
179,DK,1992,3104.12491087253,0,,,,,,,,,,,,,,,,
180,DK,1993,3251.5498384002,0,,,,,,,,,,,,,,,,
181,DK,1995,3734.46960165496,0,,,,,,,,,,,,,,,,
182,DK,1996,3880.66013627844,0,,,,,,,,,,,,,,,,
183,DK,1997,4190.12477771731,0,,,,,,,,,,,,,,,,
184,DK,1998,4548.43787685166,0,,,,,,,,,,,,,,,,
185,DK,1999,4966.00418671333,0,,,,,,,,,,,,,,,,
186,DK,2001,5675.50013777051,0,,,,,,,,,,,,,,,,
187,DK,2002,5988.41035466269,0,,,,,,,,,,,,,,,,
188,DK,2003,6182.65648758319,0,,,,,,,,,,,,,,,,
189,DK,2004,6115.84436462384,0,,,,,,,,,,,,,,,,
190,DK,2005,6192.02593689006,0,,,,,,,,,,,,,,,,
191,DK,2006,6460.20877500751,0,,,,,,,,,,,,,,,,
192,DK,2007,6823.89662614114,0,,,,,,,,,,,,,,,,
193,DK,2008,7485.40607610404,0,,,,,,,,,,,,,,,,
194,DK,2009,7841.08017128737,0,,,,,,,,,,,,,,,,
195,DK,2010,7626.78165349961,0,,,,,,,,,,,,,,,,
196,DK,2011,7801.82114408474,0,,,,,,,,,,,,,,,,
197,DK,2012,7916.67191575891,0,,,,,,,,,,,,,,,,
198,DK,2013,7961.70675112474,0,,,,,,,,,,,,,,,,
199,DK,2014,7937.05519760294,0,,,,,,,,,,,,,,,,
200,DK,2015,8515.66911287879,0,,,,,,,,,,,,,,,,
201,DK,2016,8901.06416989236,0,,,,,,,,,,,,,,,,
202,DK,2017,8674.05616320196,0,,,,,,,,,,,,,,,,
203,DK,2018,8951.61186951373,0,,,,,,,,,,,,,,,,
204,DK,2019,8873.41511689199,0,,,,,,,,,,,,,,,,
205,DK,2020,8912.21129578579,0,,,,,,,,,,,,,,,,
206,DK,2021,8853.54499157477,0,,,,,,,,,,,,,,,,
207,FI,1981,1318.52848873753,0,,,,,,,,,,,,,,,,
208,FI,1983,1592.14697050338,0,,,,,,,,,,,,,,,,
209,FI,1984,1807.14495874791,0,,,,,,,,,,,,,,,,
210,FI,1985,1981.181668884,0,,,,,,,,,,,,,,,,
211,FI,1986,2148.13580597494,0,,,,,,,,,,,,,,,,
212,FI,1987,2347.01499475853,0,,,,,,,,,,,,,,,,
213,FI,1988,2514.19644628333,0,,,,,,,,,,,,,,,,
214,FI,1989,2688.69637517672,0,,,,,,,,,,,,,,,,
215,FI,1990,2818.61051248057,0,,,,,,,,,,,,,,,,
216,FI,1991,2869.16056454036,0,,,,,,,,,,,,,,,,
217,FI,1992,2904.58919194103,0,,,,,,,,,,,,,,,,
218,FI,1993,2933.61963191287,0,,,,,,,,,,,,,,,,
219,FI,1994,3221.43762255186,0,,,,,,,,,,,,,,,,
220,FI,1995,3344.09152662775,0,,,,,,,,,,,,,,,,
221,FI,1996,3857.04552982759,0,,,,,,,,,,,,,,,,
222,FI,1997,4383.98824473119,0,,,,,,,,,,,,,,,,
223,FI,1998,4910.41681572369,0,,,,,,,,,,,,,,,,
224,FI,1999,5625.73688273763,0,,,,,,,,,,,,,,,,
225,FI,2000,6311.09744821134,0,,,,,,,,,,,,,,,,
226,FI,2001,6380.60307888655,0,,,,,,,,,,,,,,,,
227,FI,2002,6610.13523785023,0,,,,,,,,,,,,,,,,
228,FI,2003,6836.15667883302,0,,,,,,,,,,,,,,,,
229,FI,2004,7132.45036433343,0,,,,,,,,,,,,,,,,
230,FI,2005,7363.12491931893,0,,,,,,,,,,,,,,,,
231,FI,2006,7679.155961507,0,,,,,,,,,,,,,,,,
232,FI,2007,8097.95821118645,0,,,,,,,,,,,,,,,,
233,FI,2008,8650.40924584572,0,,,,,,,,,,,,,,,,
234,FI,2009,8394.95881853464,0,,,,,,,,,,,,,,,,
235,FI,2010,8595.83535535391,0,,,,,,,,,,,,,,,,
236,FI,2011,8607.24597500831,0,,,,,,,,,,,,,,,,
237,FI,2012,7971.50973059591,0,,,,,,,,,,,,,,,,
238,FI,2013,7604.52323307347,0,,,,,,,,,,,,,,,,
239,FI,2014,7289.89462792454,0,,,,,,,,,,,,,,,,
240,FI,2015,6687.87247386876,0,,,,,,,,,,,,,,,,
241,FI,2016,6522.65430174323,0,,,,,,,,,,,,,,,,
242,FI,2017,6739.41523835911,0,,,,,,,,,,,,,,,,
243,FI,2018,6890.2441709504,0,,,,,,,,,,,,,,,,
244,FI,2019,7081.17070753311,0,,,,,,,,,,,,,,,,
245,FI,2020,7193.04980090598,0,,,,,,,,,,,,,,,,
246,FI,2021,7607.90647872915,0,,,,,,,,,,,,,,,,
247,FR,1981,27351.248317619,0,,,,,,,,,,,,,,,,
248,FR,1982,29229.4136462824,0,,,,,,,,,,,,,,,,
249,FR,1983,30160.5351052884,0,,,,,,,,,,,,,,,,
250,FR,1984,32004.3223709989,0,,,,,,,,,,,,,,,,
251,FR,1985,33415.4653953659,0,,,,,,,,,,,,,,,,
252,FR,1986,34012.5664526032,0,,,,,,,,,,,,,,,,
253,FR,1987,35572.7197430736,0,,,,,,,,,,,,,,,,
254,FR,1988,37104.0667876313,0,,,,,,,,,,,,,,,,
255,FR,1989,39477.4359176271,0,,,,,,,,,,,,,,,,
256,FR,1990,42101.356162365,0,,,,,,,,,,,,,,,,
257,FR,1991,42604.7329998271,0,,,,,,,,,,,,,,,,
258,FR,1992,43392.9033566134,0,,,,,,,,,,,,,,,,
259,FR,1993,43794.8124510556,0,,,,,,,,,,,,,,,,
260,FR,1994,43853.5634501399,0,,,,,,,,,,,,,,,,
261,FR,1995,44237.6182370889,0,,,,,,,,,,,,,,,,
262,FR,1996,44496.762691143,0,,,,,,,,,,,,,,,,
263,FR,1997,43983.2891197931,0,,,,,,,,,,,,,,,,
264,FR,1998,44453.2824788643,0,,,,,,,,,,,,,,,,
265,FR,1999,46257.5290668272,0,,,,,,,,,,,,,,,,
266,FR,2000,47748.4961040902,0,,,,,,,,,,,,,,,,
267,FR,2001,49732.6979823188,0,,,,,,,,,,,,,,,,
268,FR,2002,51154.9612862138,0,,,,,,,,,,,,,,,,
269,FR,2003,50282.0238634197,0,,,,,,,,,,,,,,,,
270,FR,2004,51087.2242888102,0,,,,,,,,,,,,,,,,
271,FR,2005,50868.0582306737,0,,,,,,,,,,,,,,,,
272,FR,2006,52099.5570705776,0,,,,,,,,,,,,,,,,
273,FR,2007,52675.2886747683,0,,,,,,,,,,,,,,,,
274,FR,2008,53765.7620376522,0,,,,,,,,,,,,,,,,
275,FR,2009,56043.9392282262,0,,,,,,,,,,,,,,,,
276,FR,2010,56271.4011281747,0,,,,,,,,,,,,,,,,
277,FR,2011,57849.5007162605,0,,,,,,,,,,,,,,,,
278,FR,2012,58969.3444969058,0,,,,,,,,,,,,,,,,
279,FR,2013,59574.4278263165,0,,,,,,,,,,,,,,,,
280,FR,2014,61189.6960770008,0,,,,,,,,,,,,,,,,
281,FR,2015,60541.3444401665,0,,,,,,,,,,,,,,,,
282,FR,2016,61077.22694051,0,,,,,,,,,,,,,,,,
283,FR,2017,61816.013442404,0,,,,,,,,,,,,,,,,
284,FR,2018,62905.3482740124,0,,,,,,,,,,,,,,,,
285,FR,2019,63922.6055133993,0,,,,,,,,,,,,,,,,
286,FR,2020,61960.3227887054,0,,,,,,,,,,,,,,,,
287,FR,2021,63542.7447607698,0,,,,,,,,,,,,,,,,
288,DE,1981,45487.0740274098,0,,,,,,,,,,,,,,,,
289,DE,1982,46630.0280777103,0,,,,,,,,,,,,,,,,
290,DE,1983,47146.6840806689,0,,,,,,,,,,,,,,,,
291,DE,1984,48865.6138742321,0,,,,,,,,,,,,,,,,
292,DE,1985,53232.430268356,0,,,,,,,,,,,,,,,,
293,DE,1986,55403.548971978,0,,,,,,,,,,,,,,,,
294,DE,1987,58254.6865040415,0,,,,,,,,,,,,,,,,
295,DE,1988,60452.8993573188,0,,,,,,,,,,,,,,,,
296,DE,1989,62388.0763035669,0,,,,,,,,,,,,,,,,
297,DE,1990,63116.1509047095,0,,,,,,,,,,,,,,,,
298,DE,1991,68054.9120766613,0,,,,,,,,,,,,,,,,
299,DE,1992,66061.5808656682,0,,,,,,,,,,,,,,,,
300,DE,1993,63486.023083371,0,,,,,,,,,,,,,,,,
301,DE,1994,62656.9025516505,0,,,,,,,,,,,,,,,,
302,DE,1995,63890.6707338506,0,,,,,,,,,,,,,,,,
303,DE,1996,64689.4584078844,0,,,,,,,,,,,,,,,,
304,DE,1997,67190.8768444909,0,,,,,,,,,,,,,,,,
305,DE,1998,69415.0771462019,0,,,,,,,,,,,,,,,,
306,DE,1999,74926.9899006539,0,,,,,,,,,,,,,,,,
307,DE,2000,79146.3463922691,0,,,,,,,,,,,,,,,,
308,DE,2001,80295.3311040688,0,,,,,,,,,,,,,,,,
309,DE,2002,81197.8617115378,0,,,,,,,,,,,,,,,,
310,DE,2003,81900.0358168007,0,,,,,,,,,,,,,,,,
311,DE,2004,81542.2693437592,0,0.0,0.0,28.0,13.75,0.0,27.166666666666668,0.0,0.0,27.916666666666668,0.0,0.0,0.0,19.166666666666668,0.0,0.0,20.75
312,DE,2005,82366.258502459,0,0.0,0.0,30.416666666666668,16.75,0.0,17.833333333333332,0.0,0.0,11.75,0.0,0.0,0.0,7.083333333333333,0.0,9.25,8.25
313,DE,2006,86573.7963738294,0,0.0,0.0,26.833333333333332,4.666666666666667,0.0,1.3333333333333333,0.0,0.0,14.75,0.0,0.0,0.0,4.833333333333333,0.0,18.416666666666668,22.25
314,DE,2007,88723.8647937389,0,0.0,0.0,30.583333333333332,2.25,0.0,12.416666666666666,0.0,0.0,9.75,0.0,0.0,0.0,2.25,0.0,3.5833333333333335,12.166666666666666
315,DE,2008,95205.7370393764,0,0.0,0.0,27.416666666666668,4.166666666666667,0.0,7.583333333333333,0.0,0.0,12.833333333333334,0.0,0.0,0.0,2.4166666666666665,0.0,5.75,6.416666666666667
316,DE,2009,94163.3260288997,0,0.0,0.0,27.083333333333332,7.333333333333333,0.0,7.416666666666667,0.0,0.0,9.916666666666666,0.0,0.0,0.0,4.416666666666667,0.0,2.9166666666666665,3.5
317,DE,2010,97654.8203228464,0,0.0,0.0,27.833333333333332,6.166666666666667,0.0,5.583333333333333,0.0,20.083333333333332,6.583333333333333,0.0,3.4166666666666665,0.0,3.0,0.0,2.5833333333333335,3.25
318,DE,2011,104287.330767315,0,0.0,0.0,30.333333333333332,6.916666666666667,0.0,0.0,0.0,42.0,0.0,0.0,11.916666666666666,0.0,0.0,0.0,0.0,1.75
319,DE,2012,107564.732408329,0,0.0,0.0,31.083333333333332,11.333333333333334,0.0,0.0,0.0,33.75,0.0,0.0,12.25,0.0,0.0,0.0,0.0,2.1666666666666665
320,DE,2013,106323.261159248,0,0.0,0.0,33.166666666666664,12.083333333333334,0.0,0.0,0.0,27.75,0.0,0.0,19.166666666666668,0.0,0.0,0.0,0.0,2.5
321,DE,2014,110276.326391374,0,0.0,0.0,30.833333333333332,9.5,0.0,0.0,0.0,22.5,0.0,0.0,11.416666666666666,0.0,0.0,0.0,0.0,7.083333333333333
322,DE,2015,114097.563573046,0,0.0,0.0,31.5,9.166666666666666,0.0,0.0,0.0,30.333333333333332,0.0,0.0,10.25,0.0,0.0,0.0,0.0,5.416666666666667
323,DE,2016,116904.240781414,0,0.0,0.0,36.416666666666664,14.25,0.0,0.0,0.0,34.25,0.0,0.0,11.833333333333334,0.0,0.0,0.0,0.0,7.833333333333333
324,DE,2017,124393.853613863,0,0.0,64.25,35.416666666666664,12.666666666666666,7.25,8.833333333333334,0.0,5.333333333333333,7.583333333333333,0.0,22.25,0.0,4.583333333333333,0.0,0.0,9.333333333333334
325,DE,2018,128211.822258026,0,0.0,65.08333333333333,33.25,11.916666666666666,16.416666666666668,8.083333333333334,0.0,0.0,8.083333333333334,0.0,18.5,0.0,3.6666666666666665,0.0,0.0,5.916666666666667
326,DE,2019,131969.43394897,0,0.0,72.91666666666667,30.5,10.5,26.333333333333332,9.0,0.0,0.0,7.25,0.0,15.666666666666666,0.0,3.5,0.0,0.0,7.833333333333333
327,DE,2020,125566.643621924,0,0.0,70.58333333333333,26.25,10.0,16.333333333333332,5.916666666666667,0.0,0.0,5.0,0.0,8.666666666666666,0.0,4.166666666666667,0.0,0.0,8.25
328,DE,2021,129005.315240608,0,0.0,64.41666666666667,24.166666666666668,10.25,16.083333333333332,7.666666666666667,0.0,0.0,6.5,0.0,9.666666666666666,0.0,3.0833333333333335,0.0,0.0,5.416666666666667
329,GR,1981,318.076185368428,0,,,,,,,,,,,,,,,,
330,GR,1986,514.292245825851,0,,,,,,,,,,,,,,,,
331,GR,1988,575.604236523143,0,,,,,,,,,,,,,,,,
332,GR,1989,747.036339593436,0,,,,,,,,,,,,,,,,
333,GR,1991,749.943080245022,0,,,,,,,,,,,,,,,,
334,GR,1993,963.851206600049,0,,,,,,,,,,,,,,,,
335,GR,1995,1040.64423636059,0,,,,,,,,,,,,,,,,
336,GR,1997,1149.45350051313,0,,,,,,,,,,,,,,,,
337,GR,1999,1630.03566665894,0,,,,,,,,,,,,,,,,
338,GR,2001,1736.76263533495,0,,,,,,,,,,,,,,,,
339,GR,2003,1865.29060963349,0,,,,,,,,,,,,,,,,
340,GR,2004,1890.7304418203,0,,,,,,,,,,,,,,,,
341,GR,2005,2088.37782070025,0,,,,,,,,,,,,,,,,
342,GR,2006,2138.68412710523,0,,,,,,,,,,,,,,,,
343,GR,2007,2269.18326718135,0,,,,,,,,,,,,,,,,
344,GR,2008,2596.10670624047,0,,,,,,,,,,,,,,,,
345,GR,2009,2348.32662045017,0,,,,,,,,,,,,,,,,
346,GR,2010,2141.25604679193,0,,,,,,,,,,,,,,,,
347,GR,2011,2181.50263789086,0,,,,,,,,,,,,,,,,
348,GR,2012,2103.30672681651,0,,,,,,,,,,,,,,,,
349,GR,2013,2352.81999175503,0,,,,,,,,,,,,,,,,
350,GR,2014,2437.10266552614,0,,,,,,,,,,,,,,,,
351,GR,2015,2797.41110735376,0,,,,,,,,,,,,,,,,
352,GR,2016,2896.854978999,0,,,,,,,,,,,,,,,,
353,GR,2017,3356.6853666137,0,,,,,,,,,,,,,,,,
354,GR,2018,3594.61231417739,0,,,,,,,,,,,,,,,,
355,GR,2019,3847.17546954322,0,,,,,,,,,,,,,,,,
356,GR,2020,4140.4426124822,0,,,,,,,,,,,,,,,,
357,GR,2021,4318.75246988799,0,,,,,,,,,,,,,,,,
358,HU,1991,1707.57298658813,0,,,,,,,,,,,,,,,,
359,HU,1992,1629.1029433009,0,,,,,,,,,,,,,,,,
360,HU,1993,1503.57655318697,0,,,,,,,,,,,,,,,,
361,HU,1994,1409.44875182447,0,,,,,,,,,,,,,,,,
362,HU,1995,1179.38248560809,0,,,,,,,,,,,,,,,,
363,HU,1996,1053.85083463819,0,,,,,,,,,,,,,,,,
364,HU,1997,1205.43361618996,0,,,,,,,,,,,,,,,,
365,HU,1998,1177.46304899869,0,,,,,,,,,,,,,,,,
366,HU,1999,1240.87059116145,0,,,,,,,,,,,,,,,,
367,HU,2000,1526.26999229163,0,,,,,,,,,,,,,,,,
368,HU,2001,1833.74147859084,0,,,,,,,,,,,,,,,,
369,HU,2002,2068.87291274849,0,,,,,,,,,,,,,,,,
370,HU,2003,2011.49369408957,0,,,,,,,,,,,,,,,,
371,HU,2004,1976.68898837953,0,,,,,,,,,,,,,,,,
372,HU,2005,2204.49680531743,0,,,,,,,,,,,,,,,,
373,HU,2006,2435.75388320056,0,,,,,,,,,,,,,,,,
374,HU,2007,2385.13925824398,0,,,,,,,,,,,,,,,,
375,HU,2008,2467.45503711516,0,,,,,,,,,,,,,,,,
376,HU,2009,2659.33106931831,0,,,,,,,,,,,,,,,,
377,HU,2010,2689.46203956314,0,,,,,,,,,,,,,,,,
378,HU,2011,2862.50041124372,0,,,,,,,,,,,,,,,,
379,HU,2012,3006.42937507138,0,,,,,,,,,,,,,,,,
380,HU,2013,3377.5413385764,0,,,,,,,,,,,,,,,,
381,HU,2014,3420.02018127353,0,,,,,,,,,,,,,,,,
382,HU,2015,3533.58957495789,0,,,,,,,,,,,,,,,,
383,HU,2016,3180.78615381466,0,,,,,,,,,,,,,,,,
384,HU,2017,3702.21310292703,0,,,,,,,,,,,,,,,,
385,HU,2018,4465.6547726144,0,,,,,,,,,,,,,,,,
386,HU,2019,4575.2546128371,0,,,,,,,,,,,,,,,,
387,HU,2020,4724.14583143419,0,,,,,,,,,,,,,,,,
388,HU,2021,5227.24822651502,0,,,,,,,,,,,,,,,,
389,IS,1981,42.3607973248368,0,,,,,,,,,,,,,,,,
390,IS,1983,44.833855406508,0,,,,,,,,,,,,,,,,
391,IS,1984,49.5109044464852,0,,,,,,,,,,,,,,,,
392,IS,1985,51.8478106431921,0,,,,,,,,,,,,,,,,
393,IS,1986,53.9539057173826,0,,,,,,,,,,,,,,,,
394,IS,1987,61.7596535274058,0,,,,,,,,,,,,,,,,
395,IS,1989,80.6923320350669,0,,,,,,,,,,,,,,,,
396,IS,1990,80.3692857385598,0,,,,,,,,,,,,,,,,
397,IS,1991,94.8119956134409,0,,,,,,,,,,,,,,,,
398,IS,1992,105.346388995112,0,,,,,,,,,,,,,,,,
399,IS,1993,107.117704922308,0,,,,,,,,,,,,,,,,
400,IS,1994,114.83976345323,0,,,,,,,,,,,,,,,,
401,IS,1995,128.284617590661,0,,,,,,,,,,,,,,,,
402,IS,1997,168.973282816592,0,,,,,,,,,,,,,,,,
403,IS,1998,196.842526671301,0,,,,,,,,,,,,,,,,
404,IS,1999,234.602230681025,0,,,,,,,,,,,,,,,,
405,IS,2000,283.427742736239,0,,,,,,,,,,,,,,,,
406,IS,2001,325.507544361901,0,,,,,,,,,,,,,,,,
407,IS,2002,325.174749380858,0,,,,,,,,,,,,,,,,
408,IS,2003,318.520264259805,0,,,,,,,,,,,,,,,,
409,IS,2005,360.926152841765,0,,,,,,,,,,,,,,,,
410,IS,2006,408.49395849865,0,,,,,,,,,,,,,,,,
411,IS,2007,393.377207647713,0,,,,,,,,,,,,,,,,
412,IS,2008,391.148602218956,0,,,,,,,,,,,,,,,,
413,IS,2009,380.664732375776,0,,,,,,,,,,,,,,,,
414,IS,2011,348.646372586617,0,,,,,,,,,,,,,,,,
415,IS,2013,259.380635140628,0,,,,,,,,,,,,,,,,
416,IS,2014,301.750502613772,0,,,,,,,,,,,,,,,,
417,IS,2015,355.052834424328,0,,,,,,,,,,,,,,,,
418,IS,2016,365.047901884204,0,,,,,,,,,,,,,,,,
419,IS,2017,375.730612108422,0,,,,,,,,,,,,,,,,
420,IS,2018,378.273083463822,0,,,,,,,,,,,,,,,,
421,IS,2019,450.514341667473,0,,,,,,,,,,,,,,,,
422,IS,2020,446.41945889187,0,,,,,,,,,,,,,,,,
423,IS,2021,527.39196216874,0,,,,,,,,,,,,,,,,
424,IE,1981,425.924982282389,0,,,,,,,,,,,,,,,,
425,IE,1982,433.017339430506,0,,,,,,,,,,,,,,,,
426,IE,1983,417.001487254959,0,,,,,,,,,,,,,,,,
427,IE,1984,473.58831994004,0,,,,,,,,,,,,,,,,
428,IE,1985,529.100163479731,0,,,,,,,,,,,,,,,,
429,IE,1986,571.495859053329,0,,,,,,,,,,,,,,,,
430,IE,1987,595.436263835743,0,,,,,,,,,,,,,,,,
431,IE,1988,602.793188882335,0,,,,,,,,,,,,,,,,
432,IE,1989,640.606913105374,0,,,,,,,,,,,,,,,,
433,IE,1990,719.245356553985,0,,,,,,,,,,,,,,,,
434,IE,1991,826.849172601021,0,,,,,,,,,,,,,,,,
435,IE,1992,949.1297050667,0,,,,,,,,,,,,,,,,
436,IE,1993,1103.17640991626,0,,,,,,,,,,,,,,,,
437,IE,1994,1262.50380043878,0,,,,,,,,,,,,,,,,
438,IE,1995,1393.55032934691,0,,,,,,,,,,,,,,,,
439,IE,1996,1552.79374728234,0,,,,,,,,,,,,,,,,
440,IE,1997,1684.81602353647,0,,,,,,,,,,,,,,,,
441,IE,1998,1781.34206508596,0,,,,,,,,,,,,,,,,
442,IE,1999,1876.66694183124,0,,,,,,,,,,,,,,,,
443,IE,2000,1932.6258819135,0,,,,,,,,,,,,,,,,
444,IE,2001,1975.28601359959,0,,,,,,,,,,,,,,,,
445,IE,2002,2099.40802736719,0,,,,,,,,,,,,,,,,
446,IE,2003,2303.21878835694,0,,,,,,,,,,,,,,,,
447,IE,2004,2576.43106911513,0,,,,,,,,,,,,,,,,
448,IE,2005,2757.12550173132,0,,,,,,,,,,,,,,,,
449,IE,2006,2911.40415142387,0,,,,,,,,,,,,,,,,
450,IE,2007,3156.0650032908,0,,,,,,,,,,,,,,,,
451,IE,2008,3398.49619098349,0,,,,,,,,,,,,,,,,
452,IE,2009,3741.00485444899,0,,,,,,,,,,,,,,,,
453,IE,2010,3759.31490381258,0,,,,,,,,,,,,,,,,
454,IE,2011,3690.48029658482,0,,,,,,,,,,,,,,,,
455,IE,2012,3700.08757692793,0,,,,,,,,,,,,,,,,
456,IE,2013,3767.76938429503,0,,,,,,,,,,,,,,,,
457,IE,2014,3971.9550802799,0,,,,,,,,,,,,,,,,
458,IE,2015,3839.38771751253,0,,,,,,,,,,,,,,,,
459,IE,2016,3893.06018442079,0,,,,,,,,,,,,,,,,
460,IE,2017,4520.9949931304,0,,,,,,,,,,,,,,,,
461,IE,2018,4574.66942434669,0,,,,,,,,,,,,,,,,
462,IE,2019,5063.5835635302,0,,,,,,,,,,,,,,,,
463,IE,2020,5408.54133591303,0,,,,,,,,,,,,,,,,
464,IE,2021,5263.5935718642,0,,,,,,,,,,,,,,,,
465,IT,1981,12535.0840666319,0,,,,,,,,,,,,,,,,
466,IT,1982,12926.9105854522,0,,,,,,,,,,,,,,,,
467,IT,1983,13770.5044505599,0,,,,,,,,,,,,,,,,
468,IT,1984,15105.8178788795,0,,,,,,,,,,,,,,,,
469,IT,1985,17256.1988035195,0,,,,,,,,,,,,,,,,
470,IT,1986,17910.6833006434,0,,,,,,,,,,,,,,,,
471,IT,1987,19394.0910419599,0,,,,,,,,,,,,,,,,
472,IT,1988,20649.4426895575,0,,,,,,,,,,,,,,,,
473,IT,1989,21668.8459998748,0,,,,,,,,,,,,,,,,
474,IT,1990,22853.3877606964,0,,,,,,,,,,,,,,,,
475,IT,1991,22062.6210327683,0,,,,,,,,,,,,,,,,
476,IT,1992,21499.2188808066,0,,,,,,,,,,,,,,,,
477,IT,1993,20297.761008959,0,,,,,,,,,,,,,,,,
478,IT,1994,19353.5853319274,0,,,,,,,,,,,,,,,,
479,IT,1995,18949.0169442561,0,,,,,,,,,,,,,,,,
480,IT,1996,19442.5815889396,0,,,,,,,,,,,,,,,,
481,IT,1997,20673.0381323843,0,,,,,,,,,,,,,,,,
482,IT,1998,21413.4114058132,0,,,,,,,,,,,,,,,,
483,IT,1999,21237.0617693102,0,,,,,,,,,,,,,,,,
484,IT,2000,22557.9986019993,0,,,,,,,,,,,,,,,,
485,IT,2001,23847.5340037352,0,,,,,,,,,,,,,,,,
486,IT,2002,24839.2667984316,0,,,,,,,,,,,,,,,,
487,IT,2003,24360.8185756064,0,,,,,,,,,,,,,,,,
488,IT,2004,24504.8313667959,0,,,,,,,,,,,,,,,,
489,IT,2005,24566.4563439304,0,,,,,,,,,,,,,,,,
490,IT,2006,25955.9863915241,0,,,,,,,,,,,,,,,,
491,IT,2007,27435.0047592819,0,,,,,,,,,,,,,,,,
492,IT,2008,27910.7222648196,0,,,,,,,,,,,,,,,,
493,IT,2009,27762.3521182385,0,,,,,,,,,,,,,,,,
494,IT,2010,28240.21423969,0,,,,,,,,,,,,,,,,
495,IT,2011,28056.5184728841,0,,,,,,,,,,,,,,,,
496,IT,2012,28593.9782957548,0,,,,,,,,,,,,,,,,
497,IT,2013,28932.2218752498,0,,,,,,,,,,,,,,,,
498,IT,2014,29760.9835086774,0,,,,,,,,,,,,,,,,
499,IT,2015,29994.846699333,0,,,,,,,,,,,,,,,,
500,IT,2016,31016.5328532211,0,,,,,,,,,,,,,,,,
501,IT,2017,31619.5003278472,0,,,,,,,,,,,,,,,,
502,IT,2018,33176.8808543729,0,,,,,,,,,,,,,,,,
503,IT,2019,34206.8925545172,0,,,,,,,,,,,,,,,,
504,IT,2020,32098.4749276397,0,,,,,,,,,,,,,,,,
505,IT,2021,33805.9442999265,0,,,,,,,,,,,,,,,,
506,JP,1981,55196.0801447655,0,,,,,,,,,,,,,,,,
507,JP,1982,59289.3091263123,0,,,,,,,,,,,,,,,,
508,JP,1983,64670.3480152432,0,,,,,,,,,,,,,,,,
509,JP,1984,70318.8100705353,0,,,,,,,,,,,,,,,,
510,JP,1985,78689.5769656827,0,,,,,,,,,,,,,,,,
511,JP,1986,80136.8620875663,0,,,,,,,,,,,,,,,,
512,JP,1987,85886.6420071372,0,,,,,,,,,,,,,,,,
513,JP,1988,92538.223233375,0,,,,,,,,,,,,,,,,
514,JP,1989,101101.330263179,0,,,,,,,,,,,,,,,,
515,JP,1990,109272.576419762,0,,,,,,,,,,,,,,,,
516,JP,1991,111778.573738083,0,,,,,,,,,,,,,,,,
517,JP,1992,110591.530403482,0,,,,,,,,,,,,,,,,
518,JP,1993,107773.987631157,0,,,,,,,,,,,,,,,,
519,JP,1994,106644.52340982,0,,,,,,,,,,,,,,,,
520,JP,1995,113506.832537883,0,,,,,,,,,,,,,,,,
521,JP,1996,120718.350539604,0,,,,,,,,,,,,,,,,
522,JP,1997,125534.413115033,0,,,,,,,,,,,,,,,,
523,JP,1998,128752.286705296,0,,,,,,,,,,,,,,,,
524,JP,1999,129196.742819176,0,,,,,,,,,,,,,,,,
525,JP,2000,133313.802786243,0,,,,,,,,,,,,,,,,
526,JP,2001,136875.382784283,0,,,,,,,,,,,,,,,,
527,JP,2002,138883.76212066,0,,,,,,,,,,,,,,,,
528,JP,2003,142350.183210128,0,,,,,,,,,,,,,,,,
529,JP,2004,144881.418819039,0,0.0,0.0,0.0,20.416666666666668,0.0,0.0,0.0,0.0,21.25,0.0,0.0,0.0,16.0,0.0,0.0,6.833333333333333
530,JP,2005,154899.897335988,0,0.0,0.0,0.0,7.916666666666667,0.0,0.0,0.0,0.0,4.916666666666667,0.0,0.0,0.0,4.75,0.0,0.0,20.75
531,JP,2006,161877.319772383,0,0.0,0.0,0.0,2.0833333333333335,0.0,0.0,0.0,0.0,12.666666666666666,0.0,0.0,0.0,4.333333333333333,0.0,0.0,3.0
532,JP,2007,167583.607628083,0,0.0,0.0,0.0,1.5833333333333333,0.0,0.0,0.0,0.0,13.25,0.0,0.0,0.0,5.416666666666667,0.0,0.0,6.0
533,JP,2008,165515.151500138,0,0.0,0.0,0.0,4.916666666666667,0.0,0.0,0.0,0.0,6.0,0.0,0.0,0.0,9.333333333333334,0.0,0.0,5.833333333333333
534,JP,2009,151524.276807069,0,0.0,0.0,0.0,4.75,0.0,0.0,0.0,0.0,9.083333333333334,0.0,0.0,0.0,6.916666666666667,0.0,0.0,3.25
535,JP,2010,153244.926262932,0,0.0,0.0,25.5,2.1666666666666665,0.0,0.0,0.0,13.75,7.75,0.0,0.0,0.0,4.583333333333333,0.0,0.0,2.0
536,JP,2011,158238.562709329,0,0.0,0.0,20.833333333333332,0.0,0.0,0.0,0.0,17.25,0.0,0.0,0.0,0.0,5.083333333333333,0.0,0.0,1.5833333333333333
537,JP,2012,158829.473590394,0,0.0,0.0,30.0,0.0,0.0,0.0,0.0,28.166666666666668,0.0,0.0,0.0,0.0,4.25,0.0,0.0,1.4166666666666667
538,JP,2013,167387.098458661,0,0.0,0.0,23.833333333333332,0.0,0.0,0.0,0.0,16.916666666666668,0.0,0.0,0.0,0.0,2.75,0.0,0.0,1.0
539,JP,2014,172435.579472777,0,0.0,0.0,17.75,0.0,0.0,0.0,0.0,11.333333333333334,0.0,0.0,0.0,0.0,2.0,0.0,0.0,1.25
540,JP,2015,168514.031992379,0,0.0,0.0,21.0,0.0,0.0,0.0,0.0,16.083333333333332,0.0,0.0,0.0,0.0,3.0833333333333335,0.0,0.0,1.5833333333333333
541,JP,2016,162761.260185874,0,0.0,0.0,23.083333333333332,0.0,0.0,0.0,0.0,12.0,0.0,0.0,0.0,0.0,1.9166666666666667,0.0,0.0,0.5
542,JP,2017,168668.186352487,0,0.0,0.0,1.0833333333333333,0.0,0.0,11.833333333333334,0.0,19.083333333333332,2.25,0.0,0.0,0.0,0.6666666666666666,0.0,0.0,0.9166666666666666
543,JP,2018,172586.210937616,0,0.0,0.0,0.0,0.0,0.0,27.75,0.0,16.416666666666668,4.5,0.0,0.0,0.0,0.0,0.0,0.0,1.0
544,JP,2019,171840.935909874,0,0.0,0.0,0.0,0.0,0.0,20.25,0.0,10.5,2.0833333333333335,0.0,0.0,0.0,0.0,0.0,0.0,0.5
545,JP,2020,167081.614070721,0,0.0,0.0,0.0,0.0,0.0,24.75,0.0,11.583333333333334,2.9166666666666665,0.0,0.0,0.0,0.0,0.0,0.0,0.4166666666666667
546,JP,2021,172062.488776545,0,0.0,0.0,0.0,0.0,0.0,18.75,0.0,6.0,1.8333333333333333,0.0,0.0,0.0,0.0,0.0,0.0,0.8333333333333334
547,KR,1991,10061.8091073376,0,,,,,,,,,,,,,,,,
548,KR,1992,11200.3541821844,0,,,,,,,,,,,,,,,,
549,KR,1993,13000.3140503865,0,,,,,,,,,,,,,,,,
550,KR,1994,15422.1098840886,0,,,,,,,,,,,,,,,,
551,KR,1995,17231.458818423,0,,,,,,,,,,,,,,,,
552,KR,1996,19071.197468841,0,,,,,,,,,,,,,,,,
553,KR,1997,20541.5943022647,0,,,,,,,,,,,,,,,,
554,KR,1998,18291.4068341339,0,,,,,,,,,,,,,,,,
555,KR,1999,19475.0212628184,0,,,,,,,,,,,,,,,,
556,KR,2000,22393.6905171514,0,,,,,,,,,,,,,,,,
557,KR,2001,25175.7472279375,0,,,,,,,,,,,,,,,,
558,KR,2002,26276.718222568,0,,,,,,,,,,,,,,,,
559,KR,2003,27956.7083697991,0,,,,,,,,,,,,,,,,
560,KR,2004,31539.5465831742,0,0.0,3.4166666666666665,0.0,6.916666666666667,0.0,8.333333333333334,0.0,0.0,0.0,8.333333333333334,0.0,0.0,6.083333333333333,0.0,12.666666666666666,0.0
561,KR,2005,33986.3407990567,0,0.0,17.333333333333332,0.0,11.5,0.0,7.166666666666667,0.0,0.0,0.0,0.0,0.0,0.0,14.75,0.0,8.333333333333334,0.0
562,KR,2006,38561.1031489461,0,0.0,24.666666666666668,0.0,2.8333333333333335,0.0,10.166666666666666,0.0,0.0,0.0,2.5833333333333335,0.0,0.0,10.666666666666666,0.0,6.0,0.0
563,KR,2007,43096.5419963392,0,0.0,23.916666666666668,0.0,5.5,0.0,17.666666666666668,0.0,0.0,0.0,0.0,0.0,0.0,1.4166666666666667,0.0,2.4166666666666665,0.0
564,KR,2008,46192.2752643363,0,0.0,23.25,0.0,4.75,0.0,12.916666666666666,0.0,0.0,0.0,6.0,0.0,0.0,9.75,0.0,2.6666666666666665,0.0
565,KR,2009,49016.7442735688,0,0.0,10.166666666666666,0.0,2.5833333333333335,0.0,6.166666666666667,0.0,0.0,0.0,3.3333333333333335,0.0,0.0,5.25,0.0,5.166666666666667,0.0
566,KR,2010,55165.4623892361,0,0.0,9.666666666666666,0.0,1.5,0.0,4.25,0.0,7.666666666666667,0.0,5.083333333333333,0.0,0.0,3.0,0.0,0.6666666666666666,0.0
567,KR,2011,61963.4020987878,0,0.0,4.333333333333333,0.0,0.3333333333333333,0.0,2.0,0.0,14.416666666666666,0.0,0.0,0.0,0.0,1.0833333333333333,0.0,0.0,0.0
568,KR,2012,68017.046926153,0,0.0,4.166666666666667,0.0,0.4166666666666667,0.0,1.75,0.0,12.416666666666666,0.0,0.0,0.0,0.0,1.9166666666666667,0.0,0.0,0.0
569,KR,2013,72007.189139609,0,0.0,3.75,0.0,0.5,0.0,1.6666666666666667,0.0,16.75,0.0,0.0,0.0,0.0,0.75,0.0,0.0,0.0
570,KR,2014,76694.7086639688,0,0.0,3.6666666666666665,0.0,0.1666666666666666,0.0,2.0833333333333335,0.0,9.666666666666666,0.0,0.0,0.0,0.0,0.9166666666666666,0.0,0.0,0.0
571,KR,2015,76922.04037023,0,0.0,3.25,0.0,0.8333333333333334,0.0,1.0833333333333333,0.0,19.583333333333332,0.0,0.0,0.0,0.0,1.3333333333333333,0.0,0.0,0.0
572,KR,2016,79364.7471271804,0,0.0,3.0,0.0,0.5,0.0,1.6666666666666667,0.0,12.833333333333334,0.0,0.0,0.0,0.0,0.9166666666666666,0.0,0.0,0.0
573,KR,2017,88135.828288658,0,0.0,1.0833333333333333,0.0,0.0833333333333333,0.0,0.0,0.0,0.0,0.0,0.0,0.0,0.0,0.6666666666666666,8.333333333333334,0.0,13.75
574,KR,2018,95437.6659429012,0,0.0,0.0,0.0,0.0,0.0,0.0,0.0,0.0,0.0,0.0,0.0,0.0,0.5833333333333334,1.6666666666666667,0.0,7.5
575,KR,2019,99970.920846719,0,0.0,0.0,0.0,0.0,0.0,0.0,0.0,0.0,0.0,0.0,0.0,0.0,0.5833333333333334,3.6666666666666665,0.0,12.833333333333334
576,KR,2020,102880.45893911,0,0.0,0.0,0.0,0.0,0.0,0.0,0.0,0.0,0.0,0.0,0.0,0.0,1.0,7.416666666666667,0.0,13.5
577,KR,2021,110148.077363916,0,0.0,0.0,0.0,0.0,0.0,0.0,0.0,0.0,0.0,0.0,0.0,0.0,0.6666666666666666,5.333333333333333,0.0,12.5
578,LU,2000,653.639328281725,0,,,,,,,,,,,,,,,,
579,LU,2003,731.878471089329,0,,,,,,,,,,,,,,,,
580,LU,2004,746.257595391472,0,,,,,,,,,,,,,,,,
581,LU,2005,750.603503942845,0,,,,,,,,,,,,,,,,
582,LU,2006,841.778385083984,0,,,,,,,,,,,,,,,,
583,LU,2007,867.341006631681,0,,,,,,,,,,,,,,,,
584,LU,2008,850.969935704225,0,,,,,,,,,,,,,,,,
585,LU,2009,845.642317194713,0,,,,,,,,,,,,,,,,
586,LU,2010,786.479552403766,0,,,,,,,,,,,,,,,,
587,LU,2011,795.13817115929,0,,,,,,,,,,,,,,,,
588,LU,2012,684.629473055437,0,,,,,,,,,,,,,,,,
589,LU,2013,722.248869587388,0,,,,,,,,,,,,,,,,
590,LU,2014,731.09708391776,0,,,,,,,,,,,,,,,,
591,LU,2015,769.351921645869,0,,,,,,,,,,,,,,,,
592,LU,2016,817.096767297365,0,,,,,,,,,,,,,,,,
593,LU,2017,809.615525134316,0,,,,,,,,,,,,,,,,
594,LU,2018,775.052874535363,0,,,,,,,,,,,,,,,,
595,LU,2019,800.526755803187,0,,,,,,,,,,,,,,,,
596,LU,2020,713.019988316994,0,,,,,,,,,,,,,,,,
597,LU,2021,721.71822210093,0,,,,,,,,,,,,,,,,
598,MX,1993,2323.37664479847,0,,,,,,,,,,,,,,,,
599,MX,1994,3219.5474976491,0,,,,,,,,,,,,,,,,
600,MX,1995,3172.20477916917,0,,,,,,,,,,,,,,,,
601,MX,1996,3450.70112582019,0,,,,,,,,,,,,,,,,
602,MX,1997,4062.46143065415,0,,,,,,,,,,,,,,,,
603,MX,1998,4670.71046191735,0,,,,,,,,,,,,,,,,
604,MX,1999,5469.12207586054,0,,,,,,,,,,,,,,,,
605,MX,2000,5106.18939454086,0,,,,,,,,,,,,,,,,
606,MX,2001,5385.3055379243,0,,,,,,,,,,,,,,,,
607,MX,2002,5883.25480735052,0,,,,,,,,,,,,,,,,
608,MX,2003,6622.68619628297,0,,,,,,,,,,,,,,,,
609,MX,2004,6795.21645487148,0,,,,,,,,,,,,,,,,
610,MX,2005,7136.07703677821,0,,,,,,,,,,,,,,,,
611,MX,2006,6909.96685129825,0,,,,,,,,,,,,,,,,
612,MX,2007,7625.71236965912,0,,,,,,,,,,,,,,,,
613,MX,2008,8594.63523372432,0,,,,,,,,,,,,,,,,
614,MX,2009,8794.49123714754,0,,,,,,,,,,,,,,,,
615,MX,2010,9539.74776392852,0,,,,,,,,,,,,,,,,
616,MX,2011,9418.41703070957,0,,,,,,,,,,,,,,,,
617,MX,2012,8719.00374748822,0,,,,,,,,,,,,,,,,
618,MX,2013,8922.45802852889,0,,,,,,,,,,,,,,,,
619,MX,2014,9398.5249946441,0,,,,,,,,,,,,,,,,
620,MX,2015,9577.03685383008,0,,,,,,,,,,,,,,,,
621,MX,2016,8875.62936028154,0,,,,,,,,,,,,,,,,
622,MX,2017,7673.48770386878,0,,,,,,,,,,,,,,,,
623,MX,2018,7335.3789307757,0,,,,,,,,,,,,,,,,
624,MX,2019,6768.36600362221,0,,,,,,,,,,,,,,,,
625,MX,2020,6500.74682091519,0,,,,,,,,,,,,,,,,
626,NL,1981,6680.61268402729,0,,,,,,,,,,,,,,,,
627,NL,1982,7001.51606063539,0,,,,,,,,,,,,,,,,
628,NL,1983,7299.03290937625,0,,,,,,,,,,,,,,,,
629,NL,1984,7276.21432378411,0,,,,,,,,,,,,,,,,
630,NL,1985,8036.92044625768,0,,,,,,,,,,,,,,,,
631,NL,1986,8739.61009594354,0,,,,,,,,,,,,,,,,
632,NL,1987,9301.86423280162,0,,,,,,,,,,,,,,,,
633,NL,1988,9339.27310777538,0,,,,,,,,,,,,,,,,
634,NL,1989,9314.79978604892,0,,,,,,,,,,,,,,,,
635,NL,1990,9917.2230046547,0,,,,,,,,,,,,,,,,
636,NL,1991,9623.49419120728,0,,,,,,,,,,,,,,,,
637,NL,1992,9449.1413181794,0,,,,,,,,,,,,,,,,
638,NL,1993,9683.86711443755,0,,,,,,,,,,,,,,,,
639,NL,1994,10171.6368415784,0,,,,,,,,,,,,,,,,
640,NL,1995,10565.2944199061,0,,,,,,,,,,,,,,,,
641,NL,1996,11044.2422999383,0,,,,,,,,,,,,,,,,
642,NL,1997,11546.4197873637,0,,,,,,,,,,,,,,,,
643,NL,1998,11412.0919467733,0,,,,,,,,,,,,,,,,
644,NL,1999,12542.267060926,0,,,,,,,,,,,,,,,,
645,NL,2000,12831.6996430485,0,,,,,,,,,,,,,,,,
646,NL,2001,13176.4417012774,0,,,,,,,,,,,,,,,,
647,NL,2002,12832.6431250082,0,,,,,,,,,,,,,,,,
648,NL,2003,13135.8616642669,0,,,,,,,,,,,,,,,,
649,NL,2004,13435.0310515775,0,,,,,,,,,,,,,,,,
650,NL,2005,13594.5798502639,0,,,,,,,,,,,,,,,,
651,NL,2006,13801.7466969648,0,,,,,,,,,,,,,,,,
652,NL,2007,13743.4785290712,0,,,,,,,,,,,,,,,,
653,NL,2008,13641.4853833355,0,,,,,,,,,,,,,,,,
654,NL,2009,13489.6130626431,0,,,,,,,,,,,,,,,,
655,NL,2010,13985.3957929031,0,,,,,,,,,,,,,,,,
656,NL,2011,15679.8366272969,0,,,,,,,,,,,,,,,,
657,NL,2012,15806.6429515263,0,,,,,,,,,,,,,,,,
658,NL,2013,17761.4279046715,0,,,,,,,,,,,,,,,,
659,NL,2014,18158.2422344335,0,,,,,,,,,,,,,,,,
660,NL,2015,18281.9743951097,0,,,,,,,,,,,,,,,,
661,NL,2016,18724.0171214824,0,,,,,,,,,,,,,,,,
662,NL,2017,19517.701300515,0,,,,,,,,,,,,,,,,
663,NL,2018,19613.781376538,0,,,,,,,,,,,,,,,,
664,NL,2019,20423.3094367921,0,,,,,,,,,,,,,,,,
665,NL,2020,20864.9846309582,0,,,,,,,,,,,,,,,,
666,NL,2021,21256.0797310043,0,,,,,,,,,,,,,,,,
667,NZ,1981,722.712590347264,0,,,,,,,,,,,,,,,,
668,NZ,1983,673.756877827732,0,,,,,,,,,,,,,,,,
669,NZ,1989,693.792374604501,0,,,,,,,,,,,,,,,,
670,NZ,1990,797.927564244771,0,,,,,,,,,,,,,,,,
671,NZ,1991,776.066374818852,0,,,,,,,,,,,,,,,,
672,NZ,1992,806.502985043938,0,,,,,,,,,,,,,,,,
673,NZ,1993,869.343114897224,0,,,,,,,,,,,,,,,,
674,NZ,1995,905.157069393142,0,,,,,,,,,,,,,,,,
675,NZ,1997,1102.98215979709,0,,,,,,,,,,,,,,,,
676,NZ,1999,1070.6449314996,0,,,,,,,,,,,,,,,,
677,NZ,2001,1300.03488156699,0,,,,,,,,,,,,,,,,
678,NZ,2003,1490.57815616548,0,,,,,,,,,,,,,,,,
679,NZ,2005,1548.2709082186,0,,,,,,,,,,,,,,,,
680,NZ,2007,1700.20755429534,0,,,,,,,,,,,,,,,,
681,NZ,2009,1845.94721883123,0,,,,,,,,,,,,,,,,
682,NZ,2011,1881.48605105442,0,,,,,,,,,,,,,,,,
683,NZ,2013,1843.46751294866,0,,,,,,,,,,,,,,,,
684,NZ,2015,2121.76558428145,0,,,,,,,,,,,,,,,,
685,NZ,2017,2525.67257377794,0,,,,,,,,,,,,,,,,
686,NZ,2019,2801.22078171968,0,,,,,,,,,,,,,,,,
687,NO,1981,1496.29683102066,0,,,,,,,,,,,,,,,,
688,NO,1982,1585.76686936241,0,,,,,,,,,,,,,,,,
689,NO,1983,1686.86862107943,0,,,,,,,,,,,,,,,,
690,NO,1984,1907.65757356215,0,,,,,,,,,,,,,,,,
691,NO,1985,2128.03381690795,0,,,,,,,,,,,,,,,,
692,NO,1987,2299.05637105914,0,,,,,,,,,,,,,,,,
693,NO,1989,2346.58651494847,0,,,,,,,,,,,,,,,,
694,NO,1991,2424.01775189738,0,,,,,,,,,,,,,,,,
695,NO,1993,2643.84872069985,0,,,,,,,,,,,,,,,,
696,NO,1995,2827.64980202316,0,,,,,,,,,,,,,,,,
697,NO,1997,3101.71917994307,0,,,,,,,,,,,,,,,,
698,NO,1999,3284.38938835714,0,,,,,,,,,,,,,,,,
699,NO,2001,3687.8617755986,0,,,,,,,,,,,,,,,,
700,NO,2002,3773.43138941697,0,,,,,,,,,,,,,,,,
701,NO,2003,3928.27250018281,0,,,,,,,,,,,,,,,,
702,NO,2004,3881.67173859871,0,,,,,,,,,,,,,,,,
703,NO,2005,4058.0810629294,0,,,,,,,,,,,,,,,,
704,NO,2006,4276.66635038878,0,,,,,,,,,,,,,,,,
705,NO,2007,4690.17102573108,0,,,,,,,,,,,,,,,,
706,NO,2008,4934.37731718601,0,,,,,,,,,,,,,,,,
707,NO,2009,4959.53094435817,0,,,,,,,,,,,,,,,,
708,NO,2010,4890.23841415611,0,,,,,,,,,,,,,,,,
709,NO,2011,5046.40713249906,0,,,,,,,,,,,,,,,,
710,NO,2012,5203.21121715082,0,,,,,,,,,,,,,,,,
711,NO,2013,5350.14734142127,0,,,,,,,,,,,,,,,,
712,NO,2014,5532.07950462601,0,,,,,,,,,,,,,,,,
713,NO,2015,6061.82754730519,0,,,,,,,,,,,,,,,,
714,NO,2016,6253.07631437807,0,,,,,,,,,,,,,,,,
715,NO,2017,6677.53574995127,0,,,,,,,,,,,,,,,,
716,NO,2018,6801.20344447878,0,,,,,,,,,,,,,,,,
717,NO,2019,6990.02849114199,0,,,,,,,,,,,,,,,,
718,NO,2020,6826.56114662521,0,,,,,,,,,,,,,,,,
719,NO,2021,7009.05383934986,0,,,,,,,,,,,,,,,,
720,PL,1990,3579.14864645427,0,,,,,,,,,,,,,,,,
721,PL,1991,2797.51590931706,0,,,,,,,,,,,,,,,,
722,PL,1992,2949.01441346154,0,,,,,,,,,,,,,,,,
723,PL,1993,3057.75935652902,0,,,,,,,,,,,,,,,,
724,PL,1994,2961.09658446971,0,,,,,,,,,,,,,,,,
725,PL,1995,2867.38140500448,0,,,,,,,,,,,,,,,,
726,PL,1996,3147.44451958543,0,,,,,,,,,,,,,,,,
727,PL,1997,3370.26938009449,0,,,,,,,,,,,,,,,,
728,PL,1998,3617.44054796405,0,,,,,,,,,,,,,,,,
729,PL,1999,3905.42832947104,0,,,,,,,,,,,,,,,,
730,PL,2000,3844.90759417963,0,,,,,,,,,,,,,,,,
731,PL,2001,3776.70670994177,0,,,,,,,,,,,,,,,,
732,PL,2002,3451.63079108613,0,,,,,,,,,,,,,,,,
733,PL,2003,3452.46975819775,0,,,,,,,,,,,,,,,,
734,PL,2004,3721.740816025,0,,,,,,,,,,,,,,,,
735,PL,2005,3923.95028681712,0,,,,,,,,,,,,,,,,
736,PL,2006,4077.52805162536,0,,,,,,,,,,,,,,,,
737,PL,2007,4451.90686376708,0,,,,,,,,,,,,,,,,
738,PL,2008,4948.49731864093,0,,,,,,,,,,,,,,,,
739,PL,2009,5611.75450672743,0,,,,,,,,,,,,,,,,
740,PL,2010,6345.53808035739,0,,,,,,,,,,,,,,,,
741,PL,2011,6904.38043870345,0,,,,,,,,,,,,,,,,
742,PL,2012,8295.041315744,0,,,,,,,,,,,,,,,,
743,PL,2013,8317.74571031758,0,,,,,,,,,,,,,,,,
744,PL,2014,9280.48848963077,0,,,,,,,,,,,,,,,,
745,PL,2015,10232.0166122894,0,,,,,,,,,,,,,,,,
746,PL,2016,10156.471254968,0,,,,,,,,,,,,,,,,
747,PL,2017,11446.5712056079,0,,,,,,,,,,,,,,,,
748,PL,2018,14093.017096598,0,,,,,,,,,,,,,,,,
749,PL,2019,16151.2015752871,0,,,,,,,,,,,,,,,,
750,PL,2020,16575.0774897665,0,,,,,,,,,,,,,,,,
751,PL,2021,18345.915175881,0,,,,,,,,,,,,,,,,
752,PT,1982,455.499285402587,0,,,,,,,,,,,,,,,,
753,PT,1983,498.738528422543,0,,,,,,,,,,,,,,,,
754,PT,1984,506.853477022879,0,,,,,,,,,,,,,,,,
755,PT,1985,573.954369929159,0,,,,,,,,,,,,,,,,
756,PT,1986,607.341044246083,0,,,,,,,,,,,,,,,,
757,PT,1987,691.072382410953,0,,,,,,,,,,,,,,,,
758,PT,1988,747.086735607316,0,,,,,,,,,,,,,,,,
759,PT,1989,925.994334619893,0,,,,,,,,,,,,,,,,
760,PT,1990,1039.35672214318,0,,,,,,,,,,,,,,,,
761,PT,1991,1201.47847865613,0,,,,,,,,,,,,,,,,
762,PT,1992,1308.99855949906,0,,,,,,,,,,,,,,,,
763,PT,1993,1276.15952635671,0,,,,,,,,,,,,,,,,
764,PT,1994,1245.29019249443,0,,,,,,,,,,,,,,,,
765,PT,1995,1260.38900618297,0,,,,,,,,,,,,,,,,
766,PT,1996,1387.28309553822,0,,,,,,,,,,,,,,,,
767,PT,1997,1485.87966721681,0,,,,,,,,,,,,,,,,
768,PT,1998,1726.14972049562,0,,,,,,,,,,,,,,,,
769,PT,1999,1955.32994960031,0,,,,,,,,,,,,,,,,
770,PT,2000,2150.20062949788,0,,,,,,,,,,,,,,,,
771,PT,2001,2323.39961845335,0,,,,,,,,,,,,,,,,
772,PT,2002,2209.72842206077,0,,,,,,,,,,,,,,,,
773,PT,2003,2116.9373517094,0,,,,,,,,,,,,,,,,
774,PT,2004,2251.36750174393,0,,,,,,,,,,,,,,,,
775,PT,2005,2356.85392724934,0,,,,,,,,,,,,,,,,
776,PT,2006,3017.79867502248,0,,,,,,,,,,,,,,,,
777,PT,2007,3643.40608291644,0,,,,,,,,,,,,,,,,
778,PT,2008,4692.78297570687,0,,,,,,,,,,,,,,,,
779,PT,2009,4976.73706475702,0,,,,,,,,,,,,,,,,
780,PT,2010,4919.91758443668,0,,,,,,,,,,,,,,,,
781,PT,2011,4591.12812203211,0,,,,,,,,,,,,,,,,
782,PT,2012,4166.66573046153,0,,,,,,,,,,,,,,,,
783,PT,2013,3966.7308843833,0,,,,,,,,,,,,,,,,
784,PT,2014,3893.24323868882,0,,,,,,,,,,,,,,,,
785,PT,2015,3819.78435318255,0,,,,,,,,,,,,,,,,
786,PT,2016,4014.3099163678,0,,,,,,,,,,,,,,,,
787,PT,2017,4280.08032024468,0,,,,,,,,,,,,,,,,
788,PT,2018,4503.03916657353,0,,,,,,,,,,,,,,,,
789,PT,2019,4781.68782642758,0,,,,,,,,,,,,,,,,
790,PT,2020,5070.62351480072,0,,,,,,,,,,,,,,,,
791,PT,2021,5502.7273059383,0,,,,,,,,,,,,,,,,
792,SK,1992,1117.68195426604,0,,,,,,,,,,,,,,,,
793,SK,1993,878.929688296139,0,,,,,,,,,,,,,,,,
794,SK,1994,612.046556069271,0,,,,,,,,,,,,,,,,
795,SK,1995,669.14588576241,0,,,,,,,,,,,,,,,,
796,SK,1996,703.342666505024,0,,,,,,,,,,,,,,,,
797,SK,1997,880.233048937722,0,,,,,,,,,,,,,,,,
798,SK,1998,667.12565926451,0,,,,,,,,,,,,,,,,
799,SK,1999,561.363081875583,0,,,,,,,,,,,,,,,,
800,SK,2000,562.022543235565,0,,,,,,,,,,,,,,,,
801,SK,2001,568.11093814911,0,,,,,,,,,,,,,,,,
802,SK,2002,535.261693674811,0,,,,,,,,,,,,,,,,
803,SK,2003,563.00677695073,0,,,,,,,,,,,,,,,,
804,SK,2004,528.58043195925,0,,,,,,,,,,,,,,,,
805,SK,2005,555.288198463197,0,,,,,,,,,,,,,,,,
806,SK,2006,579.935176213855,0,,,,,,,,,,,,,,,,
807,SK,2007,605.638150933675,0,,,,,,,,,,,,,,,,
808,SK,2008,659.287819397951,0,,,,,,,,,,,,,,,,
809,SK,2009,638.652007173381,0,,,,,,,,,,,,,,,,
810,SK,2010,872.972507556671,0,,,,,,,,,,,,,,,,
811,SK,2011,965.948350389495,0,,,,,,,,,,,,,,,,
812,SK,2012,1191.74688999904,0,,,,,,,,,,,,,,,,
813,SK,2013,1237.67776205264,0,,,,,,,,,,,,,,,,
814,SK,2014,1359.34232158408,0,,,,,,,,,,,,,,,,
815,SK,2015,1886.43078475233,0,,,,,,,,,,,,,,,,
816,SK,2016,1310.42009264012,0,,,,,,,,,,,,,,,,
817,SK,2017,1513.1142595951,0,,,,,,,,,,,,,,,,
818,SK,2018,1486.8837689918,0,,,,,,,,,,,,,,,,
819,SK,2019,1500.23596825147,0,,,,,,,,,,,,,,,,
820,SK,2020,1583.13108425898,0,,,,,,,,,,,,,,,,
821,SK,2021,1692.66000767334,0,,,,,,,,,,,,,,,,
822,ES,1981,2907.26276698501,0,,,,,,,,,,,,,,,,
823,ES,1982,3374.77555109782,0,,,,,,,,,,,,,,,,
824,ES,1983,3382.72104872733,0,,,,,,,,,,,,,,,,
825,ES,1984,3576.49951414094,0,,,,,,,,,,,,,,,,
826,ES,1985,4053.93336843831,0,,,,,,,,,,,,,,,,
827,ES,1986,4652.60167165001,0,,,,,,,,,,,,,,,,
828,ES,1987,5120.97476355574,0,,,,,,,,,,,,,,,,
829,ES,1988,6033.14714545343,0,,,,,,,,,,,,,,,,
830,ES,1989,6656.92260777415,0,,,,,,,,,,,,,,,,
831,ES,1990,7783.73239948034,0,,,,,,,,,,,,,,,,
832,ES,1991,8194.16626427989,0,,,,,,,,,,,,,,,,
833,ES,1992,8648.7306112325,0,,,,,,,,,,,,,,,,
834,ES,1993,8541.24632980958,0,,,,,,,,,,,,,,,,
835,ES,1994,8085.80749953619,0,,,,,,,,,,,,,,,,
836,ES,1995,8303.61464955882,0,,,,,,,,,,,,,,,,
837,ES,1996,8709.84554823973,0,,,,,,,,,,,,,,,,
838,ES,1997,8920.77637158604,0,,,,,,,,,,,,,,,,
839,ES,1998,10153.5210321702,0,,,,,,,,,,,,,,,,
840,ES,1999,10490.6436253875,0,,,,,,,,,,,,,,,,
841,ES,2000,11623.2961350354,0,,,,,,,,,,,,,,,,
842,ES,2001,12156.6765015907,0,,,,,,,,,,,,,,,,
843,ES,2002,13492.1387206562,0,,,,,,,,,,,,,,,,
844,ES,2003,14821.3040144458,0,,,,,,,,,,,,,,,,
845,ES,2004,15540.2763408337,0,,,,,,,,,,,,,,,,
846,ES,2005,17015.8442844428,0,,,,,,,,,,,,,,,,
847,ES,2006,18961.8217309115,0,,,,,,,,,,,,,,,,
848,ES,2007,20705.3187821109,0,,,,,,,,,,,,,,,,
849,ES,2008,22311.3430432554,0,,,,,,,,,,,,,,,,
850,ES,2009,22097.8846150625,0,,,,,,,,,,,,,,,,
851,ES,2010,22074.2788781199,0,,,,,,,,,,,,,,,,
852,ES,2011,21466.9677046765,0,,,,,,,,,,,,,,,,
853,ES,2012,20290.5430282631,0,,,,,,,,,,,,,,,,
854,ES,2013,19636.9770059184,0,,,,,,,,,,,,,,,,
855,ES,2014,19392.0477215219,0,,,,,,,,,,,,,,,,
856,ES,2015,19815.2653142399,0,,,,,,,,,,,,,,,,
857,ES,2016,19883.6032038743,0,,,,,,,,,,,,,,,,
858,ES,2017,20817.9129732408,0,,,,,,,,,,,,,,,,
859,ES,2018,21852.1675113243,0,,,,,,,,,,,,,,,,
860,ES,2019,22442.6013509614,0,,,,,,,,,,,,,,,,
861,ES,2020,22449.9405923208,0,,,,,,,,,,,,,,,,
862,ES,2021,24006.5095293373,0,,,,,,,,,,,,,,,,
863,SE,1981,4622.67839423537,0,,,,,,,,,,,,,,,,
864,SE,1983,5311.45342388509,0,,,,,,,,,,,,,,,,
865,SE,1985,6371.92547850577,0,,,,,,,,,,,,,,,,
866,SE,1987,6996.50666257631,0,,,,,,,,,,,,,,,,
867,SE,1989,7221.68092079594,0,,,,,,,,,,,,,,,,
868,SE,1991,7016.20040855809,0,,,,,,,,,,,,,,,,
869,SE,1993,7974.93153541218,0,,,,,,,,,,,,,,,,
870,SE,1995,9018.42396142506,0,,,,,,,,,,,,,,,,
871,SE,1997,9986.65339841478,0,,,,,,,,,,,,,,,,
872,SE,1999,11215.8601010866,0,,,,,,,,,,,,,,,,
873,SE,2001,13657.0180982747,0,,,,,,,,,,,,,,,,
874,SE,2003,13194.505219023,0,,,,,,,,,,,,,,,,
875,SE,2004,12927.5752332636,0,,,,,,,,,,,,,,,,
876,SE,2005,13290.368739212,0,,,,,,,,,,,,,,,,
877,SE,2006,14387.959231698,0,,,,,,,,,,,,,,,,
878,SE,2007,13849.904012322,0,,,,,,,,,,,,,,,,
879,SE,2008,14794.4154782497,0,,,,,,,,,,,,,,,,
880,SE,2009,13847.6478810415,0,,,,,,,,,,,,,,,,
881,SE,2010,13689.2473071266,0,,,,,,,,,,,,,,,,
882,SE,2011,14211.9764761301,0,,,,,,,,,,,,,,,,
883,SE,2012,14320.0147117295,0,,,,,,,,,,,,,,,,
884,SE,2013,14625.4286061688,0,,,,,,,,,,,,,,,,
885,SE,2014,14283.8903056427,0,,,,,,,,,,,,,,,,
886,SE,2015,15489.0516780699,0,,,,,,,,,,,,,,,,
887,SE,2016,15948.8884185546,0,,,,,,,,,,,,,,,,
888,SE,2017,16939.8903134867,0,,,,,,,,,,,,,,,,
889,SE,2018,17055.9382430727,0,,,,,,,,,,,,,,,,
890,SE,2019,17743.1195005092,0,,,,,,,,,,,,,,,,
891,SE,2020,17880.8152564323,0,,,,,,,,,,,,,,,,
892,SE,2021,18089.4529417937,0,,,,,,,,,,,,,,,,
893,CH,1981,5727.26928740908,0,,,,,,,,,,,,,,,,
894,CH,1983,5731.21219095456,0,,,,,,,,,,,,,,,,
895,CH,1986,7914.65680733543,0,,,,,,,,,,,,,,,,
896,CH,1989,8606.32732329001,0,,,,,,,,,,,,,,,,
897,CH,1992,8380.53704204879,0,,,,,,,,,,,,,,,,
898,CH,1996,8806.11038069753,0,,,,,,,,,,,,,,,,
899,CH,2000,9341.04918810231,0,,,,,,,,,,,,,,,,
900,CH,2004,11214.8288997089,0,0.0,19.916666666666668,0.0,16.083333333333332,0.0,0.0,0.0,0.0,25.583333333333332,0.0,0.0,0.0,12.416666666666666,0.0,0.0,0.0
901,CH,2008,13032.2045849813,0,0.0,18.416666666666668,0.0,3.0833333333333335,0.0,0.0,0.0,0.0,7.916666666666667,0.0,0.0,0.0,3.9166666666666665,0.0,0.0,0.0
902,CH,2012,14673.1326896591,0,0.0,0.0,0.0,0.0,0.0,0.0,0.0,0.0,6.083333333333333,0.0,0.0,0.0,2.5833333333333335,0.0,0.0,0.0
903,CH,2015,16639.8934235238,0,0.0,0.0,0.0,0.0,0.0,0.0,0.0,0.0,10.166666666666666,0.0,0.0,0.0,4.25,0.0,0.0,0.0
904,CH,2017,17194.8756219555,0,0.0,0.0,0.0,0.0,0.0,0.0,0.0,0.0,3.25,0.0,0.0,0.0,0.75,0.0,0.0,0.0
905,CH,2019,18572.9256553376,0,0.0,0.0,0.0,0.0,0.0,0.0,0.0,0.0,0.0,0.0,0.0,0.0,0.0,0.0,0.0,0.0
906,TR,1990,1587.38015244778,0,,,,,,,,,,,,,,,,
907,TR,1991,2608.75149518152,0,,,,,,,,,,,,,,,,
908,TR,1992,2563.21580240825,0,,,,,,,,,,,,,,,,
909,TR,1993,2503.03340253496,0,,,,,,,,,,,,,,,,
910,TR,1994,1932.83902487078,0,,,,,,,,,,,,,,,,
911,TR,1995,2177.67746924119,0,,,,,,,,,,,,,,,,
912,TR,1996,2768.08942612564,0,,,,,,,,,,,,,,,,
913,TR,1997,3240.77883334448,0,,,,,,,,,,,,,,,,
914,TR,1998,3388.33914987511,0,,,,,,,,,,,,,,,,
915,TR,1999,4125.27551978546,0,,,,,,,,,,,,,,,,
916,TR,2000,4508.20944572153,0,,,,,,,,,,,,,,,,
917,TR,2001,4768.20511950919,0,,,,,,,,,,,,,,,,
918,TR,2002,4945.19219244045,0,,,,,,,,,,,,,,,,
919,TR,2003,4780.9313092103,0,,,,,,,,,,,,,,,,
920,TR,2004,5608.12821209703,0,,,,,,,,,,,,,,,,
921,TR,2005,6932.29507359296,0,,,,,,,,,,,,,,,,
922,TR,2006,7270.75927675512,0,,,,,,,,,,,,,,,,
923,TR,2007,9477.9991994667,0,,,,,,,,,,,,,,,,
924,TR,2008,9572.59514063233,0,,,,,,,,,,,,,,,,
925,TR,2009,10651.1916480673,0,,,,,,,,,,,,,,,,
926,TR,2010,11405.9584509487,0,,,,,,,,,,,,,,,,
927,TR,2011,12687.3462537886,0,,,,,,,,,,,,,,,,
928,TR,2012,13831.1018542741,0,,,,,,,,,,,,,,,,
929,TR,2013,14752.4069019149,0,,,,,,,,,,,,,,,,
930,TR,2014,16326.4088159672,0,,,,,,,,,,,,,,,,
931,TR,2015,17734.2713690851,0,,,,,,,,,,,,,,,,
932,TR,2016,19603.7625298427,0,,,,,,,,,,,,,,,,
933,TR,2017,21401.6124238262,0,,,,,,,,,,,,,,,,
934,TR,2018,23715.2151800374,0,,,,,,,,,,,,,,,,
935,TR,2019,24847.9951889066,0,,,,,,,,,,,,,,,,
936,TR,2020,25873.2466962374,0,,,,,,,,,,,,,,,,
937,TR,2021,29909.3208598174,0,,,,,,,,,,,,,,,,
938,GB,1981,28439.3241666681,0,,,,,,,,,,,,,,,,
939,GB,1983,27854.2399020722,0,,,,,,,,,,,,,,,,
940,GB,1985,30028.7693025079,0,,,,,,,,,,,,,,,,
941,GB,1986,31182.1396732186,0,,,,,,,,,,,,,,,,
942,GB,1987,31624.0792481414,0,,,,,,,,,,,,,,,,
943,GB,1988,32426.9494825486,0,,,,,,,,,,,,,,,,
944,GB,1989,33138.3850963272,0,,,,,,,,,,,,,,,,
945,GB,1990,33274.5650104412,0,,,,,,,,,,,,,,,,
946,GB,1991,31635.1471578259,0,,,,,,,,,,,,,,,,
947,GB,1992,31208.8801773749,0,,,,,,,,,,,,,,,,
948,GB,1993,32400.9123855556,0,,,,,,,,,,,,,,,,
949,GB,1994,33154.8872087713,0,,,,,,,,,,,,,,,,
950,GB,1995,30453.3065383808,0,,,,,,,,,,,,,,,,
951,GB,1996,29679.077205899,0,,,,,,,,,,,,,,,,
952,GB,1997,30296.1029669767,0,,,,,,,,,,,,,,,,
953,GB,1998,31457.7439044394,0,,,,,,,,,,,,,,,,
954,GB,1999,33973.1360855617,0,,,,,,,,,,,,,,,,
955,GB,2000,35096.8040821478,0,,,,,,,,,,,,,,,,
956,GB,2001,35576.0134437673,0,,,,,,,,,,,,,,,,
957,GB,2002,36594.8245792858,0,,,,,,,,,,,,,,,,
958,GB,2003,36940.1325863217,0,,,,,,,,,,,,,,,,
959,GB,2004,36618.3223716851,0,0.0,59.083333333333336,0.0,0.0,53.833333333333336,0.0,0.0,64.5,41.833333333333336,12.916666666666666,0.0,0.0,54.333333333333336,0.0,0.0,0.0
960,GB,2005,38064.000440388,0,0.0,47.083333333333336,0.0,0.0,48.833333333333336,0.0,0.0,58.75,30.833333333333332,22.083333333333332,0.0,0.0,33.916666666666664,0.0,22.333333333333332,0.0
961,GB,2006,39547.7994932316,0,0.0,40.75,0.0,0.0,46.083333333333336,0.0,0.0,56.083333333333336,27.083333333333332,6.583333333333333,0.0,0.0,35.166666666666664,0.0,2.0833333333333335,0.0
962,GB,2007,41634.9134526211,0,0.0,34.583333333333336,0.0,0.0,43.583333333333336,0.0,0.0,52.25,27.416666666666668,12.25,0.0,0.0,24.916666666666668,0.0,15.833333333333334,0.0
963,GB,2008,41333.5111091595,0,0.0,31.166666666666668,0.0,0.0,48.0,0.0,0.0,44.333333333333336,27.166666666666668,8.833333333333334,0.0,0.0,26.583333333333332,0.0,2.9166666666666665,0.0
964,GB,2009,40910.8780317415,0,0.0,26.333333333333332,0.0,0.0,57.166666666666664,0.0,0.0,40.916666666666664,22.833333333333332,6.166666666666667,0.0,0.0,21.583333333333332,0.0,4.666666666666667,0.0
965,GB,2010,41109.925233634,0,6.916666666666667,27.583333333333332,26.666666666666668,0.0,59.916666666666664,28.0,0.0,38.5,12.583333333333334,5.25,0.0,0.0,22.25,13.916666666666666,7.0,8.583333333333334
966,GB,2011,41808.8575001648,0,30.25,29.416666666666668,65.0,0.0,52.25,61.083333333333336,0.0,40.416666666666664,0.0,2.9166666666666665,0.0,0.0,20.25,30.666666666666668,6.0,17.666666666666668
967,GB,2012,40638.2737912899,0,27.083333333333332,29.0,60.75,0.0,46.833333333333336,63.333333333333336,0.0,38.25,0.0,4.25,0.0,0.0,21.0,37.833333333333336,9.75,32.833333333333336
968,GB,2013,42527.477370353,0,25.833333333333332,27.0,58.416666666666664,0.0,53.583333333333336,67.0,0.0,35.833333333333336,0.0,2.6666666666666665,0.0,0.0,19.083333333333332,47.5,4.583333333333333,46.5
969,GB,2014,61344.6297023717,0,46.0,27.833333333333332,62.0,0.0,45.583333333333336,67.66666666666667,0.0,36.5,0.0,3.0,0.0,0.0,22.416666666666668,48.916666666666664,5.5,54.583333333333336
970,GB,2015,62972.8145001246,0,48.416666666666664,30.083333333333332,62.166666666666664,0.0,39.416666666666664,68.5,0.0,35.666666666666664,0.0,4.166666666666667,0.0,0.0,22.5,61.583333333333336,5.666666666666667,63.5
971,GB,2016,65503.087410017,0,43.333333333333336,27.916666666666668,59.083333333333336,0.0,33.583333333333336,72.0,0.0,32.666666666666664,0.0,2.8333333333333335,0.0,0.0,23.583333333333332,60.083333333333336,8.083333333333334,64.33333333333333
972,GB,2017,67444.899012621,0,47.25,25.833333333333332,67.41666666666667,42.666666666666664,6.583333333333333,13.583333333333334,0.0,34.5,20.416666666666668,4.416666666666667,0.0,0.0,4.083333333333333,12.75,8.666666666666666,15.083333333333334
973,GB,2018,79862.7681757809,0,40.5,24.25,56.833333333333336,49.75,0.0,0.0,0.0,32.333333333333336,26.25,4.166666666666667,0.0,0.0,0.0,0.0,10.166666666666666,0.0
974,GB,2019,79964.0452804804,0,38.75,25.583333333333332,51.5,49.5,0.0,0.0,0.0,30.833333333333332,24.333333333333332,3.0,0.0,0.0,0.0,0.0,14.25,0.0
975,GB,2020,78153.305627187,0,34.083333333333336,26.083333333333332,47.416666666666664,46.666666666666664,0.0,0.0,0.0,20.333333333333332,26.75,3.75,0.0,0.0,0.0,0.0,12.583333333333334,0.0
976,US,1981,164699.647647806,0,,,,,,,,,,,,,,,,
977,US,1982,173060.590568833,0,,,,,,,,,,,,,,,,
978,US,1983,185490.285296204,0,,,,,,,,,,,,,,,,
979,US,1984,203728.551629044,0,,,,,,,,,,,,,,,,
980,US,1985,221181.472683988,0,,,,,,,,,,,,,,,,
981,US,1986,226869.299609602,0,,,,,,,,,,,,,,,,
982,US,1987,232603.741889876,0,,,,,,,,,,,,,,,,
983,US,1988,238047.413942452,0,,,,,,,,,,,,,,,,
984,US,1989,242764.821026087,0,,,,,,,,,,,,,,,,
985,US,1990,250727.884433426,0,,,,,,,,,,,,,,,,
986,US,1991,256847.801086555,0,,,,,,,,,,,,,,,,
987,US,1992,258044.435658436,0,,,,,,,,,,,,,,,,
988,US,1993,252548.323706418,0,,,,,,,,,,,,,,,,
989,US,1994,252429.163092446,0,,,,,,,,,,,,,,,,
990,US,1995,268329.307871995,0,,,,,,,,,,,,,,,,
991,US,1996,283137.997555169,0,,,,,,,,,,,,,,,,
992,US,1997,298989.7509032,0,,,,,,,,,,,,,,,,
993,US,1998,314793.587524628,0,,,,,,,,,,,,,,,,
994,US,1999,336151.173363005,0,,,,,,,,,,,,,,,,
995,US,2000,360339.976906899,0,,,,,,,,,,,,,,,,
996,US,2001,366182.735541487,0,,,,,,,,,,,,,,,,
997,US,2002,359727.419367353,0,,,,,,,,,,,,,,,,
998,US,2003,370177.911141041,0,,,,,,,,,,,,,,,,
999,US,2004,374897.027723975,0,14.083333333333334,80.41666666666667,0.0,24.583333333333332,48.333333333333336,72.5,0.0,79.5,77.25,45.583333333333336,17.583333333333332,0.0,83.91666666666667,35.666666666666664,0.0,0.0
1000,US,2005,390306.490304401,0,14.416666666666666,68.5,0.0,23.083333333333332,41.0,62.333333333333336,0.0,68.5,74.0,20.833333333333332,19.0,25.25,66.33333333333333,13.333333333333334,0.0,0.0
1001,US,2006,408147.132274462,0,5.916666666666667,57.75,0.0,17.916666666666668,32.083333333333336,48.416666666666664,0.0,61.5,70.58333333333333,18.75,16.083333333333332,21.25,53.416666666666664,19.083333333333332,0.0,0.0
1002,US,2007,427754.703565342,0,9.0,53.333333333333336,0.0,14.916666666666666,27.833333333333332,41.75,0.0,59.25,62.5,17.666666666666668,20.333333333333332,20.916666666666668,48.666666666666664,16.5,0.0,0.0
1003,US,2008,449510.448782337,0,5.25,48.583333333333336,0.0,15.5,33.25,36.833333333333336,0.0,53.333333333333336,59.583333333333336,16.833333333333332,15.75,4.5,44.916666666666664,19.25,0.0,0.0
1004,US,2009,445321.200828342,0,3.8333333333333335,44.916666666666664,0.0,23.166666666666668,47.0,38.333333333333336,0.0,48.583333333333336,55.916666666666664,15.583333333333334,24.916666666666668,9.416666666666666,47.083333333333336,16.0,0.0,0.0
1005,US,2010,444708.58189046,0,8.666666666666666,42.0,26.166666666666668,23.333333333333332,22.583333333333332,30.333333333333332,0.0,47.5,49.0,13.583333333333334,23.666666666666668,5.833333333333333,37.333333333333336,24.75,0.0,12.833333333333334
1006,US,2011,455525.672908788,0,4.75,39.916666666666664,65.75,25.5,15.25,26.916666666666668,18.416666666666668,45.5,48.333333333333336,9.5,24.666666666666668,2.4166666666666665,33.416666666666664,20.416666666666668,0.0,38.25
1007,US,2012,454820.406678898,0,6.333333333333333,37.0,63.75,24.083333333333332,12.166666666666666,25.583333333333332,10.75,42.666666666666664,43.666666666666664,10.75,25.833333333333332,3.0,31.333333333333332,21.333333333333332,0.0,50.5
1008,US,2013,468277.22417165,0,2.0,37.083333333333336,65.16666666666667,23.25,9.0,24.166666666666668,14.5,40.833333333333336,40.666666666666664,9.5,24.416666666666668,5.083333333333333,30.25,18.75,0.0,58.0
1009,US,2014,481775.482622067,0,5.083333333333333,38.75,67.0,27.083333333333332,7.583333333333333,24.25,14.5,40.583333333333336,39.25,10.083333333333334,25.666666666666668,6.333333333333333,31.25,21.416666666666668,0.0,73.75
1010,US,2015,507401.0,0,4.416666666666667,39.583333333333336,67.5,32.5,6.666666666666667,23.5,13.75,40.416666666666664,35.083333333333336,9.333333333333334,26.833333333333332,2.8333333333333335,28.5,25.166666666666668,0.0,82.08333333333333
1011,US,2016,528171.700903057,0,3.9166666666666665,40.5,71.33333333333333,31.583333333333332,6.5,22.666666666666668,12.916666666666666,35.916666666666664,34.0,7.833333333333333,27.583333333333332,5.583333333333333,26.666666666666668,23.25,0.0,75.33333333333333
1012,US,2017,549630.96952664,0,0.8333333333333334,43.0,83.91666666666667,35.833333333333336,5.916666666666667,4.166666666666667,10.0,5.416666666666667,33.0,9.75,32.666666666666664,5.083333333333333,26.416666666666668,31.416666666666668,30.666666666666668,12.416666666666666
1013,US,2018,586427.345752008,0,0.0,40.583333333333336,71.75,34.083333333333336,5.25,0.0,8.083333333333334,0.0,29.166666666666668,7.166666666666667,34.5,7.75,24.583333333333332,29.333333333333332,39.833333333333336,0.0
1014,US,2019,631845.452979094,0,0.0,39.5,64.08333333333333,31.083333333333332,4.666666666666667,0.0,4.5,0.0,27.583333333333332,7.333333333333333,30.583333333333332,9.25,23.083333333333332,31.166666666666668,43.25,0.0
1015,US,2020,671963.268047983,0,0.0,40.333333333333336,63.666666666666664,31.166666666666668,6.166666666666667,0.0,10.25,0.0,24.75,6.833333333333333,28.0,10.166666666666666,20.083333333333332,42.0,36.666666666666664,0.0
1016,US,2021,709712.900312341,0,0.0,38.583333333333336,64.66666666666667,29.916666666666668,6.916666666666667,0.0,4.833333333333333,0.0,25.833333333333332,7.416666666666667,24.416666666666668,6.416666666666667,16.5,33.583333333333336,37.333333333333336,0.0
1017,AR,1996,2001.77794808263,0,,,,,,,,,,,,,,,,
1018,AR,1997,2175.01363148578,0,,,,,,,,,,,,,,,,
1019,AR,1998,2214.00573485541,0,,,,,,,,,,,,,,,,
1020,AR,1999,2357.78286669261,0,,,,,,,,,,,,,,,,
1021,AR,2000,2264.21634873921,0,,,,,,,,,,,,,,,,
1022,AR,2001,2094.19963128284,0,,,,,,,,,,,,,,,,
1023,AR,2002,1708.94850196347,0,,,,,,,,,,,,,,,,
1024,AR,2003,1963.81383251808,0,,,,,,,,,,,,,,,,
1025,AR,2004,2354.21951513366,0,,,,,,,,,,,,,,,,
1026,AR,2005,2670.40964496873,0,,,,,,,,,,,,,,,,
1027,AR,2006,3100.70202905796,0,,,,,,,,,,,,,,,,
1028,AR,2007,3439.13578043313,0,,,,,,,,,,,,,,,,
1029,AR,2008,3660.18071723077,0,,,,,,,,,,,,,,,,
1030,AR,2009,4296.17830951125,0,,,,,,,,,,,,,,,,
1031,AR,2010,4545.80549334259,0,,,,,,,,,,,,,,,,
1032,AR,2011,4863.90999628769,0,,,,,,,,,,,,,,,,
1033,AR,2012,5401.97404290822,0,,,,,,,,,,,,,,,,
1034,AR,2013,5388.67565695323,0,,,,,,,,,,,,,,,,
1035,AR,2014,5001.3623556269,0,,,,,,,,,,,,,,,,
1036,AR,2015,5363.84361835373,0,,,,,,,,,,,,,,,,
1037,AR,2016,4502.05468205812,0,,,,,,,,,,,,,,,,
1038,AR,2017,4857.0170289137,0,,,,,,,,,,,,,,,,
1039,AR,2018,4203.05995118907,0,,,,,,,,,,,,,,,,
1040,AR,2019,3938.26506526534,0,,,,,,,,,,,,,,,,
1041,AR,2020,3901.14027998551,0,,,,,,,,,,,,,,,,
1042,CL,2007,959.669728078577,0,,,,,,,,,,,,,,,,
1043,CL,2008,1199.07533480816,0,,,,,,,,,,,,,,,,
1044,CL,2009,1119.60925084642,0,,,,,,,,,,,,,,,,
1045,CL,2010,1110.20971463234,0,,,,,,,,,,,,,,,,
1046,CL,2011,1254.80216454745,0,,,,,,,,,,,,,,,,
1047,CL,2012,1366.96822085355,0,,,,,,,,,,,,,,,,
1048,CL,2013,1522.0586421751,0,,,,,,,,,,,,,,,,
1049,CL,2014,1495.24850295746,0,,,,,,,,,,,,,,,,
1050,CL,2015,1552.90304659382,0,,,,,,,,,,,,,,,,
1051,CL,2016,1530.91685553661,0,,,,,,,,,,,,,,,,
1052,CL,2017,1492.12775171521,0,,,,,,,,,,,,,,,,
1053,CL,2018,1605.4810753741,0,,,,,,,,,,,,,,,,
1054,CL,2019,1498.52129484345,0,,,,,,,,,,,,,,,,
1055,CL,2020,1387.68803413592,0,,,,,,,,,,,,,,,,
1056,CN,1991,13087.1486518403,0,,,,,,,,,,,,,,,,
1057,CN,1992,15022.3097438591,0,,,,,,,,,,,,,,,,
1058,CN,1993,16333.3653242292,0,,,,,,,,,,,,,,,,
1059,CN,1994,16721.9380607053,0,,,,,,,,,,,,,,,,
1060,CN,1995,16749.6872444463,0,,,,,,,,,,,,,,,,
1061,CN,1996,18242.6612137767,0,,,,,,,,,,,,,,,,
1062,CN,1997,22598.5244001153,0,,,,,,,,,,,,,,,,
1063,CN,1998,24683.112845989,0,,,,,,,,,,,,,,,,
1064,CN,1999,30794.9641786549,0,,,,,,,,,,,,,,,,
1065,CN,2000,39806.306926472,0,,,,,,,,,,,,,,,,
1066,CN,2001,45401.8575709753,0,,,,,,,,,,,,,,,,
1067,CN,2002,55741.6526605798,0,,,,,,,,,,,,,,,,
1068,CN,2003,64961.2710026621,0,,,,,,,,,,,,,,,,
1069,CN,2004,77572.1020211667,0,0.0,0.0,2.9166666666666665,0.0,0.0,0.0,0.0,0.0,0.0,0.0,0.0,0.0,0.0,0.0,0.0,0.0
1070,CN,2005,93020.6500898596,0,0.0,0.0,1.4166666666666667,0.0,0.0,0.0,0.0,0.0,0.0,0.0,0.0,0.0,0.0,0.0,0.0,0.0
1071,CN,2006,109713.720660448,0,0.0,0.0,4.25,0.0,0.0,0.0,0.0,0.0,0.0,0.0,0.0,0.0,0.0,0.0,0.0,0.0
1072,CN,2007,125799.195568337,0,0.0,0.0,2.5833333333333335,0.0,0.0,0.0,0.0,0.0,0.0,0.0,0.0,0.0,0.0,0.0,0.0,0.0
1073,CN,2008,145192.227958098,0,0.0,0.0,2.5,0.0,0.0,0.0,0.0,0.0,0.0,0.0,0.0,0.0,0.0,0.0,0.0,0.0
1074,CN,2009,182882.556513278,0,0.0,0.0,1.5,0.0,0.0,0.0,0.0,0.0,0.0,0.0,0.0,0.0,0.0,0.0,0.0,0.0
1075,CN,2010,208279.97835215,0,0.0,1.5,1.1666666666666667,0.0,0.0,0.0,0.0,0.0,0.0,0.0,0.0,0.0,0.0,0.0,0.0,0.0
1076,CN,2011,237042.71983421,0,0.0,3.6666666666666665,0.0,0.0,0.0,0.0,0.0,0.0,0.0,0.0,0.0,0.0,0.0,0.0,0.0,0.0
1077,CN,2012,274611.197590113,0,0.0,3.6666666666666665,0.0,0.0,0.0,0.0,0.0,0.0,0.0,0.0,0.0,0.0,0.0,0.0,0.0,0.0
1078,CN,2013,309205.058612812,0,0.0,7.75,0.0,0.0,0.0,0.0,0.0,0.0,0.0,0.0,0.0,0.0,0.0,0.0,0.0,0.0
1079,CN,2014,336250.720890688,0,0.0,9.583333333333334,0.0,0.0,0.0,0.0,0.0,0.0,0.0,0.0,0.0,0.0,0.0,0.0,0.0,0.0
1080,CN,2015,366080.932147093,0,0.0,27.75,0.0,0.0,0.0,0.0,0.0,0.0,0.0,0.0,0.0,0.0,0.0,0.0,0.0,0.0
1081,CN,2016,399390.155103394,0,0.0,19.583333333333332,0.0,0.0,0.0,0.0,0.0,0.0,0.0,0.0,0.0,0.0,0.0,0.0,0.0,0.0
1082,CN,2017,430329.703329414,0,0.0,21.25,24.416666666666668,9.083333333333334,0.0,0.0,0.0,0.0,0.0,0.0,0.0,0.0,0.0,0.0,0.0,0.0
1083,CN,2018,464705.238693159,0,0.0,17.333333333333332,12.25,10.583333333333334,0.0,0.0,0.0,0.0,0.0,0.0,0.0,0.0,0.0,0.0,0.0,0.0
1084,EE,1998,120.23901972491,0,,,,,,,,,,,,,,,,
1085,EE,1999,143.475454558726,0,,,,,,,,,,,,,,,,
1086,EE,2000,139.971101878742,0,,,,,,,,,,,,,,,,
1087,EE,2001,172.701366035913,0,,,,,,,,,,,,,,,,
1088,EE,2002,187.890439929366,0,,,,,,,,,,,,,,,,
1089,EE,2003,217.236744791565,0,,,,,,,,,,,,,,,,
1090,EE,2004,256.65260155162,0,,,,,,,,,,,,,,,,
1091,EE,2005,304.766251251435,0,,,,,,,,,,,,,,,,
1092,EE,2006,405.928874112807,0,,,,,,,,,,,,,,,,
1093,EE,2007,415.49141175245,0,,,,,,,,,,,,,,,,
1094,EE,2008,466.074523525215,0,,,,,,,,,,,,,,,,
1095,EE,2009,443.950674968103,0,,,,,,,,,,,,,,,,
1096,EE,2010,514.122724962382,0,,,,,,,,,,,,,,,,
1097,EE,2011,805.101973849207,0,,,,,,,,,,,,,,,,
1098,EE,2012,766.049900727009,0,,,,,,,,,,,,,,,,
1099,EE,2013,630.657296498097,0,,,,,,,,,,,,,,,,
1100,EE,2014,538.911390225889,0,,,,,,,,,,,,,,,,
1101,EE,2015,563.302476528217,0,,,,,,,,,,,,,,,,
1102,EE,2016,492.119362196099,0,,,,,,,,,,,,,,,,
1103,EE,2017,534.775194048519,0,,,,,,,,,,,,,,,,
1104,EE,2018,612.881731854286,0,,,,,,,,,,,,,,,,
1105,EE,2019,735.6699327817,0,,,,,,,,,,,,,,,,
1106,EE,2020,785.188208834209,0,,,,,,,,,,,,,,,,
1107,EE,2021,848.704498880148,0,,,,,,,,,,,,,,,,
1108,IL,1991,2348.00057997381,0,,,,,,,,,,,,,,,,
1109,IL,1992,2595.42138410512,0,,,,,,,,,,,,,,,,
1110,IL,1993,2819.63850344095,0,,,,,,,,,,,,,,,,
1111,IL,1994,3094.75442420884,0,,,,,,,,,,,,,,,,
1112,IL,1995,3309.37212092473,0,,,,,,,,,,,,,,,,
1113,IL,1996,3745.88020679828,0,,,,,,,,,,,,,,,,
1114,IL,1997,4232.22624798819,0,,,,,,,,,,,,,,,,
1115,IL,1998,4584.95747041387,0,,,,,,,,,,,,,,,,
1116,IL,1999,5420.85774199745,0,,,,,,,,,,,,,,,,
1117,IL,2000,6989.46438310355,0,,,,,,,,,,,,,,,,
1118,IL,2001,7448.84340260354,0,,,,,,,,,,,,,,,,
1119,IL,2002,7323.50724038055,0,,,,,,,,,,,,,,,,
1120,IL,2003,6987.37386178177,0,,,,,,,,,,,,,,,,
1121,IL,2004,7291.5516686461,0,,,,,,,,,,,,,,,,
1122,IL,2005,7944.92628590061,0,,,,,,,,,,,,,,,,
1123,IL,2006,8596.2231415402,0,,,,,,,,,,,,,,,,
1124,IL,2007,9749.7252337993,0,,,,,,,,,,,,,,,,
1125,IL,2008,9961.74249050004,0,,,,,,,,,,,,,,,,
1126,IL,2009,9553.82795059367,0,,,,,,,,,,,,,,,,
1127,IL,2010,9641.48742065052,0,,,,,,,,,,,,,,,,
1128,IL,2011,10367.1029128983,0,,,,,,,,,,,,,,,,
1129,IL,2012,11028.0996080159,0,,,,,,,,,,,,,,,,
1130,IL,2013,11361.1681730517,0,,,,,,,,,,,,,,,,
1131,IL,2014,12054.6210684209,0,,,,,,,,,,,,,,,,
1132,IL,2015,12666.90898102,0,,,,,,,,,,,,,,,,
1133,IL,2016,14047.3299786863,0,,,,,,,,,,,,,,,,
1134,IL,2017,15147.295218842,0,,,,,,,,,,,,,,,,
1135,IL,2018,16281.9726627864,0,,,,,,,,,,,,,,,,
1136,IL,2019,18519.2511411549,0,,,,,,,,,,,,,,,,
1137,IL,2020,19882.5373629408,0,,,,,,,,,,,,,,,,
1138,IL,2021,21031.6509418878,0,,,,,,,,,,,,,,,,
1139,RO,1991,1799.62522140061,0,,,,,,,,,,,,,,,,
1140,RO,1992,1771.39947316741,0,,,,,,,,,,,,,,,,
1141,RO,1993,1935.66619525202,0,,,,,,,,,,,,,,,,
1142,RO,1994,1703.61337185803,0,,,,,,,,,,,,,,,,
1143,RO,1995,1886.13280549446,0,,,,,,,,,,,,,,,,
1144,RO,1996,1743.70995637304,0,,,,,,,,,,,,,,,,
1145,RO,1997,1412.73791322246,0,,,,,,,,,,,,,,,,
1146,RO,1998,1193.49667223512,0,,,,,,,,,,,,,,,,
1147,RO,1999,955.99325989762,0,,,,,,,,,,,,,,,,
1148,RO,2000,900.672853348065,0,,,,,,,,,,,,,,,,
1149,RO,2001,1012.44363931669,0,,,,,,,,,,,,,,,,
1150,RO,2002,1031.67434030109,0,,,,,,,,,,,,,,,,
1151,RO,2003,1111.43635466655,0,,,,,,,,,,,,,,,,
1152,RO,2004,1203.67313733844,0,,,,,,,,,,,,,,,,
1153,RO,2005,1334.92208521502,0,,,,,,,,,,,,,,,,
1154,RO,2006,1596.55847190043,0,,,,,,,,,,,,,,,,
1155,RO,2007,1916.91934135576,0,,,,,,,,,,,,,,,,
1156,RO,2008,2261.93737105832,0,,,,,,,,,,,,,,,,
1157,RO,2009,1718.34002730407,0,,,,,,,,,,,,,,,,
1158,RO,2010,1698.54517441968,0,,,,,,,,,,,,,,,,
1159,RO,2011,1890.0655544996,0,,,,,,,,,,,,,,,,
1160,RO,2012,1877.52687129281,0,,,,,,,,,,,,,,,,
1161,RO,2013,1558.00213640283,0,,,,,,,,,,,,,,,,
1162,RO,2014,1586.93329081018,0,,,,,,,,,,,,,,,,
1163,RO,2015,2090.92784270607,0,,,,,,,,,,,,,,,,
1164,RO,2016,2157.33430664597,0,,,,,,,,,,,,,,,,
1165,RO,2017,2420.88309889334,0,,,,,,,,,,,,,,,,
1166,RO,2018,2518.64890480304,0,,,,,,,,,,,,,,,,
1167,RO,2019,2504.78035351071,0,,,,,,,,,,,,,,,,
1168,RO,2020,2363.03193901833,0,,,,,,,,,,,,,,,,
1169,RO,2021,2536.03431259646,0,,,,,,,,,,,,,,,,
1170,RU,1989,58929.9870306348,0,,,,,,,,,,,,,,,,
1171,RU,1990,60981.4140945444,0,,,,,,,,,,,,,,,,
1172,RU,1991,40771.6131111745,0,,,,,,,,,,,,,,,,
1173,RU,1992,18028.9110883813,0,,,,,,,,,,,,,,,,
1174,RU,1993,17099.238406805,0,,,,,,,,,,,,,,,,
1175,RU,1994,16401.784342908,0,,,,,,,,,,,,,,,,
1176,RU,1995,14783.2010835224,0,,,,,,,,,,,,,,,,
1177,RU,1996,16183.7680619162,0,,,,,,,,,,,,,,,,
1178,RU,1997,17729.1912438621,0,,,,,,,,,,,,,,,,
1179,RU,1998,15335.9873910537,0,,,,,,,,,,,,,,,,
1180,RU,1999,17035.0638147777,0,,,,,,,,,,,,,,,,
1181,RU,2000,19755.0040689796,0,,,,,,,,,,,,,,,,
1182,RU,2001,23274.3509802939,0,,,,,,,,,,,,,,,,
1183,RU,2002,25819.5948038808,0,,,,,,,,,,,,,,,,
1184,RU,2003,28551.7196851821,0,,,,,,,,,,,,,,,,
1185,RU,2004,27395.45823291,0,,,,,,,,,,,,,,,,
1186,RU,2005,27032.0773603699,0,,,,,,,,,,,,,,,,
1187,RU,2006,29372.2306831597,0,,,,,,,,,,,,,,,,
1188,RU,2007,33161.9980350342,0,,,,,,,,,,,,,,,,
1189,RU,2008,32658.0389393539,0,,,,,,,,,,,,,,,,
1190,RU,2009,36087.2516366011,0,,,,,,,,,,,,,,,,
1191,RU,2010,34045.8063884577,0,,,,,,,,,,,,,,,,
1192,RU,2011,34256.6410076633,0,,,,,,,,,,,,,,,,
1193,RU,2012,36063.5885898486,0,,,,,,,,,,,,,,,,
1194,RU,2013,36684.6702000197,0,,,,,,,,,,,,,,,,
1195,RU,2014,38576.7424800143,0,,,,,,,,,,,,,,,,
1196,RU,2015,38818.6309211665,0,,,,,,,,,,,,,,,,
1197,RU,2016,38947.8120232728,0,,,,,,,,,,,,,,,,
1198,RU,2017,39921.023584549,0,,,,,,,,,,,,,,,,
1199,RU,2018,36616.3906120505,0,,,,,,,,,,,,,,,,
1200,RU,2019,39201.2639660445,0,,,,,,,,,,,,,,,,
1201,RU,2020,40322.2987555871,0,,,,,,,,,,,,,,,,
1202,SG,1994,1628.97991260763,0,,,,,,,,,,,,,,,,
1203,SG,1995,1836.69669736777,0,,,,,,,,,,,,,,,,
1204,SG,1996,2372.94657696308,0,,,,,,,,,,,,,,,,
1205,SG,1997,2756.80166297171,0,,,,,,,,,,,,,,,,
1206,SG,1998,3308.47600273382,0,,,,,,,,,,,,,,,,
1207,SG,1999,3657.27836416115,0,,,,,,,,,,,,,,,,
1208,SG,2000,3989.5009834435,0,,,,,,,,,,,,,,,,
1209,SG,2001,4364.60060509051,0,,,,,,,,,,,,,,,,
1210,SG,2002,4588.53418705052,0,,,,,,,,,,,,,,,,
1211,SG,2003,4711.65290199822,0,,,,,,,,,,,,,,,,
1212,SG,2004,5386.29018381484,0,,,,,,,,,,,,,,,,
1213,SG,2005,5975.91810743058,0,,,,,,,,,,,,,,,,
1214,SG,2006,6418.55355848213,0,,,,,,,,,,,,,,,,
1215,SG,2007,7669.76800176212,0,,,,,,,,,,,,,,,,
1216,SG,2008,8745.55230831757,0,,,,,,,,,,,,,,,,
1217,SG,2009,7175.23794082771,0,,,,,,,,,,,,,,,,
1218,SG,2010,7450.07072180656,0,,,,,,,,,,,,,,,,
1219,SG,2011,8498.6687363676,0,,,,,,,,,,,,,,,,
1220,SG,2012,8229.17279060758,0,,,,,,,,,,,,,,,,
1221,SG,2013,8639.40907430897,0,,,,,,,,,,,,,,,,
1222,SG,2014,9733.33492763524,0,,,,,,,,,,,,,,,,
1223,SG,2015,10467.9194962536,0,,,,,,,,,,,,,,,,
1224,SG,2016,10320.2779190994,0,,,,,,,,,,,,,,,,
1225,SG,2017,9871.78756944287,0,,,,,,,,,,,,,,,,
1226,SG,2018,9760.6614506087,0,,,,,,,,,,,,,,,,
1227,SG,2019,10346.9712595014,0,,,,,,,,,,,,,,,,
1228,SG,2020,11435.909348187,0,,,,,,,,,,,,,,,,
1229,SI,1993,558.567466637586,0,,,,,,,,,,,,,,,,
1230,SI,1994,646.519451459562,0,,,,,,,,,,,,,,,,
1231,SI,1995,595.073779633041,0,,,,,,,,,,,,,,,,
1232,SI,1996,522.057899737539,0,,,,,,,,,,,,,,,,
1233,SI,1997,540.48567047103,0,,,,,,,,,,,,,,,,
1234,SI,1998,584.50551046764,0,,,,,,,,,,,,,,,,
1235,SI,1999,630.643816492359,0,,,,,,,,,,,,,,,,
1236,SI,2000,665.021726260666,0,,,,,,,,,,,,,,,,
1237,SI,2001,740.855157852851,0,,,,,,,,,,,,,,,,
1238,SI,2002,754.066311848521,0,,,,,,,,,,,,,,,,
1239,SI,2003,671.311148903353,0,,,,,,,,,,,,,,,,
1240,SI,2004,769.260266898692,0,,,,,,,,,,,,,,,,
1241,SI,2005,826.162363729715,0,,,,,,,,,,,,,,,,
1242,SI,2006,947.135579874398,0,,,,,,,,,,,,,,,,
1243,SI,2007,940.721246263023,0,,,,,,,,,,,,,,,,
1244,SI,2008,1110.00355088472,0,,,,,,,,,,,,,,,,
1245,SI,2009,1142.990912285,0,,,,,,,,,,,,,,,,
1246,SI,2010,1311.45715640431,0,,,,,,,,,,,,,,,,
1247,SI,2011,1555.95286035754,0,,,,,,,,,,,,,,,,
1248,SI,2012,1607.57527286852,0,,,,,,,,,,,,,,,,
1249,SI,2013,1593.6727298534,0,,,,,,,,,,,,,,,,
1250,SI,2014,1510.46915713994,0,,,,,,,,,,,,,,,,
1251,SI,2015,1433.00923752379,0,,,,,,,,,,,,,,,,
1252,SI,2016,1352.12550070658,0,,,,,,,,,,,,,,,,
1253,SI,2017,1316.75740493909,0,,,,,,,,,,,,,,,,
1254,SI,2018,1434.86721018614,0,,,,,,,,,,,,,,,,
1255,SI,2019,1557.11822338569,0,,,,,,,,,,,,,,,,
1256,SI,2020,1563.82021189975,0,,,,,,,,,,,,,,,,
1257,SI,2021,1689.63774613488,0,,,,,,,,,,,,,,,,
1258,ZA,1983,2596.21991207906,0,,,,,,,,,,,,,,,,
1259,ZA,1985,2791.16621989971,0,,,,,,,,,,,,,,,,
1260,ZA,1987,2567.68287621406,0,,,,,,,,,,,,,,,,
1261,ZA,1989,2538.68070584161,0,,,,,,,,,,,,,,,,
1262,ZA,1991,2983.60379833725,0,,,,,,,,,,,,,,,,
1263,ZA,1993,2146.97999899369,0,,,,,,,,,,,,,,,,
1264,ZA,1997,2415.0151398233,0,,,,,,,,,,,,,,,,
1265,ZA,2001,3261.28075714288,0,,,,,,,,,,,,,,,,
1266,ZA,2003,3698.11249143054,0,,,,,,,,,,,,,,,,
1267,ZA,2004,4135.13856523569,0,,,,,,,,,,,,,,,,
1268,ZA,2005,4619.95972658262,0,,,,,,,,,,,,,,,,
1269,ZA,2006,5076.67369346173,0,,,,,,,,,,,,,,,,
1270,ZA,2007,5257.78085875267,0,,,,,,,,,,,,,,,,
1271,ZA,2008,5458.09182736926,0,,,,,,,,,,,,,,,,
1272,ZA,2009,5056.24004453669,0,,,,,,,,,,,,,,,,
1273,ZA,2010,4595.27822406245,0,,,,,,,,,,,,,,,,
1274,ZA,2011,4729.95400964804,0,,,,,,,,,,,,,,,,
1275,ZA,2012,4828.82473469614,0,,,,,,,,,,,,,,,,
1276,ZA,2013,4889.80596690797,0,,,,,,,,,,,,,,,,
1277,ZA,2014,5298.01527184913,0,,,,,,,,,,,,,,,,
1278,ZA,2015,5551.11736138191,0,,,,,,,,,,,,,,,,
1279,ZA,2016,5715.40787999869,0,,,,,,,,,,,,,,,,
1280,ZA,2017,5890.56941678042,0,,,,,,,,,,,,,,,,
1281,ZA,2018,5384.48664980015,0,,,,,,,,,,,,,,,,
1282,ZA,2019,4852.79904844887,0,,,,,,,,,,,,,,,,
1283,TW,1995,8037.08060089074,0,,,,,,,,,,,,,,,,
1284,TW,1996,8664.96819416815,0,,,,,,,,,,,,,,,,
1285,TW,1997,9606.75494927964,0,,,,,,,,,,,,,,,,
1286,TW,1998,10502.3820249298,0,,,,,,,,,,,,,,,,
1287,TW,1999,11562.0230859545,0,,,,,,,,,,,,,,,,
1288,TW,2000,12103.8213096225,0,,,,,,,,,,,,,,,,
1289,TW,2001,12633.4222583768,0,,,,,,,,,,,,,,,,
1290,TW,2002,13888.6648540098,0,,,,,,,,,,,,,,,,
1291,TW,2003,15249.0462310133,0,,,,,,,,,,,,,,,,
1292,TW,2004,16649.3930560352,0,,,,,,,,,,,,,,,,
1293,TW,2005,18040.6448572412,0,,,,,,,,,,,,,,,,
1294,TW,2006,19962.4625983192,0,,,,,,,,,,,,,,,,
1295,TW,2007,21686.835027401,0,,,,,,,,,,,,,,,,
1296,TW,2008,23527.267112276,0,,,,,,,,,,,,,,,,
1297,TW,2009,24609.6700832265,0,,,,,,,,,,,,,,,,
1298,TW,2010,26887.2771781027,0,,,,,,,,,,,,,,,,
1299,TW,2011,28832.716020011,0,,,,,,,,,,,,,,,,
1300,TW,2012,29923.9122947171,0,,,,,,,,,,,,,,,,
1301,TW,2013,31136.1240991455,0,,,,,,,,,,,,,,,,
1302,TW,2014,32369.4353212181,0,,,,,,,,,,,,,,,,
1303,TW,2015,33058.8214382076,0,,,,,,,,,,,,,,,,
1304,TW,2016,34745.1194614465,0,,,,,,,,,,,,,,,,
1305,TW,2017,37159.1667628581,0,,,,,,,,,,,,,,,,
1306,TW,2018,40079.6708625088,0,,,,,,,,,,,,,,,,
1307,TW,2019,43043.566343022,0,,,,,,,,,,,,,,,,
1308,TW,2020,46238.7100214495,0,,,,,,,,,,,,,,,,
1309,TW,2021,51303.7910258524,0,,,,,,,,,,,,,,,,
1310,,1991,649615.163903497,0,,,,,,,,,,,,,,,,
1311,,1992,652195.705199299,0,,,,,,,,,,,,,,,,
1312,,1993,647079.100300561,0,,,,,,,,,,,,,,,,
1313,,1994,651617.605485039,0,,,,,,,,,,,,,,,,
1314,,1995,677131.352893328,0,,,,,,,,,,,,,,,,
1315,,1996,706445.589588948,0,,,,,,,,,,,,,,,,
1316,,1997,739921.681680514,0,,,,,,,,,,,,,,,,
1317,,1998,768132.146740648,0,,,,,,,,,,,,,,,,
1318,,1999,811404.44829768,0,,,,,,,,,,,,,,,,
1319,,2000,862420.205140086,0,,,,,,,,,,,,,,,,
1320,,2001,889023.566140896,0,,,,,,,,,,,,,,,,
1321,,2002,893746.998389774,0,,,,,,,,,,,,,,,,
1322,,2003,913801.199908698,0,,,,,,,,,,,,,,,,
1323,,2004,931700.467475204,0,,,,,,,,,,,,,,,,
1324,,2005,972301.613999511,0,,,,,,,,,,,,,,,,
1325,,2006,1021945.3491047,0,,,,,,,,,,,,,,,,
1326,,2007,1071518.82470319,0,,,,,,,,,,,,,,,,
1327,,2008,1112961.95512988,0,,,,,,,,,,,,,,,,
1328,,2009,1097906.83760072,0,,,,,,,,,,,,,,,,
1329,,2010,1114342.65517035,0,,,,,,,,,,,,,,,,
1330,,2011,1154342.88738761,0,,,,,,,,,,,,,,,,
1331,,2012,1168558.25069749,0,,,,,,,,,,,,,,,,
1332,,2013,1202138.61320979,0,,,,,,,,,,,,,,,,
1333,,2014,1241615.57351239,0,,,,,,,,,,,,,,,,
1334,,2015,1275805.16021492,0,,,,,,,,,,,,,,,,
1335,,2016,1304103.85611049,0,,,,,,,,,,,,,,,,
1336,,2017,1362218.07925593,0,,,,,,,,,,,,,,,,
1337,,2018,1437203.78191576,0,,,,,,,,,,,,,,,,
1338,,2019,1505856.54766373,0,,,,,,,,,,,,,,,,
1339,,2020,1536781.01908165,0,,,,,,,,,,,,,,,,
1340,,2021,1609214.37544451,0,,,,,,,,,,,,,,,,
1341,LV,1995,96.5297529961752,0,,,,,,,,,,,,,,,,
1342,LV,1996,91.0848825694536,0,,,,,,,,,,,,,,,,
1343,LV,1997,91.4874926934305,0,,,,,,,,,,,,,,,,
1344,LV,1998,100.723799280483,0,,,,,,,,,,,,,,,,
1345,LV,1999,96.0238377590719,0,,,,,,,,,,,,,,,,
1346,LV,2000,125.413608918591,0,,,,,,,,,,,,,,,,
1347,LV,2001,123.466891254925,0,,,,,,,,,,,,,,,,
1348,LV,2002,134.125990721783,0,,,,,,,,,,,,,,,,
1349,LV,2003,127.928673389981,0,,,,,,,,,,,,,,,,
1350,LV,2004,153.601624246461,0,,,,,,,,,,,,,,,,
1351,LV,2005,224.999491356424,0,,,,,,,,,,,,,,,,
1352,LV,2006,309.218030180766,0,,,,,,,,,,,,,,,,
1353,LV,2007,289.59227301169,0,,,,,,,,,,,,,,,,
1354,LV,2008,293.471909395731,0,,,,,,,,,,,,,,,,
1355,LV,2009,195.550900777437,0,,,,,,,,,,,,,,,,
1356,LV,2010,252.285806110625,0,,,,,,,,,,,,,,,,
1357,LV,2011,305.733857420147,0,,,,,,,,,,,,,,,,
1358,LV,2012,303.231444137531,0,,,,,,,,,,,,,,,,
1359,LV,2013,286.064253450621,0,,,,,,,,,,,,,,,,
1360,LV,2014,327.569283089693,0,,,,,,,,,,,,,,,,
1361,LV,2015,305.8871124094,0,,,,,,,,,,,,,,,,
1362,LV,2016,219.979408189723,0,,,,,,,,,,,,,,,,
1363,LV,2017,266.906915400078,0,,,,,,,,,,,,,,,,
1364,LV,2018,346.8936272799,0,,,,,,,,,,,,,,,,
1365,LV,2019,354.463010212496,0,,,,,,,,,,,,,,,,
1366,LV,2020,374.488868196775,0,,,,,,,,,,,,,,,,
1367,LV,2021,391.993565077433,0,,,,,,,,,,,,,,,,
1368,LT,1995,155.294502142103,0,,,,,,,,,,,,,,,,
1369,LT,1996,187.238265119749,0,,,,,,,,,,,,,,,,
1370,LT,1997,221.346612253133,0,,,,,,,,,,,,,,,,
1371,LT,1998,241.056170730162,0,,,,,,,,,,,,,,,,
1372,LT,1999,220.011684596645,0,,,,,,,,,,,,,,,,
1373,LT,2000,266.071767918598,0,,,,,,,,,,,,,,,,
1374,LT,2001,323.170032555348,0,,,,,,,,,,,,,,,,
1375,LT,2002,339.787751630824,0,,,,,,,,,,,,,,,,
1376,LT,2003,379.446148746564,0,,,,,,,,,,,,,,,,
1377,LT,2004,457.514514884901,0,,,,,,,,,,,,,,,,
1378,LT,2005,490.797602448618,0,,,,,,,,,,,,,,,,
1379,LT,2006,558.06886662687,0,,,,,,,,,,,,,,,,
1380,LT,2007,627.647491444162,0,,,,,,,,,,,,,,,,
1381,LT,2008,634.077530632418,0,,,,,,,,,,,,,,,,
1382,LT,2009,568.39665051732,0,,,,,,,,,,,,,,,,
1383,LT,2010,544.724827105011,0,,,,,,,,,,,,,,,,
1384,LT,2011,665.660847797398,0,,,,,,,,,,,,,,,,
1385,LT,2012,683.85779784558,0,,,,,,,,,,,,,,,,
1386,LT,2013,752.281857940708,0,,,,,,,,,,,,,,,,
1387,LT,2014,845.711792009865,0,,,,,,,,,,,,,,,,
1388,LT,2015,873.978713303853,0,,,,,,,,,,,,,,,,
1389,LT,2016,723.38831421165,0,,,,,,,,,,,,,,,,
1390,LT,2017,802.591354367371,0,,,,,,,,,,,,,,,,
1391,LT,2018,872.228116912843,0,,,,,,,,,,,,,,,,
1392,LT,2019,968.174911430432,0,,,,,,,,,,,,,,,,
1393,LT,2020,1105.57877422356,0,,,,,,,,,,,,,,,,
1394,LT,2021,1143.66218553738,0,,,,,,,,,,,,,,,,
1395,CO,2000,468.277583698245,0,,,,,,,,,,,,,,,,
1396,CO,2001,479.380388954668,0,,,,,,,,,,,,,,,,
1397,CO,2002,571.063321716177,0,,,,,,,,,,,,,,,,
1398,CO,2003,648.351357524271,0,,,,,,,,,,,,,,,,
1399,CO,2004,662.523628947525,0,,,,,,,,,,,,,,,,
1400,CO,2005,661.141229547301,0,,,,,,,,,,,,,,,,
1401,CO,2006,700.007705788222,0,,,,,,,,,,,,,,,,
1402,CO,2007,832.68952928149,0,,,,,,,,,,,,,,,,
1403,CO,2008,918.02149345209,0,,,,,,,,,,,,,,,,
1404,CO,2009,919.431265063137,0,,,,,,,,,,,,,,,,
1405,CO,2010,961.122841552328,0,,,,,,,,,,,,,,,,
1406,CO,2011,1053.60481426559,0,,,,,,,,,,,,,,,,
1407,CO,2012,1220.29483116898,0,,,,,,,,,,,,,,,,
1408,CO,2013,1494.38423143414,0,,,,,,,,,,,,,,,,
1409,CO,2014,1837.84073448132,0,,,,,,,,,,,,,,,,
1410,CO,2015,2280.67594902684,0,,,,,,,,,,,,,,,,
1411,CO,2016,1723.5503673584,0,,,,,,,,,,,,,,,,
1412,CO,2017,1686.12662005526,0,,,,,,,,,,,,,,,,
1413,CO,2018,2068.78207361632,0,,,,,,,,,,,,,,,,
1414,CO,2019,2200.88037258108,0,,,,,,,,,,,,,,,,
1415,CO,2020,1838.13316631041,0,,,,,,,,,,,,,,,,
1416,,1991,186912.502358293,0,,,,,,,,,,,,,,,,
1417,,1992,186380.481082207,0,,,,,,,,,,,,,,,,
1418,,1993,184027.966004908,0,,,,,,,,,,,,,,,,
1419,,1994,183661.745930353,0,,,,,,,,,,,,,,,,
1420,,1995,187111.819138268,0,,,,,,,,,,,,,,,,
1421,,1996,191962.782615211,0,,,,,,,,,,,,,,,,
1422,,1997,198992.903289214,0,,,,,,,,,,,,,,,,
1423,,1998,206379.497381051,0,,,,,,,,,,,,,,,,
1424,,1999,218568.565537465,0,,,,,,,,,,,,,,,,
1425,,2000,230921.250027962,0,,,,,,,,,,,,,,,,
1426,,2001,239597.419430577,0,,,,,,,,,,,,,,,,
1427,,2002,244450.073979239,0,,,,,,,,,,,,,,,,
1428,,2003,246414.609044074,0,,,,,,,,,,,,,,,,
1429,,2004,249647.731394511,0,,,,,,,,,,,,,,,,
1430,,2005,255096.793070914,0,,,,,,,,,,,,,,,,
1431,,2006,268776.699859545,0,,,,,,,,,,,,,,,,
1432,,2007,278257.331974222,0,,,,,,,,,,,,,,,,
1433,,2008,294089.151083697,0,,,,,,,,,,,,,,,,
1434,,2009,294199.88082179,0,,,,,,,,,,,,,,,,
1435,,2010,301175.937609014,0,,,,,,,,,,,,,,,,
1436,,2011,313982.478703289,0,,,,,,,,,,,,,,,,
1437,,2012,321163.661526159,0,,,,,,,,,,,,,,,,
1438,,2013,323256.934578405,0,,,,,,,,,,,,,,,,
1439,,2014,332077.997214597,0,,,,,,,,,,,,,,,,
1440,,2015,340526.18097373,0,,,,,,,,,,,,,,,,
1441,,2016,345479.519022017,0,,,,,,,,,,,,,,,,
1442,,2017,362535.586323447,0,,,,,,,,,,,,,,,,
1443,,2018,377757.478410246,0,,,,,,,,,,,,,,,,
1444,,2019,392468.078814543,0,,,,,,,,,,,,,,,,
1445,,2020,383627.636412825,0,,,,,,,,,,,,,,,,
1446,,2021,397535.220486309,0,,,,,,,,,,,,,,,,
