Year,Month,Country,True_Values,Predicted_Values,Type
2018,6.0,KR,95437.664,96782.625,Train
2007,1.0,DE,88723.87,87658.19,Train
2009,9.0,GB,40910.88,41266.742,Train
2018,1.0,KR,95437.664,89504.41,Train
2017,1.0,GB,67444.9,66948.05,Train
2009,3.0,JP,151524.28,155877.95,Train
2009,1.0,JP,151524.28,166942.02,Train
2015,5.0,DE,114097.56,115062.266,Train
2007,10.0,GB,41634.914,41893.4,Train
2009,9.0,KR,49016.746,49864.52,Train
2020,3.0,CA,31111.027,31404.14,Train
2016,12.0,KR,79364.75,80459.34,Train
2015,11.0,CA,27004.697,27235.865,Train
2004,6.0,CA,26165.191,26101.885,Train
2005,3.0,US,390306.5,388911.7,Train
2016,10.0,CN,399390.16,403360.34,Train
2021,9.0,KR,110148.08,111592.75,Train
2017,12.0,CA,28228.129,28495.826,Train
2004,4.0,CN,77572.1,79483.51,Train
2012,2.0,CH,14673.133,14203.971,Train
2004,2.0,US,374897.03,371773.75,Train
2019,5.0,GB,79964.05,80535.94,Train
2015,11.0,CH,16639.893,16937.484,Train
2005,10.0,DE,82366.26,83053.625,Train
2018,2.0,CA,29895.105,29423.977,Train
2004,3.0,JP,144881.42,145374.39,Train
2007,11.0,GB,41634.914,41888.68,Train
2014,3.0,JP,172435.58,172586.6,Train
2004,7.0,JP,144881.42,145951.69,Train
2012,8.0,CH,14673.133,14989.461,Train
2019,1.0,KR,99970.92,96844.3,Train
2014,4.0,GB,61344.63,61517.844,Train
2014,1.0,DE,110276.33,107520.234,Train
2009,5.0,GB,40910.88,41272.234,Train
2006,5.0,GB,39547.8,39769.336,Train
2011,3.0,CN,237042.72,233714.16,Train
2018,8.0,KR,95437.664,96761.61,Train
2020,11.0,DE,125566.64,126518.89,Train
2017,6.0,CA,28228.129,28496.146,Train
2020,4.0,DE,125566.64,126611.15,Train
2021,4.0,US,709712.9,714528.5,Train
2017,2.0,KR,88135.83,84916.0,Train
2011,12.0,KR,61963.402,62880.703,Train
2019,9.0,CH,18572.926,18952.434,Train
2006,5.0,DE,86573.8,87328.875,Train
2008,8.0,CN,145192.23,147652.31,Train
2012,1.0,CA,27372.787,27757.805,Train
2017,10.0,DE,124393.85,125271.08,Train
2012,5.0,DE,107564.734,108462.69,Train
2015,6.0,GB,62972.816,63163.125,Train
2017,12.0,US,549631.0,553161.94,Train
2004,5.0,DE,81542.266,82228.664,Train
2007,12.0,CA,27601.584,27683.217,Train
2014,8.0,US,481775.47,484942.88,Train
2020,5.0,US,671963.25,676437.8,Train
2015,12.0,JP,168514.03,169727.75,Train
2008,6.0,CN,145192.23,147666.56,Train
2017,5.0,GB,67444.9,67538.65,Train
2004,3.0,CN,77572.1,76685.625,Train
2005,5.0,CA,26964.236,27028.465,Train
2014,5.0,JP,172435.58,173722.28,Train
2004,10.0,CN,77572.1,79437.47,Train
2010,6.0,JP,153244.92,154450.1,Train
2014,12.0,CA,27791.979,28022.51,Train
2016,11.0,CA,27755.639,27958.387,Train
2008,11.0,JP,165515.16,166801.44,Train
2008,8.0,KR,46192.273,46918.633,Train
2013,4.0,GB,42527.477,42591.695,Train
2017,12.0,GB,67444.9,67750.02,Train
2004,9.0,GB,36618.324,36582.625,Train
2006,4.0,US,408147.12,410535.94,Train
2005,12.0,JP,154899.89,156133.28,Train
2011,2.0,CN,237042.72,225307.88,Train
2019,4.0,CA,30696.625,31064.184,Train
2008,9.0,CH,13032.204,13251.43,Train
2006,1.0,GB,39547.8,38993.023,Train
2018,5.0,DE,128211.82,129061.41,Train
2007,11.0,CA,27601.584,27690.242,Train
2009,1.0,CN,182882.56,147705.3,Train
2014,8.0,GB,61344.63,61559.625,Train
2016,7.0,DE,116904.24,117868.33,Train
2011,1.0,CN,237042.72,211180.6,Train
2005,2.0,DE,82366.26,82537.41,Train
2012,8.0,JP,158829.47,159882.34,Train
2011,5.0,KR,61963.402,62990.973,Train
2015,5.0,CA,27004.697,27247.785,Train
2016,10.0,US,528171.7,531637.25,Train
2020,5.0,JP,167081.61,168340.84,Train
2004,6.0,DE,81542.266,82177.17,Train
2016,12.0,CA,27755.639,27948.992,Train
2012,3.0,DE,107564.734,107769.51,Train
2017,11.0,KR,88135.83,89374.7,Train
2008,7.0,JP,165515.16,166816.81,Train
2018,10.0,KR,95437.664,96755.69,Train
2006,10.0,CN,109713.72,111856.97,Train
2012,7.0,JP,158829.47,159894.08,Train
2019,11.0,KR,99970.92,101347.95,Train
2019,12.0,DE,131969.44,132880.47,Train
2010,9.0,JP,153244.92,154420.56,Train
2004,10.0,CA,26165.191,26095.23,Train
2011,6.0,CA,27247.684,27481.021,Train
2017,8.0,DE,124393.85,125278.87,Train
2017,12.0,JP,168668.19,169875.98,Train
2018,7.0,CA,29895.105,30199.719,Train
2021,8.0,CA,30477.156,30768.996,Train
2016,2.0,JP,162761.27,166942.22,Train
2017,9.0,GB,67444.9,67728.02,Train
2008,8.0,GB,41333.51,41680.758,Train
2013,3.0,DE,106323.26,107404.61,Train
2013,7.0,KR,72007.19,73055.43,Train
2005,9.0,DE,82366.26,83080.14,Train
2007,8.0,JP,167583.61,168907.42,Train
2018,11.0,DE,128211.82,129129.75,Train
2004,8.0,CA,26165.191,26130.422,Train
2005,7.0,DE,82366.26,83068.85,Train
2006,4.0,CN,109713.72,111898.13,Train
2022,8.0,CA,28564.36,28815.637,Train
2009,4.0,KR,49016.746,49872.195,Train
2009,9.0,US,445321.2,448101.3,Train
2020,10.0,CA,31111.027,31442.934,Train
2016,1.0,DE,116904.24,115379.94,Train
2018,3.0,KR,95437.664,95148.984,Train
2021,2.0,JP,172062.48,170937.25,Train
2013,12.0,GB,42527.477,42570.9,Train
2006,3.0,CN,109713.72,108186.05,Train
2015,11.0,KR,76922.04,77963.54,Train
2017,10.0,JP,168668.19,169872.22,Train
2007,5.0,US,427754.72,430454.88,Train
2014,7.0,US,481775.47,484955.2,Train
2014,8.0,CA,27791.979,28065.625,Train
2011,10.0,DE,104287.33,105125.164,Train
2015,8.0,CN,366080.94,369784.75,Train
2019,1.0,CA,30696.625,30322.316,Train
2020,9.0,JP,167081.61,168298.3,Train
2008,12.0,CH,13032.204,13232.502,Train
2012,10.0,CH,14673.133,14975.718,Train
2004,1.0,US,374897.03,369653.62,Train
2010,10.0,GB,41109.926,41393.06,Train
2013,11.0,JP,167387.1,168582.8,Train
2014,12.0,GB,61344.63,61538.133,Train
2015,9.0,CH,16639.893,16960.656,Train
2013,5.0,CA,27007.44,27269.064,Train
2014,10.0,DE,110276.33,111258.92,Train
2019,5.0,DE,131969.44,132840.42,Train
2018,4.0,KR,95437.664,96778.47,Train
2022,7.0,CA,28564.36,28816.299,Train
2006,1.0,CA,27354.799,27415.963,Train
2007,5.0,JP,167583.61,168951.48,Train
2020,2.0,US,671963.25,655855.56,Train
2008,3.0,GB,41333.51,41747.137,Train
2020,8.0,US,671963.25,676430.3,Train
2018,4.0,US,586427.4,590249.4,Train
2018,7.0,KR,95437.664,96771.28,Train
2020,4.0,KR,102880.46,104335.54,Train
2012,6.0,CN,274611.2,277876.38,Train
2005,3.0,DE,82366.26,82770.19,Train
2006,8.0,CN,109713.72,111869.01,Train
2009,1.0,GB,40910.88,42297.617,Train
2008,12.0,DE,95205.734,96098.44,Train
2012,1.0,US,454820.4,459629.94,Train
2005,12.0,CN,93020.65,95013.05,Train
2010,8.0,CN,208279.98,211128.89,Train
2008,2.0,GB,41333.51,41824.14,Train
2016,11.0,KR,79364.75,80462.31,Train
2009,12.0,JP,151524.28,152717.2,Train
2005,7.0,CA,26964.236,27041.668,Train
2007,10.0,CA,27601.584,27686.168,Train
2007,8.0,KR,43096.543,43855.836,Train
2006,9.0,JP,161877.31,163146.89,Train
2004,2.0,CN,77572.1,70945.15,Train
2012,2.0,CA,27372.787,27515.52,Train
2010,6.0,GB,41109.926,41470.836,Train
2013,1.0,CN,309205.06,277919.6,Train
2018,5.0,CN,464705.25,469042.12,Train
2006,11.0,US,408147.12,410601.38,Train
2017,4.0,CH,17194.875,17564.016,Train
2009,2.0,US,445321.2,450293.7,Train
2020,3.0,GB,78153.305,79067.11,Train
2004,11.0,DE,81542.266,82145.09,Train
2004,9.0,JP,144881.42,145929.9,Train
2007,4.0,CA,27601.584,27713.918,Train
2011,10.0,JP,158238.56,159395.06,Train
2017,2.0,CH,17194.875,17289.355,Train
2006,4.0,DE,86573.8,87362.22,Train
2016,11.0,US,528171.7,531613.5,Train
2006,6.0,GB,39547.8,39755.387,Train
2010,3.0,DE,97654.82,97835.54,Train
2014,5.0,CN,336250.72,339888.38,Train
2013,9.0,JP,167387.1,168580.23,Train
2014,12.0,DE,110276.33,111232.6,Train
2006,3.0,GB,39547.8,39502.273,Train
2010,11.0,JP,153244.92,154389.89,Train
2008,5.0,JP,165515.16,166820.0,Train
2005,10.0,GB,38064.0,38144.03,Train
2009,7.0,CA,26802.73,26810.004,Train
2016,7.0,CA,27755.639,27961.104,Train
2006,9.0,DE,86573.8,87407.875,Train
2009,6.0,JP,151524.28,152774.3,Train
2009,9.0,CA,26802.73,26813.252,Train
2021,10.0,KR,110148.08,111592.58,Train
2011,4.0,DE,104287.33,105168.01,Train
2016,3.0,CA,27755.639,27780.078,Train
2012,3.0,KR,68017.05,67676.7,Train
2020,7.0,JP,167081.61,168311.94,Train
2004,7.0,DE,81542.266,82151.11,Train
2013,5.0,JP,167387.1,168631.62,Train
2017,2.0,US,549631.0,542246.25,Train
2018,5.0,KR,95437.664,96782.41,Train
2018,9.0,DE,128211.82,129129.78,Train
2005,6.0,US,390306.5,392358.7,Train
2009,2.0,JP,151524.28,159944.72,Train
2012,2.0,JP,158829.47,159632.6,Train
2020,11.0,GB,78153.305,78734.06,Train
2016,1.0,KR,79364.75,78128.9,Train
2014,7.0,KR,76694.71,77823.445,Train
2018,3.0,GB,79862.766,77656.56,Train
2009,4.0,DE,94163.33,95117.0,Train
2018,12.0,GB,79862.766,80343.625,Train
2015,3.0,GB,62972.816,62820.227,Train
2012,8.0,GB,40638.273,40670.86,Train
2004,4.0,US,374897.03,376821.06,Train
2017,2.0,CA,28228.129,28269.73,Train
2013,2.0,JP,167387.1,164323.38,Train
2011,2.0,GB,41808.86,41460.832,Train
2011,3.0,GB,41808.86,41580.242,Train
2007,8.0,CN,125799.195,128106.266,Train
2021,6.0,CA,30477.156,30779.47,Train
2010,9.0,DE,97654.82,98516.89,Train
2005,3.0,GB,38064.0,37783.953,Train
2006,9.0,US,408147.12,410581.62,Train
2009,10.0,CA,26802.73,26812.941,Train
2021,7.0,CA,30477.156,30773.68,Train
2020,4.0,GB,78153.305,78713.16,Train
2021,3.0,KR,110148.08,110046.64,Train
2009,6.0,GB,40910.88,41277.113,Train
2017,12.0,CN,430329.72,434349.25,Train
2005,2.0,KR,33986.34,33205.074,Train
2014,8.0,CN,336250.72,339873.38,Train
2012,8.0,US,454820.4,457788.06,Train
2016,6.0,DE,116904.24,117890.77,Train
2015,10.0,CH,16639.893,16949.523,Train
2016,3.0,CN,399390.16,396012.75,Train
2016,9.0,US,528171.7,531632.5,Train
2007,1.0,KR,43096.543,39462.164,Train
2018,2.0,US,586427.4,571475.7,Train
2022,12.0,CA,28564.36,28791.969,Train
2011,8.0,DE,104287.33,105144.14,Train
2012,10.0,JP,158829.47,159899.5,Train
2017,9.0,JP,168668.19,169864.66,Train
2007,10.0,KR,43096.543,43845.812,Train
2018,4.0,DE,128211.82,129147.3,Train
2009,10.0,GB,40910.88,41259.8,Train
2016,8.0,CA,27755.639,27957.803,Train
2009,4.0,JP,151524.28,152784.72,Train
2005,8.0,JP,154899.89,156128.81,Train
2015,5.0,CN,366080.94,369802.94,Train
2022,4.0,CA,28564.36,28824.855,Train
2011,9.0,US,455525.7,458354.8,Train
2004,11.0,JP,144881.42,145909.14,Train
2014,6.0,CN,336250.72,339878.6,Train
2010,1.0,DE,97654.82,95286.266,Train
2010,1.0,GB,41109.926,41848.406,Train
2012,9.0,CN,274611.2,277856.8,Train
2007,5.0,CA,27601.584,27693.2,Train
2020,9.0,KR,102880.46,104278.06,Train
2018,10.0,GB,79862.766,80372.805,Train
2006,11.0,DE,86573.8,87382.22,Train
2020,3.0,JP,167081.61,169394.25,Train
2017,7.0,DE,124393.85,125301.875,Train
2019,7.0,US,631845.44,636039.5,Train
2005,4.0,KR,33986.34,34572.383,Train
2008,12.0,JP,165515.16,166794.17,Train
2012,8.0,CN,274611.2,277863.75,Train
2011,11.0,CN,237042.72,240041.83,Train
2011,5.0,CA,27247.684,27466.129,Train
2004,7.0,CN,77572.1,79460.62,Train
2009,3.0,US,445321.2,448988.94,Train
2015,4.0,CH,16639.893,17006.836,Train
2005,6.0,GB,38064.0,38091.75,Train
2010,11.0,US,444708.6,447571.0,Train
2019,10.0,US,631845.44,636038.4,Train
2004,1.0,GB,36618.324,37462.746,Train
2008,5.0,CA,27569.193,27689.08,Train
2009,8.0,JP,151524.28,152759.6,Train
2010,8.0,CA,26718.271,26868.76,Train
2004,5.0,GB,36618.324,36538.574,Train
2010,12.0,US,444708.6,447566.75,Train
2020,1.0,KR,102880.46,101437.875,Train
2008,10.0,JP,165515.16,166810.98,Train
2018,3.0,CN,464705.25,461488.22,Train
2008,2.0,US,449510.44,441179.06,Train
2012,1.0,CH,14673.133,13423.309,Train
2016,4.0,KR,79364.75,80552.234,Train
2009,8.0,GB,40910.88,41263.867,Train
2019,5.0,US,631845.44,636031.25,Train
2014,1.0,CA,27791.979,27524.46,Train
2010,7.0,GB,41109.926,41484.125,Train
2019,10.0,JP,171840.94,173109.4,Train
2007,10.0,JP,167583.61,168902.34,Train
2016,1.0,CN,399390.16,369969.7,Train
2008,8.0,JP,165515.16,166811.02,Train
2012,11.0,JP,158829.47,159911.22,Train
2016,7.0,KR,79364.75,80509.875,Train
2017,9.0,US,549631.0,553168.3,Train
2007,12.0,JP,167583.61,168875.11,Train
2014,11.0,US,481775.47,484910.2,Train
2019,3.0,DE,131969.44,131985.23,Train
2015,9.0,JP,168514.03,169743.22,Train
2008,5.0,GB,41333.51,41667.86,Train
2015,3.0,DE,114097.56,114210.98,Train
2013,11.0,DE,106323.26,107187.05,Train
2012,1.0,JP,158829.47,159585.52,Train
2007,6.0,CA,27601.584,27701.719,Train
2014,1.0,US,481775.47,472530.2,Train
2016,6.0,US,528171.7,531629.25,Train
2012,7.0,CH,14673.133,14998.363,Train
2005,5.0,GB,38064.0,38107.11,Train
2014,9.0,KR,76694.71,77814.5,Train
2017,4.0,US,549631.0,553011.7,Train
2020,12.0,JP,167081.61,168287.03,Train
2008,1.0,KR,46192.273,44031.72,Train
2007,1.0,JP,167583.61,163265.4,Train
2012,8.0,KR,68017.05,69023.33,Train
2017,3.0,GB,67444.9,66943.87,Train
2015,8.0,KR,76922.04,77992.92,Train
2015,2.0,GB,62972.816,62469.664,Train
2008,6.0,DE,95205.734,96110.71,Train
2018,3.0,CA,29895.105,29868.955,Train
2015,7.0,CN,366080.94,369798.6,Train
2016,8.0,JP,162761.27,163961.06,Train
2018,9.0,CA,29895.105,30188.95,Train
2016,9.0,GB,65503.086,65781.234,Train
2020,5.0,CA,31111.027,31476.568,Train
2007,11.0,US,427754.72,430415.7,Train
2014,6.0,JP,172435.58,173728.94,Train
2019,9.0,US,631845.44,636051.6,Train
2018,2.0,KR,95437.664,93056.234,Train
2006,4.0,KR,38561.1,39304.965,Train
2018,12.0,DE,128211.82,129125.68,Train
2011,12.0,CN,237042.72,240035.03,Train
2016,12.0,CN,399390.16,403342.25,Train
2009,12.0,US,445321.2,448100.1,Train
2018,12.0,CN,464705.25,468983.06,Train
2015,4.0,GB,62972.816,63128.926,Train
2015,4.0,KR,76922.04,78036.2,Train
2010,9.0,US,444708.6,447604.6,Train
2005,6.0,CA,26964.236,27031.07,Train
2021,3.0,CA,30477.156,30935.148,Train
2017,6.0,US,549631.0,553098.7,Train
2012,3.0,CH,14673.133,14659.106,Train
2007,7.0,CA,27601.584,27706.762,Train
2012,9.0,CA,27372.787,27606.07,Train
2014,3.0,CA,27791.979,27920.969,Train
2012,6.0,CH,14673.133,15013.3125,Train
2017,11.0,GB,67444.9,67754.94,Train
2011,8.0,JP,158238.56,159387.11,Train
2016,4.0,CN,399390.16,403378.56,Train
2006,12.0,US,408147.12,410604.5,Train
2007,6.0,US,427754.72,430453.4,Train
2017,2.0,DE,124393.85,121592.25,Train
2005,8.0,GB,38064.0,38125.86,Train
2017,4.0,KR,88135.83,89434.34,Train
2008,2.0,KR,46192.273,45447.88,Train
2017,5.0,KR,88135.83,89425.016,Train
2021,11.0,CA,30477.156,30754.566,Train
2019,8.0,CH,18572.926,18959.184,Train
2022,10.0,CA,28564.36,28809.215,Train
2004,2.0,JP,144881.42,143801.47,Train
2015,1.0,CA,27004.697,28319.29,Train
2006,2.0,CN,109713.72,103281.14,Train
2013,5.0,GB,42527.477,42586.9,Train
2007,11.0,JP,167583.61,168880.38,Train
2006,11.0,KR,38561.1,39206.44,Train
2013,8.0,KR,72007.19,73058.08,Train
2010,3.0,CA,26718.271,26858.512,Train
2005,7.0,GB,38064.0,38112.023,Train
2020,12.0,DE,125566.64,126515.7,Train
2015,1.0,JP,168514.03,173870.03,Train
2016,8.0,GB,65503.086,65765.67,Train
2016,9.0,JP,162761.27,163949.28,Train
2008,2.0,CH,13032.204,12342.607,Train
2010,8.0,US,444708.6,447627.5,Train
2014,3.0,GB,61344.63,57353.703,Train
2019,10.0,CA,30696.625,31027.96,Train
2017,6.0,CN,430329.72,434384.94,Train
2018,6.0,CA,29895.105,30206.104,Train
2015,2.0,CN,366080.94,354611.0,Train
2007,1.0,GB,41634.914,40507.39,Train
2012,9.0,KR,68017.05,69025.26,Train
2008,4.0,CN,145192.23,147681.95,Train
2007,9.0,KR,43096.543,43836.906,Train
2021,10.0,JP,172062.48,173343.0,Train
2007,7.0,CN,125799.195,128113.0,Train
2007,2.0,US,427754.72,420373.12,Train
2008,10.0,CH,13032.204,13240.078,Train
2014,1.0,JP,172435.58,168783.78,Train
2021,5.0,US,709712.9,714508.5,Train
2018,11.0,GB,79862.766,80356.76,Train
2020,5.0,DE,125566.64,126587.3,Train
2020,7.0,KR,102880.46,104292.75,Train
2008,10.0,GB,41333.51,41669.15,Train
2019,3.0,JP,171840.94,173356.81,Train
2006,2.0,GB,39547.8,39066.023,Train
2013,1.0,JP,167387.1,160166.86,Train
2017,7.0,KR,88135.83,89428.984,Train
2020,6.0,GB,78153.305,78753.375,Train
2014,7.0,CA,27791.979,28063.457,Train
2004,3.0,DE,81542.266,82157.67,Train
2005,1.0,US,390306.5,378518.72,Train
2015,1.0,KR,76922.04,77906.01,Train
2018,1.0,CN,464705.25,434583.38,Train
2004,9.0,CA,26165.191,26074.807,Train
2010,12.0,CN,208279.98,211099.38,Train
2013,10.0,CA,27007.44,27249.025,Train
2011,6.0,GB,41808.86,41772.727,Train
2020,3.0,KR,102880.46,103683.47,Train
2004,8.0,KR,31539.547,32152.432,Train
2011,3.0,JP,158238.56,158256.84,Train
2018,11.0,CA,29895.105,30182.559,Train
2013,5.0,US,468277.22,471359.4,Train
2019,7.0,CA,30696.625,31044.85,Train
2019,7.0,CH,18572.926,18965.926,Train
2015,10.0,KR,76922.04,77979.79,Train
2005,6.0,DE,82366.26,83030.37,Train
2017,11.0,CN,430329.72,434352.66,Train
2019,11.0,JP,171840.94,173103.66,Train
2006,12.0,JP,161877.31,163129.4,Train
2008,11.0,KR,46192.273,46907.727,Train
2016,5.0,CN,399390.16,403390.94,Train
2008,11.0,CN,145192.23,147632.58,Train
2011,4.0,KR,61963.402,63003.727,Train
2020,2.0,GB,78153.305,79612.06,Train
2004,8.0,US,374897.03,376705.38,Train
2012,7.0,KR,68017.05,69018.45,Train
2015,7.0,KR,76922.04,78008.65,Train
2015,1.0,CH,16639.893,15066.541,Train
2006,1.0,US,408147.12,393986.75,Train
2013,1.0,CA,27007.44,27887.912,Train
2020,9.0,GB,78153.305,78748.89,Train
2006,7.0,CN,109713.72,111876.78,Train
2013,8.0,CN,309205.06,312655.97,Train
2017,9.0,CN,430329.72,434359.94,Train
2013,12.0,JP,167387.1,168587.72,Train
2011,9.0,GB,41808.86,41800.477,Train
2010,9.0,CA,26718.271,26850.15,Train
2010,2.0,CN,208279.98,198101.75,Train
2019,1.0,GB,79964.05,81079.17,Train
2007,7.0,GB,41634.914,41915.453,Train
2021,1.0,KR,110148.08,104378.69,Train
2006,2.0,CA,27354.799,27219.268,Train
2019,12.0,JP,171840.94,173103.36,Train
2004,8.0,CN,77572.1,79454.266,Train
2019,8.0,DE,131969.44,132885.36,Train
2008,1.0,DE,95205.734,89828.984,Train
2006,5.0,CN,109713.72,111889.86,Train
2008,10.0,US,449510.44,452377.12,Train
2006,3.0,US,408147.12,406561.5,Train
2011,10.0,GB,41808.86,41795.35,Train
2009,7.0,CN,182882.56,185582.6,Train
2014,2.0,JP,172435.58,171189.16,Train
2005,1.0,CA,26964.236,26624.027,Train
2020,11.0,JP,167081.61,168287.53,Train
2021,5.0,JP,172062.48,173422.84,Train
2013,8.0,GB,42527.477,42566.727,Train
2016,8.0,CN,399390.16,403372.4,Train
2006,3.0,JP,161877.31,161652.66,Train
2016,2.0,US,528171.7,521098.75,Train
2019,10.0,DE,131969.44,132886.69,Train
2013,6.0,KR,72007.19,73053.2,Train
2013,9.0,US,468277.22,471372.47,Train
2015,4.0,CN,366080.94,369876.7,Train
2010,8.0,GB,41109.926,41485.047,Train
2011,10.0,CN,237042.72,240048.25,Train
2012,10.0,CA,27372.787,27601.727,Train
2004,10.0,GB,36618.324,36609.703,Train
2015,2.0,US,507401.0,497665.06,Train
2017,9.0,DE,124393.85,125276.36,Train
2017,4.0,JP,168668.19,169931.92,Train
2004,3.0,CA,26165.191,25810.113,Train
2010,8.0,JP,153244.92,154440.48,Train
2008,10.0,DE,95205.734,96105.76,Train
2009,10.0,KR,49016.746,49862.195,Train
2014,7.0,GB,61344.63,61549.61,Train
2006,10.0,CA,27354.799,27360.07,Train
2006,12.0,DE,86573.8,87390.87,Train
2021,9.0,CA,30477.156,30763.262,Train
2020,8.0,KR,102880.46,104283.516,Train
2011,6.0,JP,158238.56,159343.9,Train
2015,9.0,CN,366080.94,369795.3,Train
2005,11.0,US,390306.5,392438.56,Train
2019,9.0,CA,30696.625,31033.463,Train
2012,8.0,CA,27372.787,27601.887,Train
2017,4.0,DE,124393.85,125401.92,Train
2011,11.0,CA,27247.684,27454.785,Train
2015,6.0,KR,76922.04,78002.61,Train
2011,6.0,KR,61963.402,62985.43,Train
2004,2.0,DE,81542.266,82185.17,Train
2010,10.0,CN,208279.98,211113.84,Train
2013,1.0,DE,106323.26,108772.89,Train
2006,1.0,KR,38561.1,34820.58,Train
2004,6.0,JP,144881.42,145940.81,Train
2006,3.0,DE,86573.8,86421.97,Train
2013,9.0,CN,309205.06,312649.88,Train
2018,9.0,KR,95437.664,96758.945,Train
2011,12.0,JP,158238.56,159369.56,Train
2016,4.0,DE,116904.24,117916.91,Train
2005,5.0,CN,93020.65,95063.74,Train
2019,2.0,CH,18572.926,18288.137,Train
2004,3.0,GB,36618.324,36728.402,Train
2016,2.0,CA,27755.639,27578.518,Train
2009,7.0,JP,151524.28,152764.19,Train
2015,12.0,CN,366080.94,369792.56,Train
2007,3.0,CN,125799.195,124555.84,Train
2018,9.0,CN,464705.25,469020.3,Train
2005,1.0,GB,38064.0,37587.867,Train
2009,9.0,DE,94163.33,95074.91,Train
2012,7.0,GB,40638.273,40684.35,Train
2009,3.0,DE,94163.33,95395.14,Train
2017,4.0,CN,430329.72,434540.88,Train
2015,1.0,GB,62972.816,62698.906,Train
2017,11.0,US,549631.0,553169.5,Train
2015,7.0,CH,16639.893,16975.105,Train
2016,10.0,GB,65503.086,65784.41,Train
2013,3.0,CN,309205.06,305016.12,Train
2012,5.0,CN,274611.2,277883.22,Train
2013,10.0,US,468277.22,471373.78,Train
2006,9.0,GB,39547.8,39775.793,Train
2017,4.0,CA,28228.129,28465.027,Train
2012,12.0,CH,14673.133,14964.193,Train
2008,3.0,JP,165515.16,167284.8,Train
2020,12.0,GB,78153.305,78724.055,Train
2017,10.0,KR,88135.83,89382.86,Train
2013,3.0,KR,72007.19,72193.94,Train
2012,10.0,CN,274611.2,277848.84,Train
2021,4.0,JP,172062.48,173411.97,Train
2007,10.0,US,427754.72,430423.62,Train
2012,4.0,GB,40638.273,40650.875,Train
2009,1.0,US,445321.2,453481.94,Train
2009,8.0,DE,94163.33,95077.05,Train
2022,11.0,CA,28564.36,28801.492,Train
2004,6.0,CN,77572.1,79470.05,Train
2016,7.0,JP,162761.27,163957.12,Train
2008,5.0,DE,95205.734,96115.46,Train
2015,8.0,GB,62972.816,63197.715,Train
2012,9.0,US,454820.4,457772.94,Train
2008,7.0,DE,95205.734,96118.44,Train
2020,1.0,GB,78153.305,81176.99,Train
2013,10.0,GB,42527.477,42595.28,Train
2009,9.0,CN,182882.56,185569.45,Train
2004,5.0,CA,26165.191,26118.346,Train
2004,8.0,JP,144881.42,145951.12,Train
2004,10.0,CH,11214.829,11302.92,Train
2015,7.0,CA,27004.697,27259.793,Train
2010,3.0,JP,153244.92,154113.47,Train
2005,9.0,JP,154899.89,156138.31,Train
2010,4.0,JP,153244.92,154467.75,Train
2004,6.0,CH,11214.829,11445.219,Train
2012,5.0,CA,27372.787,27610.25,Train
2014,4.0,US,481775.47,484968.75,Train
2007,1.0,US,427754.72,411914.94,Train
2013,1.0,KR,72007.19,69150.56,Train
2007,12.0,GB,41634.914,41883.945,Train
2012,6.0,JP,158829.47,159899.56,Train
2015,11.0,US,507401.0,510705.06,Train
2011,4.0,GB,41808.86,41729.934,Train
2011,2.0,KR,61963.402,59524.035,Train
2018,12.0,US,586427.4,590261.75,Train
2015,3.0,US,507401.0,505051.88,Train
2006,3.0,KR,38561.1,38299.887,Train
2016,6.0,JP,162761.27,163949.4,Train
2011,2.0,US,455525.7,452857.25,Train
2014,1.0,CN,336250.72,312728.44,Train
2014,9.0,GB,61344.63,61572.66,Train
2015,5.0,CH,16639.893,17003.121,Train
2017,1.0,CH,17194.875,17054.357,Train
2011,1.0,CA,27247.684,27176.598,Train
2015,9.0,DE,114097.56,115060.53,Train
2021,9.0,JP,172062.48,173336.44,Train
2004,4.0,KR,31539.547,32119.2,Train
2015,10.0,CN,366080.94,369802.0,Train
2021,6.0,US,709712.9,714498.4,Train
2021,3.0,US,709712.9,706181.9,Train
2013,9.0,CA,27007.44,27256.139,Train
2009,4.0,US,445321.2,448058.75,Train
2012,7.0,CA,27372.787,27598.363,Train
2004,5.0,US,374897.03,376742.25,Train
2016,1.0,US,528171.7,511969.0,Train
2014,11.0,DE,110276.33,111252.41,Train
2010,10.0,JP,153244.92,154407.9,Train
2012,1.0,GB,40638.273,42834.39,Train
2010,9.0,KR,55165.46,56062.812,Train
2010,10.0,US,444708.6,447577.38,Train
2007,3.0,CA,27601.584,27619.074,Train
2016,9.0,CA,27755.639,27969.438,Train
2005,9.0,CN,93020.65,95033.64,Train
2011,7.0,GB,41808.86,41772.86,Train
2011,4.0,US,455525.7,458303.06,Train
2010,5.0,CN,208279.98,211149.56,Train
2012,10.0,DE,107564.734,108476.79,Train
2014,6.0,CA,27791.979,28080.117,Train
2016,5.0,US,528171.7,531617.9,Train
2018,9.0,GB,79862.766,80374.72,Train
2015,10.0,JP,168514.03,169743.31,Train
2010,12.0,GB,41109.926,41302.453,Train
2008,9.0,DE,95205.734,96106.13,Train
2019,6.0,CH,18572.926,18972.672,Train
2006,2.0,US,408147.12,401336.0,Train
2013,7.0,GB,42527.477,42586.355,Train
2016,5.0,CA,27755.639,27958.553,Train
2008,5.0,US,449510.44,452330.97,Train
2011,3.0,CA,27247.684,27350.973,Train
2009,5.0,KR,49016.746,49858.992,Train
2015,12.0,GB,62972.816,63177.77,Train
2021,1.0,CA,30477.156,31565.617,Train
2016,5.0,JP,162761.27,163947.2,Train
2010,5.0,US,444708.6,447589.0,Train
2015,10.0,DE,114097.56,115058.0,Train
2017,9.0,CH,17194.875,17541.867,Train
2007,2.0,CN,125799.195,119834.05,Train
2014,10.0,JP,172435.58,173703.58,Train
2019,12.0,CH,18572.926,18932.195,Train
2014,10.0,GB,61344.63,61573.117,Train
2010,9.0,GB,41109.926,41445.184,Train
2019,6.0,GB,79964.05,80517.25,Train
2018,7.0,JP,172586.22,173855.45,Train
2018,2.0,DE,128211.82,127281.45,Train
2021,5.0,KR,110148.08,111600.57,Train
2020,3.0,US,671963.25,667543.9,Train
2018,7.0,CN,464705.25,469031.88,Train
2016,1.0,GB,65503.086,64390.54,Train
2014,6.0,US,481775.47,484968.06,Train
2008,10.0,KR,46192.273,46913.812,Train
2006,6.0,JP,161877.31,163169.06,Train
2013,12.0,CA,27007.44,27233.19,Train
2015,4.0,JP,168514.03,169712.92,Train
2013,8.0,DE,106323.26,107192.7,Train
2015,11.0,DE,114097.56,115053.266,Train
2017,5.0,CH,17194.875,17554.934,Train
2020,7.0,US,671963.25,676438.6,Train
2018,5.0,CA,29895.105,30212.613,Train
2012,11.0,CA,27372.787,27597.535,Train
2020,5.0,KR,102880.46,104303.08,Train
2021,4.0,CA,30477.156,30789.787,Train
2010,2.0,US,444708.6,447955.12,Train
2016,12.0,US,528171.7,531607.3,Train
2017,9.0,CA,28228.129,28496.418,Train
2009,7.0,GB,40910.88,41267.734,Train
2009,9.0,JP,151524.28,152747.06,Train
2013,4.0,KR,72007.19,73026.15,Train
2005,3.0,CN,93020.65,91640.625,Train
2009,6.0,KR,49016.746,49859.79,Train
2010,1.0,CA,26718.271,27195.441,Train
2015,5.0,JP,168514.03,169698.56,Train
2008,3.0,CA,27569.193,27768.287,Train
2018,11.0,US,586427.4,590274.3,Train
2018,5.0,JP,172586.22,173873.45,Train
2018,1.0,JP,172586.22,170088.64,Train
2015,8.0,US,507401.0,510694.1,Train
2008,4.0,KR,46192.273,47049.293,Train
2014,8.0,DE,110276.33,111265.484,Train
2013,1.0,US,468277.22,458954.7,Train
2005,7.0,CN,93020.65,95047.95,Train
2010,3.0,GB,41109.926,41412.1,Train
2005,2.0,CA,26964.236,26653.324,Train
2012,12.0,DE,107564.734,108446.91,Train
2021,8.0,KR,110148.08,111593.96,Train
2010,6.0,DE,97654.82,98585.25,Train
2012,12.0,KR,68017.05,69016.28,Train
2013,12.0,DE,106323.26,107179.03,Train
2019,2.0,CA,30696.625,30663.996,Train
2009,11.0,US,445321.2,448095.2,Train
2007,9.0,CN,125799.195,128098.67,Train
2013,4.0,JP,167387.1,168671.6,Train
2008,3.0,CN,145192.23,143384.52,Train
2006,5.0,CA,27354.799,27291.5,Train
2008,2.0,CN,145192.23,137715.77,Train
2016,3.0,US,528171.7,527085.5,Train
2016,1.0,CA,27755.639,27534.646,Train
2013,9.0,KR,72007.19,73030.28,Train
2020,9.0,US,671963.25,676432.06,Train
2019,10.0,GB,79964.05,80516.34,Train
2017,1.0,US,549631.0,532842.25,Train
2005,4.0,DE,82366.26,82970.33,Train
2016,10.0,KR,79364.75,80472.11,Train
2009,11.0,KR,49016.746,49854.89,Train
2018,7.0,DE,128211.82,129104.266,Train
2021,11.0,JP,172062.48,173334.78,Train
2016,2.0,KR,79364.75,79321.98,Train
2010,4.0,US,444708.6,447608.5,Train
2015,4.0,DE,114097.56,115084.94,Train
2005,4.0,JP,154899.89,156140.47,Train
2020,4.0,JP,167081.61,168340.81,Train
2010,1.0,CN,208279.98,185626.44,Train
2021,7.0,JP,172062.48,173358.0,Train
2009,8.0,CN,182882.56,185576.38,Train
2017,7.0,GB,67444.9,67669.55,Train
2006,6.0,US,408147.12,410544.75,Train
2020,10.0,JP,167081.61,168287.12,Train
2004,1.0,KR,31539.547,27605.857,Train
2004,3.0,KR,31539.547,31422.316,Train
2015,3.0,CA,27004.697,27459.004,Train
2008,4.0,DE,95205.734,96086.2,Train
2005,5.0,KR,33986.34,34588.27,Train
2012,2.0,KR,68017.05,65819.516,Train
2007,10.0,CN,125799.195,128092.29,Train
2005,6.0,CN,93020.65,95054.24,Train
2007,3.0,DE,88723.87,89093.375,Train
2007,12.0,US,427754.72,430413.1,Train
2009,5.0,DE,94163.33,95093.65,Train
2015,3.0,CN,366080.94,363221.84,Train
2010,6.0,CA,26718.271,26866.473,Train
2005,12.0,US,390306.5,392466.0,Train
2009,1.0,KR,49016.746,47172.867,Train
2016,2.0,DE,116904.24,116478.94,Train
2005,2.0,JP,154899.89,150749.97,Train
2020,6.0,KR,102880.46,104291.54,Train
2017,10.0,CH,17194.875,17537.078,Train
2014,11.0,KR,76694.71,77790.58,Train
2020,6.0,JP,167081.61,168359.88,Train
2019,4.0,US,631845.44,636037.9,Train
2017,5.0,US,549631.0,553046.8,Train
2010,11.0,GB,41109.926,41345.484,Train
2018,11.0,KR,95437.664,96750.91,Train
2012,12.0,US,454820.4,457734.8,Train
2013,5.0,DE,106323.26,107210.18,Train
2007,9.0,JP,167583.61,168908.72,Train
2014,12.0,CN,336250.72,339837.62,Train
2020,8.0,GB,78153.305,78758.78,Train
2012,11.0,CH,14673.133,14971.93,Train
2016,7.0,US,528171.7,531649.75,Train
2019,3.0,CA,30696.625,30879.969,Train
2006,7.0,JP,161877.31,163161.34,Train
2005,11.0,GB,38064.0,38154.27,Train
2006,10.0,JP,161877.31,163129.0,Train
2011,1.0,GB,41808.86,42085.773,Train
2015,12.0,KR,76922.04,77953.12,Train
2019,12.0,CA,30696.625,31012.16,Train
2010,3.0,CN,208279.98,205525.45,Train
2018,11.0,JP,172586.22,173797.28,Train
2010,6.0,KR,55165.46,56063.9,Train
2017,12.0,KR,88135.83,89373.64,Train
2008,1.0,JP,165515.16,169018.6,Train
2016,9.0,CN,399390.16,403372.62,Train
2020,2.0,CA,31111.027,31284.77,Train
2021,3.0,JP,172062.48,172316.88,Train
2017,3.0,DE,124393.85,123852.734,Train
2005,10.0,KR,33986.34,34637.773,Train
2020,8.0,CA,31111.027,31450.902,Train
2022,1.0,CA,28564.36,30907.82,Train
2014,9.0,US,481775.47,484950.06,Train
2011,8.0,KR,61963.402,62930.93,Train
2004,5.0,JP,144881.42,145897.36,Train
2019,2.0,US,631845.44,612724.25,Train
2021,9.0,US,709712.9,714487.25,Train
2014,11.0,CA,27791.979,28032.672,Train
2009,1.0,DE,94163.33,96340.66,Train
2022,2.0,CA,28564.36,29826.309,Train
2007,2.0,KR,43096.543,41425.797,Train
2005,4.0,CN,93020.65,95070.47,Train
2016,11.0,CN,399390.16,403353.6,Train
2008,4.0,JP,165515.16,166813.69,Train
2005,2.0,GB,38064.0,37383.11,Train
2017,6.0,GB,67444.9,67601.016,Train
2008,4.0,GB,41333.51,41697.58,Train
2013,8.0,JP,167387.1,168590.38,Train
2011,7.0,KR,61963.402,62978.793,Train
2013,3.0,US,468277.22,468375.75,Train
2011,9.0,DE,104287.33,105138.984,Train
2020,2.0,KR,102880.46,102836.88,Train
2010,2.0,DE,97654.82,96847.76,Train
2012,1.0,CN,274611.2,240121.66,Train
2012,12.0,CN,274611.2,277833.28,Train
2010,5.0,JP,153244.92,154453.69,Train
2013,2.0,US,468277.22,464444.94,Train
2004,7.0,GB,36618.324,36535.28,Train
2004,11.0,CN,77572.1,79431.3,Train
2017,1.0,CA,28228.129,28305.016,Train
2004,2.0,CA,26165.191,25531.406,Train
2004,10.0,JP,144881.42,145932.22,Train
2015,2.0,CH,16639.893,15999.59,Train
2015,3.0,KR,76922.04,77965.8,Train
2012,3.0,CN,274611.2,269557.97,Train
2008,9.0,JP,165515.16,166808.86,Train
2021,10.0,CA,30477.156,30758.918,Train
2014,10.0,CA,27791.979,28038.383,Train
2009,5.0,JP,151524.28,152769.77,Train
2004,9.0,CH,11214.829,11299.809,Train
2015,12.0,CA,27004.697,27224.254,Train
2015,6.0,CA,27004.697,27261.348,Train
2006,9.0,KR,38561.1,39217.1,Train
2019,2.0,JP,171840.94,173583.19,Train
2009,4.0,CN,182882.56,185603.1,Train
2006,12.0,CA,27354.799,27346.844,Train
2006,11.0,CA,27354.799,27347.547,Train
2004,12.0,KR,31539.547,32156.621,Train
2007,6.0,GB,41634.914,41904.945,Train
2004,9.0,CN,77572.1,79445.8,Train
2011,6.0,CN,237042.72,240075.02,Train
2013,2.0,CA,27007.44,27406.54,Train
2009,10.0,CN,182882.56,185563.12,Train
2004,1.0,CA,26165.191,24696.588,Train
2012,7.0,DE,107564.734,108478.586,Train
2008,1.0,CN,145192.23,128160.5,Train
2005,11.0,DE,82366.26,83048.46,Train
2013,7.0,US,468277.22,471341.62,Train
2007,4.0,DE,88723.87,89587.516,Train
2020,9.0,CA,31111.027,31447.477,Train
2016,10.0,JP,162761.27,163946.28,Train
2016,2.0,GB,65503.086,64585.086,Train
2015,9.0,KR,76922.04,77994.83,Train
2019,7.0,GB,79964.05,80532.9,Train
2008,6.0,KR,46192.273,47020.89,Train
2010,8.0,DE,97654.82,98563.89,Train
2015,9.0,CA,27004.697,27259.867,Train
2021,9.0,DE,129005.31,130027.05,Train
2008,7.0,CA,27569.193,27684.73,Train
2005,1.0,JP,154899.89,146175.19,Train
2009,12.0,GB,40910.88,41242.164,Train
2006,9.0,CN,109713.72,111863.22,Train
2005,10.0,CN,93020.65,95025.734,Train
2018,4.0,CA,29895.105,30216.156,Train
2022,9.0,CA,28564.36,28814.242,Train
2019,11.0,DE,131969.44,132884.94,Train
2014,2.0,DE,110276.33,109232.11,Train
2015,10.0,GB,62972.816,63207.3,Train
2012,1.0,KR,68017.05,63041.125,Train
2012,7.0,CN,274611.2,277869.53,Train
2009,7.0,DE,94163.33,95086.56,Train
2004,1.0,CN,77572.1,59728.984,Train
2006,4.0,CA,27354.799,27220.146,Train
2007,11.0,CN,125799.195,128086.305,Train
2017,4.0,GB,67444.9,67411.016,Train
2012,11.0,CN,274611.2,277840.8,Train
2017,3.0,CN,430329.72,427708.06,Train
2017,9.0,KR,88135.83,89396.5,Train
2009,8.0,US,445321.2,448096.28,Train
2004,12.0,US,374897.03,376723.0,Train
2017,11.0,CH,17194.875,17531.898,Train
2011,3.0,KR,61963.402,61513.105,Train
2021,12.0,KR,110148.08,111588.39,Train
2004,5.0,CN,77572.1,79476.77,Train
2012,3.0,JP,158829.47,159789.38,Train
2008,10.0,CA,27569.193,27684.465,Train
2010,1.0,KR,55165.46,49993.1,Train
2008,6.0,CA,27569.193,27678.932,Train
2015,2.0,CA,27004.697,27660.543,Train
2019,1.0,DE,131969.44,129683.266,Train
2005,10.0,CA,26964.236,26992.092,Train
2014,12.0,KR,76694.71,77767.836,Train
2014,9.0,DE,110276.33,111269.97,Train
2011,9.0,CN,237042.72,240055.05,Train
2010,6.0,US,444708.6,447601.12,Train
2008,9.0,CN,145192.23,147644.6,Train
2009,12.0,CN,182882.56,185549.38,Train
2018,10.0,CA,29895.105,30186.012,Train
2013,7.0,CN,309205.06,312661.3,Train
2012,6.0,US,454820.4,457771.0,Train
2013,11.0,KR,72007.19,73029.5,Train
2010,7.0,KR,55165.46,56057.938,Train
2013,2.0,DE,106323.26,107745.95,Train
2010,2.0,KR,55165.46,52873.51,Train
2020,11.0,US,671963.25,676390.8,Train
2009,6.0,DE,94163.33,95084.53,Train
2013,6.0,JP,167387.1,168585.16,Train
2008,3.0,DE,95205.734,94698.016,Train
2016,6.0,CA,27755.639,27966.629,Train
2014,5.0,KR,76694.71,77825.17,Train
2007,3.0,KR,43096.543,42873.625,Train
2011,5.0,JP,158238.56,159396.36,Train
2019,1.0,JP,171840.94,174040.4,Train
2005,11.0,CA,26964.236,26997.578,Train
2018,5.0,GB,79862.766,80366.875,Train
2014,9.0,JP,172435.58,173720.77,Train
2019,9.0,KR,99970.92,101355.8,Train
2006,10.0,US,408147.12,410601.38,Train
2012,4.0,CN,274611.2,277890.2,Train
2015,1.0,DE,114097.56,111534.48,Train
2013,11.0,GB,42527.477,42574.562,Train
2004,7.0,CH,11214.829,11387.994,Train
2010,3.0,KR,55165.46,54732.15,Train
2020,2.0,DE,125566.64,129938.49,Train
2008,1.0,CA,27569.193,28038.033,Train
2015,11.0,CN,366080.94,369805.94,Train
2021,2.0,KR,110148.08,107899.195,Train
2020,10.0,GB,78153.305,78741.984,Train
2015,2.0,JP,168514.03,171737.72,Train
2019,4.0,JP,171840.94,173166.31,Train
2010,5.0,GB,41109.926,41459.91,Train
2019,12.0,KR,99970.92,101322.69,Train
2004,11.0,CA,26165.191,26099.863,Train
2021,4.0,DE,129005.31,130057.125,Train
2011,6.0,DE,104287.33,105154.875,Train
2015,5.0,KR,76922.04,78015.18,Train
2020,6.0,CA,31111.027,31471.145,Train
2021,8.0,US,709712.9,714487.0,Train
2010,10.0,KR,55165.46,56057.746,Train
2017,3.0,KR,88135.83,87492.1,Train
2005,10.0,US,390306.5,392440.0,Train
2007,4.0,CN,125799.195,128128.586,Train
2012,6.0,DE,107564.734,108479.3,Train
2010,11.0,KR,55165.46,56017.977,Train
2018,3.0,US,586427.4,582091.9,Train
2021,5.0,DE,129005.31,130056.94,Train
2013,6.0,CA,27007.44,27265.178,Train
2013,4.0,CA,27007.44,27263.996,Train
2013,10.0,CN,309205.06,312642.5,Train
2012,4.0,US,454820.4,457748.3,Train
2004,6.0,KR,31539.547,32177.59,Train
2019,9.0,GB,79964.05,80533.8,Train
2017,5.0,JP,168668.19,169855.81,Train
2017,3.0,CA,28228.129,28350.523,Train
2012,6.0,KR,68017.05,69056.2,Train
2013,9.0,GB,42527.477,42586.07,Train
2005,8.0,CA,26964.236,27042.266,Train
2005,5.0,US,390306.5,392364.5,Train
2008,8.0,CH,13032.204,13282.023,Train
2019,2.0,DE,131969.44,130854.95,Train
2007,3.0,GB,41634.914,41490.2,Train
2012,5.0,US,454820.4,457748.53,Train
2018,10.0,CN,464705.25,468991.75,Train
2005,1.0,CN,93020.65,79503.87,Train
2006,5.0,JP,161877.31,163186.6,Train
2016,4.0,CA,27755.639,27954.637,Train
2005,6.0,JP,154899.89,156151.45,Train
2010,4.0,CA,26718.271,26855.645,Train
2008,8.0,CA,27569.193,27675.023,Train
2010,2.0,CA,26718.271,26905.484,Train
2009,5.0,CA,26802.73,26850.723,Train
2011,5.0,GB,41808.86,41784.36,Train
2007,6.0,CN,125799.195,128119.72,Train
2020,11.0,CA,31111.027,31437.648,Train
2012,3.0,CA,27372.787,27570.012,Train
2004,11.0,US,374897.03,376724.66,Train
2005,2.0,US,390306.5,384439.28,Train
2006,7.0,KR,38561.1,39240.53,Train
2006,5.0,US,408147.12,410553.9,Train
2019,6.0,US,631845.44,636025.1,Train
2007,8.0,GB,41634.914,41908.39,Train
2006,2.0,KR,38561.1,36851.445,Train
2018,10.0,US,586427.4,590284.9,Train
2013,11.0,US,468277.22,471369.78,Train
2019,10.0,KR,99970.92,101352.19,Train
2007,7.0,US,427754.72,430443.88,Train
2006,8.0,GB,39547.8,39765.66,Train
2019,11.0,GB,79964.05,80498.484,Train
2008,3.0,KR,46192.273,46377.367,Train
2008,11.0,DE,95205.734,96108.39,Train
2019,5.0,CH,18572.926,18979.42,Train
2008,12.0,US,449510.44,452362.8,Train
2006,8.0,JP,161877.31,163144.34,Train
2018,6.0,DE,128211.82,129077.86,Train
2015,7.0,GB,62972.816,63170.78,Train
2011,5.0,US,455525.7,458326.5,Train
2006,1.0,DE,86573.8,83385.58,Train
2010,1.0,JP,153244.92,152852.98,Train
2007,4.0,US,427754.72,430464.16,Train
2005,11.0,KR,33986.34,34608.906,Train
2015,1.0,CN,366080.94,339940.94,Train
2015,6.0,CH,16639.893,16989.38,Train
2010,7.0,US,444708.6,447612.56,Train
2011,12.0,CA,27247.684,27451.348,Train
2021,3.0,DE,129005.31,129306.266,Train
2008,12.0,GB,41333.51,41648.59,Train
2006,11.0,GB,39547.8,39778.93,Train
2011,3.0,US,455525.7,455994.56,Train
2010,11.0,DE,97654.82,98489.94,Train
2014,11.0,GB,61344.63,61555.04,Train
2005,9.0,CA,26964.236,27004.879,Train
2005,8.0,CN,93020.65,95039.91,Train
2017,5.0,CA,28228.129,28485.621,Train
2013,2.0,KR,72007.19,70975.47,Train
2017,10.0,GB,67444.9,67753.28,Train
2011,10.0,CA,27247.684,27467.355,Train
2016,6.0,KR,79364.75,80513.35,Train
2011,10.0,KR,61963.402,62922.11,Train
2008,7.0,CH,13032.204,13290.367,Train
2005,8.0,US,390306.5,392381.8,Train
2005,4.0,US,390306.5,392393.6,Train
2013,11.0,CN,309205.06,312635.62,Train
2009,6.0,CN,182882.56,185588.6,Train
2012,11.0,DE,107564.734,108468.0,Train
2012,5.0,JP,158829.47,159884.78,Train
2021,10.0,DE,129005.31,130030.81,Train
2012,11.0,KR,68017.05,69020.95,Train
2005,3.0,CA,26964.236,26865.457,Train
2010,5.0,DE,97654.82,98620.195,Train
2004,6.0,US,374897.03,376760.0,Train
2012,5.0,KR,68017.05,69055.53,Validation
2017,3.0,CH,17194.875,17439.305,Validation
2013,11.0,CA,27007.44,27242.71,Validation
2012,4.0,JP,158829.47,159939.94,Validation
2005,2.0,CN,93020.65,87118.28,Validation
2005,10.0,JP,154899.89,156124.81,Validation
2008,6.0,US,449510.44,452346.97,Validation
2011,4.0,CN,237042.72,240090.03,Validation
2015,8.0,CH,16639.893,16971.434,Validation
2015,4.0,US,507401.0,510716.16,Validation
2011,8.0,CA,27247.684,27476.012,Validation
2011,7.0,DE,104287.33,105145.19,Validation
2004,12.0,CA,26165.191,26125.074,Validation
2016,8.0,DE,116904.24,117862.664,Validation
2015,3.0,CH,16639.893,16579.256,Validation
2007,1.0,CN,125799.195,111930.82,Validation
2011,4.0,JP,158238.56,159416.44,Validation
2012,10.0,KR,68017.05,69024.68,Validation
2011,3.0,DE,104287.33,103651.94,Validation
2008,8.0,DE,95205.734,96117.11,Validation
2020,7.0,GB,78153.305,78762.03,Validation
2019,11.0,CA,30696.625,31017.46,Validation
2013,12.0,US,468277.22,471326.75,Validation
2019,8.0,KR,99970.92,101369.81,Validation
2017,5.0,CN,430329.72,434401.6,Validation
2019,8.0,CA,30696.625,31041.824,Validation
2011,11.0,DE,104287.33,105115.44,Validation
2011,5.0,CN,237042.72,240082.75,Validation
2015,6.0,JP,168514.03,169729.02,Validation
2011,6.0,US,455525.7,458279.7,Validation
2006,7.0,DE,86573.8,87390.89,Validation
2017,8.0,KR,88135.83,89419.98,Validation
2019,11.0,US,631845.44,636023.75,Validation
2006,5.0,KR,38561.1,39262.0,Validation
2017,8.0,CH,17194.875,17546.094,Validation
2020,4.0,CA,31111.027,31487.598,Validation
2017,7.0,JP,168668.19,169863.47,Validation
2019,3.0,GB,79964.05,80515.5,Validation
2007,1.0,CA,27601.584,27806.629,Validation
2006,2.0,DE,86573.8,85011.734,Validation
2005,7.0,KR,33986.34,34643.164,Validation
2014,11.0,JP,172435.58,173698.05,Validation
2020,12.0,KR,102880.46,104253.8,Validation
2013,8.0,US,468277.22,471362.62,Validation
2017,6.0,JP,168668.19,169855.8,Validation
2011,7.0,JP,158238.56,159368.6,Validation
2013,3.0,GB,42527.477,42112.03,Validation
2006,8.0,CA,27354.799,27352.824,Validation
2013,12.0,CN,309205.06,312628.44,Validation
2008,4.0,CH,13032.204,13296.444,Validation
2006,3.0,CA,27354.799,27304.582,Validation
2010,7.0,CN,208279.98,211136.72,Validation
2017,12.0,CH,17194.875,17526.436,Validation
2009,7.0,KR,49016.746,49853.13,Validation
2016,4.0,US,528171.7,531658.25,Validation
2021,6.0,DE,129005.31,130014.82,Validation
2017,1.0,CN,430329.72,403475.0,Validation
2006,7.0,US,408147.12,410552.9,Validation
2022,6.0,CA,28564.36,28822.29,Validation
2021,12.0,US,709712.9,714410.25,Validation
2017,10.0,CN,430329.72,434363.62,Validation
2006,2.0,JP,161877.31,159713.9,Validation
2011,11.0,US,455525.7,458342.38,Validation
2013,4.0,US,468277.22,471380.4,Validation
2009,12.0,KR,49016.746,49851.125,Validation
2009,5.0,CN,182882.56,185595.4,Validation
2007,5.0,GB,41634.914,41927.03,Validation
2020,8.0,JP,167081.61,168301.97,Validation
2018,9.0,US,586427.4,590289.2,Validation
2019,3.0,US,631845.44,625954.5,Validation
2019,6.0,DE,131969.44,132874.44,Validation
2018,11.0,CN,464705.25,468983.1,Validation
2013,6.0,GB,42527.477,42589.58,Validation
2010,4.0,CN,208279.98,211156.47,Validation
2015,12.0,CH,16639.893,16933.852,Validation
2004,11.0,GB,36618.324,36637.867,Validation
2005,11.0,JP,154899.89,156130.14,Validation
2019,1.0,US,631845.44,591109.0,Validation
2007,9.0,DE,88723.87,89552.87,Validation
2008,6.0,GB,41333.51,41670.03,Validation
2006,6.0,CN,109713.72,111885.9,Validation
2005,3.0,JP,154899.89,153833.02,Validation
2007,2.0,GB,41634.914,40951.492,Validation
2017,6.0,KR,88135.83,89428.734,Validation
2014,4.0,KR,76694.71,77824.375,Validation
2011,4.0,CA,27247.684,27465.08,Validation
2004,4.0,JP,144881.42,145820.44,Validation
2017,11.0,DE,124393.85,125259.63,Validation
2005,5.0,JP,154899.89,156169.98,Validation
2021,11.0,US,709712.9,714426.4,Validation
2014,1.0,KR,76694.71,73171.96,Validation
2019,3.0,KR,99970.92,100380.734,Validation
2018,1.0,GB,79862.766,68623.28,Validation
2004,7.0,KR,31539.547,32178.125,Validation
2021,12.0,JP,172062.48,173337.86,Validation
2019,9.0,JP,171840.94,173115.56,Validation
2021,7.0,US,709712.9,714493.2,Validation
2019,3.0,CH,18572.926,18686.008,Validation
2021,2.0,US,709712.9,695186.7,Validation
2019,4.0,GB,79964.05,80526.46,Validation
2013,1.0,GB,42527.477,41715.703,Validation
2005,12.0,DE,82366.26,83050.81,Validation
2021,1.0,JP,172062.48,168502.25,Validation
2014,3.0,CN,336250.72,333899.53,Validation
2018,1.0,DE,128211.82,125845.06,Validation
2012,7.0,US,454820.4,457780.06,Validation
2017,11.0,CA,28228.129,28497.035,Validation
2004,4.0,CA,26165.191,26095.438,Validation
2012,4.0,DE,107564.734,108479.06,Validation
2017,3.0,JP,168668.19,168708.2,Validation
2015,8.0,DE,114097.56,115061.336,Validation
2015,11.0,JP,168514.03,169727.94,Validation
2019,12.0,GB,79964.05,80478.02,Validation
2018,1.0,US,586427.4,554148.75,Validation
2009,2.0,CA,26802.73,27280.527,Validation
2007,6.0,DE,88723.87,89571.625,Validation
2007,4.0,KR,43096.543,43860.67,Validation
2012,12.0,GB,40638.273,40638.88,Validation
2008,12.0,KR,46192.273,46908.33,Validation
2021,8.0,JP,172062.48,173349.62,Validation
2007,2.0,DE,88723.87,88343.46,Validation
2013,6.0,DE,106323.26,107199.09,Validation
2004,1.0,JP,144881.42,141380.55,Validation
2017,7.0,US,549631.0,553121.3,Validation
2017,8.0,CN,430329.72,434363.9,Validation
2007,4.0,GB,41634.914,41930.383,Validation
2020,2.0,JP,167081.61,170766.9,Validation
2005,7.0,US,390306.5,392357.94,Validation
2018,12.0,CA,29895.105,30175.557,Validation
2004,1.0,DE,81542.266,82360.41,Validation
2021,12.0,DE,129005.31,129996.8,Validation
2007,5.0,CN,125799.195,128124.734,Validation
2019,8.0,GB,79964.05,80531.86,Validation
2011,7.0,CN,237042.72,240067.62,Validation
2010,8.0,KR,55165.46,56061.047,Validation
2014,8.0,JP,172435.58,173726.25,Validation
2011,12.0,GB,41808.86,41784.38,Validation
2009,2.0,CN,182882.56,166231.47,Validation
2019,5.0,JP,171840.94,173175.77,Validation
2011,7.0,CA,27247.684,27484.553,Validation
2014,2.0,CA,27791.979,27684.867,Validation
2004,11.0,CH,11214.829,11301.553,Validation
2017,5.0,DE,124393.85,125338.56,Validation
2010,11.0,CA,26718.271,26834.625,Validation
2011,9.0,CA,27247.684,27463.617,Validation
2017,7.0,CA,28228.129,28498.893,Validation
2007,5.0,DE,88723.87,89589.75,Validation
2009,12.0,DE,94163.33,95051.39,Validation
2007,7.0,KR,43096.543,43862.656,Validation
2010,9.0,CN,208279.98,211121.44,Validation
2012,6.0,GB,40638.273,40666.27,Validation
2013,7.0,CA,27007.44,27260.75,Validation
2008,3.0,CH,13032.204,12937.195,Validation
2021,11.0,DE,129005.31,130015.95,Validation
2021,12.0,CA,30477.156,30748.865,Validation
2015,8.0,CA,27004.697,27258.15,Validation
2004,7.0,US,374897.03,376744.0,Validation
2010,2.0,GB,41109.926,41342.426,Validation
2010,2.0,JP,153244.92,153681.22,Validation
2007,2.0,CA,27601.584,27502.936,Validation
2016,6.0,GB,65503.086,65735.56,Validation
2014,10.0,US,481775.47,484920.22,Validation
2012,5.0,GB,40638.273,40681.344,Validation
2019,7.0,JP,171840.94,173110.81,Validation
2007,10.0,DE,88723.87,89559.63,Validation
2010,10.0,CA,26718.271,26847.209,Validation
2011,1.0,DE,104287.33,98794.78,Validation
2012,3.0,GB,40638.273,40960.113,Validation
2018,8.0,DE,128211.82,129120.266,Validation
2019,4.0,CH,18572.926,18986.164,Validation
2011,2.0,DE,104287.33,101691.875,Validation
2010,12.0,DE,97654.82,98483.055,Validation
2008,7.0,KR,46192.273,46929.906,Validation
2006,6.0,DE,86573.8,87364.97,Validation
2008,1.0,GB,41333.51,42580.04,Validation
2005,12.0,KR,33986.34,34605.52,Validation
2021,2.0,CA,30477.156,31142.594,Validation
2019,1.0,CH,18572.926,17613.807,Validation
2016,10.0,CA,27755.639,27963.91,Validation
2009,3.0,KR,49016.746,49282.406,Validation
2019,8.0,US,631845.44,636047.25,Validation
2006,8.0,KR,38561.1,39224.836,Validation
2006,12.0,KR,38561.1,39214.773,Validation
2012,2.0,CN,274611.2,258580.86,Validation
2011,12.0,DE,104287.33,105114.19,Validation
2019,7.0,DE,131969.44,132878.61,Validation
2021,7.0,KR,110148.08,111595.7,Validation
2010,11.0,CN,208279.98,211106.73,Validation
2004,12.0,JP,144881.42,145905.73,Validation
2013,7.0,JP,167387.1,168582.81,Validation
2008,5.0,KR,46192.273,47043.453,Validation
2018,3.0,DE,128211.82,128296.39,Validation
2017,1.0,DE,124393.85,118210.29,Validation
2012,2.0,DE,107564.734,106821.94,Validation
2019,12.0,US,631845.44,636010.0,Validation
2014,9.0,CN,336250.72,339863.7,Validation
2014,2.0,GB,61344.63,51732.75,Validation
2013,4.0,CN,309205.06,312685.4,Validation
2004,8.0,CH,11214.829,11314.408,Validation
2008,9.0,KR,46192.273,46906.312,Validation
2011,9.0,JP,158238.56,159399.31,Validation
2017,12.0,DE,124393.85,125261.914,Validation
2014,5.0,GB,61344.63,61549.035,Validation
2018,6.0,GB,79862.766,80349.86,Validation
2011,1.0,JP,158238.56,154556.58,Validation
2004,7.0,CA,26165.191,26084.574,Validation
2019,8.0,JP,171840.94,173106.0,Validation
2021,10.0,US,709712.9,714459.25,Validation
2007,6.0,KR,43096.543,43868.348,Validation
2010,4.0,GB,41109.926,41470.492,Validation
2013,3.0,CA,27007.44,27354.945,Validation
2013,10.0,DE,106323.26,107206.3,Validation
2008,5.0,CN,145192.23,147674.31,Validation
2011,8.0,US,455525.7,458336.5,Validation
2018,12.0,JP,172586.22,173790.14,Validation
2006,10.0,KR,38561.1,39201.82,Validation
2014,10.0,KR,76694.71,77797.016,Validation
2005,12.0,GB,38064.0,38140.855,Validation
2019,10.0,CH,18572.926,18945.688,Validation
2004,12.0,GB,36618.324,36635.75,Validation
2009,1.0,CA,26802.73,28001.926,Validation
2009,12.0,CA,26802.73,26807.621,Validation
2008,7.0,GB,41333.51,41674.98,Validation
2016,5.0,DE,116904.24,117909.67,Validation
2020,5.0,GB,78153.305,78757.11,Validation
2017,6.0,DE,124393.85,125316.53,Validation
2012,10.0,US,454820.4,457731.56,Validation
2014,2.0,KR,76694.71,75319.8,Validation
2012,5.0,CH,14673.133,15015.313,Validation
2017,1.0,JP,168668.19,164130.75,Validation
2013,12.0,KR,72007.19,73005.76,Validation
2017,10.0,CA,28228.129,28497.86,Validation
2012,2.0,GB,40638.273,41203.42,Validation
2008,1.0,CH,13032.204,11581.217,Validation
2021,6.0,JP,172062.48,173348.56,Validation
2010,4.0,KR,55165.46,56046.375,Validation
2013,6.0,US,468277.22,471314.38,Validation
2009,3.0,CA,26802.73,27035.809,Validation
2010,12.0,CA,26718.271,26824.07,Validation
2004,8.0,DE,81542.266,82168.26,Validation
2008,1.0,US,449510.44,431632.8,Validation
2008,5.0,CH,13032.204,13269.094,Validation
2021,7.0,DE,129005.31,130015.51,Validation
2006,6.0,KR,38561.1,39289.848,Validation
2015,9.0,US,507401.0,510710.62,Validation
2011,2.0,CA,27247.684,27147.094,Validation
2012,11.0,GB,40638.273,40653.867,Validation
2014,11.0,CN,336250.72,339841.3,Test
2004,10.0,US,374897.03,376732.25,Test
2012,11.0,US,454820.4,457729.84,Test
2013,10.0,JP,167387.1,168575.25,Test
2016,12.0,GB,65503.086,65762.49,Test
2015,7.0,JP,168514.03,169746.86,Test
2016,6.0,CN,399390.16,403395.62,Test
2018,8.0,US,586427.4,590294.5,Test
2008,8.0,US,449510.44,452380.44,Test
2018,6.0,US,586427.4,590260.2,Test
2016,8.0,US,528171.7,531614.44,Test
2014,4.0,JP,172435.58,173710.2,Test
2008,7.0,CN,145192.23,147658.78,Test
2011,5.0,DE,104287.33,105178.555,Test
2006,7.0,CA,27354.799,27323.059,Test
2011,2.0,JP,158238.56,156799.95,Test
2010,7.0,DE,97654.82,98578.5,Test
2019,4.0,KR,99970.92,101398.86,Test
2012,9.0,DE,107564.734,108477.12,Test
2015,6.0,US,507401.0,510685.94,Test
2006,11.0,JP,161877.31,163129.9,Test
2007,4.0,JP,167583.61,168980.66,Test
2018,4.0,JP,172586.22,173872.84,Test
2016,2.0,CN,399390.16,386224.8,Test
2018,8.0,JP,172586.22,173854.7,Test
2007,12.0,DE,88723.87,89566.83,Test
2020,1.0,US,671963.25,636801.9,Test
2005,3.0,KR,33986.34,33917.25,Test
2021,8.0,DE,129005.31,130025.61,Test
2020,1.0,JP,167081.61,173289.19,Test
2017,10.0,US,549631.0,553174.56,Test
2015,12.0,US,507401.0,510708.75,Test
2016,12.0,DE,116904.24,117832.32,Test
2019,11.0,CH,18572.926,18938.941,Test
2012,4.0,CA,27372.787,27605.742,Test
2008,3.0,US,449510.44,447533.16,Test
2006,12.0,GB,39547.8,39770.297,Test
2015,5.0,US,507401.0,510703.4,Test
2016,11.0,DE,116904.24,117842.62,Test
2005,8.0,KR,33986.34,34655.957,Test
2007,3.0,JP,167583.61,167707.44,Test
2018,1.0,CA,29895.105,28675.379,Test
2008,12.0,CA,27569.193,27686.33,Test
2005,12.0,CA,26964.236,26966.623,Test
2012,4.0,CH,14673.133,15019.095,Test
2019,9.0,DE,131969.44,132892.69,Test
2008,2.0,CA,27569.193,27781.023,Test
2015,7.0,US,507401.0,510688.5,Test
2014,1.0,GB,61344.63,43679.11,Test
2011,9.0,KR,61963.402,62928.21,Test
2009,10.0,JP,151524.28,152740.78,Test
2022,5.0,CA,28564.36,28827.441,Test
2012,9.0,JP,158829.47,159905.31,Test
2008,11.0,GB,41333.51,41649.633,Test
2009,6.0,CA,26802.73,26837.746,Test
2013,7.0,DE,106323.26,107184.28,Test
2011,11.0,JP,158238.56,159373.81,Test
2018,10.0,JP,172586.22,173806.56,Test
2014,2.0,US,481775.47,478076.9,Test
2018,3.0,JP,172586.22,173073.19,Test
2004,3.0,US,374897.03,375552.25,Test
2020,10.0,KR,102880.46,104274.305,Test
2005,9.0,KR,33986.34,34629.28,Test
2004,12.0,DE,81542.266,82159.12,Test
2014,4.0,CA,27791.979,28077.11,Test
2020,6.0,US,671963.25,676447.3,Test
2010,5.0,CA,26718.271,26857.855,Test
2015,6.0,CN,366080.94,369779.16,Test
2013,5.0,CN,309205.06,312675.0,Test
2017,2.0,GB,67444.9,66432.86,Test
2008,4.0,CA,27569.193,27759.262,Test
2009,11.0,CA,26802.73,26808.89,Test
2021,1.0,DE,129005.31,127038.734,Test
2004,5.0,KR,31539.547,32161.41,Test
2005,1.0,DE,82366.26,82634.96,Test
2014,5.0,CA,27791.979,28072.855,Test
2009,5.0,US,445321.2,448060.75,Test
2011,1.0,KR,61963.402,56201.65,Test
2011,11.0,GB,41808.86,41791.445,Test
2015,10.0,US,507401.0,510711.94,Test
2011,8.0,CN,237042.72,240061.38,Test
2012,8.0,DE,107564.734,108464.86,Test
2009,11.0,JP,151524.28,152728.83,Test
2006,8.0,DE,86573.8,87398.7,Test
2018,8.0,CA,29895.105,30196.275,Test
2015,12.0,DE,114097.56,115048.55,Test
2015,9.0,GB,62972.816,63213.79,Test
2016,12.0,JP,162761.27,163943.0,Test
2009,2.0,KR,49016.746,48402.43,Test
2016,3.0,GB,65503.086,65213.31,Test
2013,10.0,KR,72007.19,73031.45,Test
2014,10.0,CN,336250.72,339844.44,Test
2007,12.0,KR,43096.543,43815.3,Test
2019,5.0,KR,99970.92,101395.375,Test
2017,3.0,US,549631.0,548314.2,Test
2014,7.0,DE,110276.33,111264.06,Test
2014,4.0,DE,110276.33,111263.6,Test
2009,8.0,CA,26802.73,26811.775,Test
2007,6.0,JP,167583.61,168911.89,Test
2006,1.0,JP,161877.31,156305.69,Test
2007,7.0,DE,88723.87,89569.875,Test
2017,1.0,KR,88135.83,80597.23,Test
2005,9.0,GB,38064.0,38137.914,Test
2018,4.0,GB,79862.766,80350.234,Test
2020,4.0,US,671963.25,676478.4,Test
2007,9.0,US,427754.72,430436.75,Test
2018,10.0,DE,128211.82,129130.31,Test
2020,8.0,DE,125566.64,126531.28,Test
2015,7.0,DE,114097.56,115062.94,Test
2006,6.0,CA,27354.799,27336.406,Test
2015,8.0,JP,168514.03,169738.12,Test
2011,1.0,US,455525.7,448667.75,Test
2004,12.0,CN,77572.1,79425.03,Test
2018,9.0,JP,172586.22,173815.16,Test
2015,4.0,CA,27004.697,27260.594,Test
2005,6.0,KR,33986.34,34622.555,Test
2015,5.0,GB,62972.816,63128.895,Test
2013,3.0,JP,167387.1,166777.28,Test
2018,7.0,GB,79862.766,80360.125,Test
2010,12.0,KR,55165.46,56021.047,Test
2016,5.0,KR,79364.75,80513.49,Test
2019,5.0,CA,30696.625,31062.432,Test
2005,5.0,DE,82366.26,82997.55,Test
2009,4.0,GB,40910.88,41295.156,Test
2009,11.0,CN,182882.56,185556.47,Test
2004,10.0,KR,31539.547,32152.48,Test
2017,7.0,CN,430329.72,434362.94,Test
2018,12.0,KR,95437.664,96746.52,Test
2013,4.0,DE,106323.26,107162.89,Test
2016,9.0,DE,116904.24,117858.55,Test
2009,11.0,GB,40910.88,41253.805,Test
2005,1.0,KR,33986.34,32335.43,Test
2006,11.0,CN,109713.72,111851.55,Test
2004,9.0,KR,31539.547,32143.965,Test
2015,10.0,CA,27004.697,27248.734,Test
2006,4.0,GB,39547.8,39799.82,Test
2010,5.0,KR,55165.46,56053.81,Test
2011,12.0,US,455525.7,458352.47,Test
2009,7.0,US,445321.2,448091.12,Test
2010,7.0,JP,153244.92,154439.9,Test
2013,2.0,CN,309205.06,294897.7,Test
2012,1.0,DE,107564.734,105464.05,Test
2013,2.0,GB,42527.477,41533.242,Test
2020,12.0,CA,31111.027,31427.037,Test
2020,7.0,CA,31111.027,31459.557,Test
2007,9.0,CA,27601.584,27703.121,Test
2017,6.0,CH,17194.875,17551.53,Test
2014,3.0,DE,110276.33,110341.53,Test
2004,2.0,GB,36618.324,36776.78,Test
2014,3.0,KR,76694.71,76761.766,Test
2005,4.0,GB,38064.0,38151.402,Test
2013,8.0,CA,27007.44,27256.652,Test
2014,7.0,JP,172435.58,173736.0,Test
2009,2.0,GB,40910.88,41610.234,Test
2016,3.0,KR,79364.75,80021.984,Test
2014,6.0,DE,110276.33,111295.47,Test
2008,2.0,JP,165515.16,167923.27,Test
2009,8.0,KR,49016.746,49860.594,Test
2018,4.0,CN,464705.25,469066.2,Test
2010,7.0,CA,26718.271,26874.426,Test
2010,10.0,DE,97654.82,98511.44,Test
2008,12.0,CN,145192.23,147625.75,Test
2004,11.0,KR,31539.547,32152.918,Test
2020,10.0,DE,125566.64,126530.49,Test
2008,6.0,JP,165515.16,166832.31,Test
2017,2.0,CN,430329.72,418673.78,Test
2005,4.0,CA,26964.236,27077.727,Test
2016,3.0,JP,162761.27,165182.86,Test
2014,7.0,CN,336250.72,339876.62,Test
2019,7.0,KR,99970.92,101379.83,Test
2006,8.0,US,408147.12,410584.06,Test
2011,10.0,US,455525.7,458363.9,Test
2016,5.0,GB,65503.086,65744.84,Test
2019,6.0,JP,171840.94,173141.83,Test
2012,12.0,JP,158829.47,159902.31,Test
2019,6.0,CA,30696.625,31055.387,Test
2016,11.0,JP,162761.27,163938.78,Test
2014,8.0,KR,76694.71,77817.234,Test
2012,10.0,GB,40638.273,40664.0,Test
2013,5.0,KR,72007.19,73046.09,Test
2008,6.0,CH,13032.204,13278.76,Test
2020,10.0,US,671963.25,676409.75,Test
2020,11.0,KR,102880.46,104262.93,Test
2009,6.0,US,445321.2,448086.25,Test
2012,9.0,GB,40638.273,40669.633,Test
2020,9.0,DE,125566.64,126528.36,Test
2009,3.0,GB,40910.88,41423.414,Test
2015,3.0,JP,168514.03,170560.5,Test
2008,9.0,CA,27569.193,27692.717,Test
2018,2.0,GB,79862.766,74024.89,Test
2017,7.0,CH,17194.875,17549.484,Test
2007,12.0,CN,125799.195,128079.75,Test
2018,6.0,CN,464705.25,469034.06,Test
2004,10.0,DE,81542.266,82118.05,Test
2007,8.0,CA,27601.584,27705.34,Test
2005,7.0,JP,154899.89,156135.86,Test
2016,10.0,DE,116904.24,117841.375,Test
2007,8.0,US,427754.72,430437.3,Test
2015,11.0,GB,62972.816,63189.023,Test
2012,6.0,CA,27372.787,27609.824,Test
2020,3.0,DE,125566.64,128019.125,Test
2016,1.0,JP,162761.27,169922.52,Test
2012,12.0,CA,27372.787,27584.227,Test
2015,6.0,DE,114097.56,115066.25,Test
2010,6.0,CN,208279.98,211143.69,Test
2018,2.0,CN,464705.25,451404.25,Test
2014,12.0,JP,172435.58,173695.5,Test
2007,11.0,DE,88723.87,89562.836,Test
2017,8.0,US,549631.0,553138.4,Test
2007,7.0,JP,167583.61,168903.45,Test
2011,8.0,GB,41808.86,41786.574,Test
2014,9.0,CA,27791.979,28051.566,Test
2007,8.0,DE,88723.87,89577.61,Test
2019,2.0,GB,79964.05,80512.47,Test
2012,4.0,KR,68017.05,69050.2,Test
2011,7.0,US,455525.7,458307.97,Test
2007,2.0,JP,167583.61,166067.72,Test
2007,11.0,KR,43096.543,43839.953,Test
2016,7.0,CN,399390.16,403386.38,Test
2017,2.0,JP,168668.19,166988.33,Test
2016,4.0,JP,162761.27,163946.88,Test
2010,4.0,DE,97654.82,98636.78,Test
2021,6.0,KR,110148.08,111608.93,Test
2021,11.0,KR,110148.08,111591.086,Test
2005,8.0,DE,82366.26,83075.75,Test
2006,9.0,CA,27354.799,27353.768,Test
2018,8.0,GB,79862.766,80362.45,Test
2007,3.0,US,427754.72,426087.2,Test
2019,4.0,DE,131969.44,132820.33,Test
2020,1.0,DE,125566.64,133484.6,Test
2008,7.0,US,449510.44,452369.56,Test
2012,9.0,CH,14673.133,14980.172,Test
2006,10.0,DE,86573.8,87393.25,Test
2007,5.0,KR,43096.543,43853.48,Test
2006,1.0,CN,109713.72,95090.836,Test
2004,4.0,DE,81542.266,82207.17,Test
2018,2.0,JP,172586.22,171918.84,Test
2018,5.0,US,586427.4,590244.1,Test
2016,3.0,DE,116904.24,117277.84,Test
2017,8.0,CA,28228.129,28499.0,Test
2015,1.0,US,507401.0,486170.3,Test
2017,8.0,GB,67444.9,67695.8,Test
2016,8.0,KR,79364.75,80482.75,Test
2016,9.0,KR,79364.75,80483.28,Test
2004,9.0,US,374897.03,376710.12,Test
2019,2.0,KR,99970.92,99023.664,Test
2004,8.0,GB,36618.324,36586.03,Test
2014,5.0,DE,110276.33,111295.94,Test
2010,3.0,US,444708.6,447767.5,Test
2013,9.0,DE,106323.26,107201.22,Test
2020,1.0,CA,31111.027,31144.232,Test
2007,9.0,GB,41634.914,41906.19,Test
2019,6.0,KR,99970.92,101383.08,Test
2006,10.0,GB,39547.8,39779.035,Test
2010,12.0,JP,153244.92,154366.8,Test
2009,4.0,CA,26802.73,26842.951,Test
2013,6.0,CN,309205.06,312668.12,Test
2008,11.0,CH,13032.204,13245.514,Test
2004,4.0,GB,36618.324,36505.5,Test
2017,8.0,JP,168668.19,169867.4,Test
2009,2.0,DE,94163.33,95705.79,Test
2005,9.0,US,390306.5,392395.8,Test
2014,12.0,US,481775.47,484897.38,Test
2022,3.0,CA,28564.36,29267.78,Test
2008,9.0,GB,41333.51,41676.645,Test
2012,3.0,US,454820.4,457871.4,Test
2010,1.0,US,444708.6,449254.94,Test
2015,2.0,DE,114097.56,113126.05,Test
2006,12.0,CN,109713.72,111845.88,Test
2014,5.0,US,481775.47,484965.8,Test
2014,6.0,KR,76694.71,77826.64,Test
2020,7.0,DE,125566.64,126540.695,Test
2008,9.0,US,449510.44,452385.7,Test
2004,12.0,CH,11214.829,11262.276,Test
2018,8.0,CN,464705.25,469034.0,Test
2009,10.0,DE,94163.33,95071.03,Test
2016,11.0,GB,65503.086,65777.336,Test
2021,2.0,DE,129005.31,128338.72,Test
2009,11.0,DE,94163.33,95064.55,Test
2014,2.0,CN,336250.72,325993.88,Test
2005,11.0,CN,93020.65,95019.42,Test
2006,4.0,JP,161877.31,163176.0,Test
2015,2.0,KR,76922.04,77903.06,Test
2018,6.0,JP,172586.22,173881.03,Test
2009,3.0,CN,182882.56,177241.55,Test
2008,2.0,DE,95205.734,92876.05,Test
2008,4.0,US,449510.44,452331.94,Test
2014,3.0,US,481775.47,481993.0,Test
2009,10.0,US,445321.2,448096.06,Test
2004,9.0,DE,81542.266,82127.58,Test
2008,11.0,US,449510.44,452368.3,Test
2020,12.0,US,671963.25,676390.06,Test
2014,4.0,CN,336250.72,339895.7,Test
2021,1.0,US,709712.9,677195.2,Test
2014,6.0,GB,61344.63,61552.273,Test
2021,5.0,CA,30477.156,30789.828,Test
2004,2.0,KR,31539.547,30109.188,Test
2020,6.0,DE,125566.64,126563.984,Test
2017,11.0,JP,168668.19,169880.22,Test
2008,11.0,CA,27569.193,27693.111,Test
2016,7.0,GB,65503.086,65728.92,Test
2004,6.0,GB,36618.324,36530.844,Test
2006,7.0,GB,39547.8,39761.93,Test
2008,10.0,CN,145192.23,147638.69,Test
2018,7.0,US,586427.4,590277.7,Test
2011,11.0,KR,61963.402,62880.188,Test
2012,2.0,US,454820.4,458038.12,Test
2016,4.0,GB,65503.086,65783.53,Test
2021,4.0,KR,110148.08,111611.45,Test
