date,US_Businesses_R&D expenditure,US_Businesses_product development,US_VCs_startup funding,US_VCs_VC investment,US_Research Institutions_research grant,US_Research Institutions_collaboration with industry,US_Government agencies_research funding,US_Government agencies_government grants,US_R&D Employees_R&D jobs,US_Tax Authorities_R&D tax credit,US_Consulting Firms_innovation strategy,US_Consulting Firms_innovation management,US_Innovation Hubs_startup incubation,US_Innovation Hubs_technology park,US_Patent Attorneys_patent registration,US_Patent Attorneys_patent attorney,CN_Businesses_product development,CN_Consulting Firms_innovation strategy,CN_Consulting Firms_innovation management,JP_Businesses_product development,JP_VCs_startup funding,JP_Research Institutions_research grant,JP_Government agencies_research funding,JP_Consulting Firms_innovation strategy,JP_Consulting Firms_innovation management,JP_Innovation Hubs_technology park,JP_Patent Attorneys_patent attorney,DE_Businesses_product development,DE_VCs_startup funding,DE_VCs_VC investment,DE_Research Institutions_research grant,DE_Government agencies_research funding,DE_Government agencies_government grants,DE_R&D Employees_R&D jobs,DE_Consulting Firms_innovation strategy,DE_Consulting Firms_innovation management,DE_Innovation Hubs_technology park,DE_Patent Attorneys_patent attorney,KR_Businesses_product development,KR_VCs_startup funding,KR_VCs_VC investment,KR_Research Institutions_research grant,KR_Government agencies_research funding,KR_Tax Authorities_R&D tax credit,KR_Consulting Firms_innovation strategy,KR_Innovation Hubs_technology park,KR_Patent Attorneys_patent registration,CA_Businesses_product development,CA_VCs_startup funding,CA_VCs_VC investment,CA_Government agencies_research funding,CA_Government agencies_government grants,CA_R&D Employees_R&D jobs,CA_Tax Authorities_R&D tax credit,CA_Innovation Hubs_technology park,CA_Patent Attorneys_patent registration,CA_Patent Attorneys_patent attorney,CH_Businesses_product development,CH_Research Institutions_research grant,CH_Consulting Firms_innovation strategy,CH_Patent Attorneys_patent attorney,GB_Businesses_R&D expenditure,GB_Businesses_product development,GB_VCs_startup funding,GB_VCs_VC investment,GB_Research Institutions_research grant,GB_Government agencies_research funding,GB_Government agencies_government grants,GB_Tax Authorities_R&D tax credit,GB_Consulting Firms_innovation strategy,GB_Consulting Firms_innovation management,GB_Innovation Hubs_technology park,GB_Patent Attorneys_patent registration,GB_Patent Attorneys_patent attorney
2004-01-01,0,100,0,0,100,0,59,58,0,100,26,0,0,74,42,99,0,0,0,0,0,100,0,0,0,0,0,0,0,0,100,0,0,0,0,57,0,0,0,0,0,0,0,0,0,0,0,0,0,0,0,51,0,0,0,0,0,0,0,0,0,0,100,0,0,53,0,51,0,0,0,68,0,0
2004-02-01,0,89,0,0,94,0,75,47,0,59,24,0,0,77,46,94,0,0,0,0,0,0,0,56,0,0,0,0,0,0,0,100,0,0,65,33,0,0,0,0,0,73,0,0,0,0,0,0,100,0,0,63,100,0,0,100,0,73,0,0,0,0,54,0,0,94,0,78,0,0,0,46,0,41
2004-03-01,0,80,0,0,91,0,83,49,0,0,0,0,0,73,0,51,0,0,0,0,0,0,0,100,0,0,100,0,0,0,29,0,0,0,0,51,0,0,0,0,37,0,100,0,0,0,0,0,61,0,0,47,0,0,63,49,0,0,0,0,0,0,79,0,0,100,0,73,0,0,0,100,0,95
2004-04-01,0,98,0,0,72,0,81,51,53,50,37,0,0,91,67,82,0,0,0,0,0,0,0,0,0,0,0,0,75,0,0,0,0,0,0,0,0,41,0,0,0,0,0,0,0,0,0,0,0,0,0,65,75,0,30,0,0,0,0,93,0,0,64,0,0,83,0,66,0,0,0,51,0,34
2004-05-01,0,70,0,0,67,0,63,40,43,0,0,0,0,90,100,77,0,0,0,0,0,0,0,0,0,0,0,0,95,0,0,0,0,0,0,38,0,100,0,0,45,0,0,0,0,0,0,0,0,0,0,58,63,0,52,36,0,0,0,0,0,0,74,0,0,67,0,56,0,0,0,70,0,63
2004-06-01,0,80,0,0,100,0,65,52,47,28,30,0,0,88,53,70,0,0,7,0,0,34,0,0,0,0,0,0,0,0,30,72,0,0,0,47,0,31,0,0,0,0,0,0,29,0,0,0,0,0,0,83,0,0,34,0,77,66,0,0,60,0,32,0,0,0,0,67,0,0,0,79,100,47
2004-07-01,0,84,0,0,87,0,64,54,68,28,43,0,0,93,71,92,0,0,0,0,0,0,0,51,0,0,0,0,0,0,0,0,0,0,100,0,0,0,0,0,0,0,0,0,0,0,100,0,0,0,0,56,0,0,0,0,0,100,0,100,0,0,19,0,0,0,0,31,0,0,0,46,0,100
2004-08-01,0,85,0,0,79,0,70,53,0,43,0,0,0,83,45,100,0,0,7,0,0,0,0,38,0,0,64,0,0,0,71,66,0,0,0,0,0,87,0,0,0,0,0,0,54,0,0,0,0,0,0,64,82,100,100,0,0,0,0,0,95,0,69,0,0,0,0,61,0,0,0,91,0,68
2004-09-01,0,77,0,0,86,0,64,45,0,50,0,0,0,82,18,75,0,0,8,0,48,0,0,0,0,0,0,0,0,0,0,88,0,0,0,26,0,36,0,0,0,0,0,0,0,0,0,0,0,0,0,60,0,0,29,0,0,0,49,0,0,0,34,0,0,53,0,19,0,0,0,68,0,26
2004-10-01,0,71,0,0,81,0,100,49,0,70,15,0,0,87,38,73,0,0,0,0,34,0,0,0,0,0,91,0,0,0,0,0,0,0,0,0,0,40,0,0,70,0,0,0,0,0,0,0,0,0,0,57,0,0,58,0,0,0,0,0,55,0,38,0,0,48,0,48,0,0,0,50,0,0
2004-11-01,69,64,0,0,72,0,80,43,0,0,64,0,0,67,67,52,0,0,0,0,0,58,0,0,0,0,0,0,0,0,0,0,0,0,0,84,0,0,0,0,0,0,0,0,0,0,0,0,0,0,0,45,0,0,0,0,0,0,100,0,97,0,68,0,0,59,0,58,0,0,0,56,0,28
2004-12-01,100,67,0,0,78,0,66,39,0,0,56,0,0,49,0,62,0,0,13,0,0,0,0,0,0,0,0,0,79,0,0,0,0,0,0,0,0,0,41,0,0,0,0,0,0,0,0,0,0,0,0,31,0,22,0,31,0,0,0,0,0,0,78,0,0,95,0,38,0,0,0,49,55,0
2005-01-01,57,73,0,0,54,73,59,48,92,0,0,0,0,69,37,85,0,0,0,0,100,0,0,47,0,0,0,0,58,0,0,47,0,0,64,0,0,0,68,0,0,0,0,0,38,0,0,0,0,0,0,52,0,0,61,0,0,64,28,56,0,0,51,0,0,59,0,59,0,0,0,75,0,45
2005-02-01,0,81,0,0,90,90,80,46,0,41,22,0,0,68,26,78,0,0,0,0,0,27,0,0,0,0,0,0,0,0,18,40,0,0,0,100,0,0,0,0,100,97,0,0,0,0,0,0,0,0,0,60,0,0,0,95,0,74,0,0,47,0,61,0,90,0,0,56,0,0,0,64,49,41
2005-03-01,0,78,0,0,72,0,67,48,0,38,30,0,0,56,0,76,0,0,0,0,0,0,0,0,0,0,0,0,0,0,13,29,0,0,0,37,0,20,0,0,0,0,0,0,0,0,0,0,0,0,0,63,46,0,0,0,0,0,0,43,38,0,33,0,0,45,0,41,0,0,0,50,22,31
2005-04-01,0,72,0,0,100,0,81,44,0,0,20,0,0,90,57,72,0,0,0,0,0,0,0,0,0,0,0,0,0,0,25,0,0,0,33,0,0,33,40,0,0,0,0,0,0,0,0,0,0,0,0,48,0,68,68,0,0,0,0,0,0,0,55,0,100,63,0,61,0,0,0,37,48,44
2005-05-01,35,68,0,0,71,0,65,44,36,27,69,0,0,75,0,64,0,0,6,0,73,0,0,0,0,0,0,0,0,0,0,0,0,0,34,30,0,0,0,0,0,0,0,0,0,0,0,0,61,0,0,57,0,23,0,0,0,0,0,0,0,0,69,0,0,22,0,56,0,0,0,66,60,24
2005-06-01,0,72,0,0,52,65,69,48,0,0,28,0,0,100,37,70,0,0,0,0,0,0,0,0,0,0,59,0,0,70,0,0,0,0,0,0,0,0,0,0,0,0,0,0,0,0,0,0,0,0,0,55,0,0,0,0,40,0,0,0,0,0,33,0,0,16,0,58,0,0,0,59,38,31
2005-07-01,0,64,0,0,59,0,56,44,0,0,24,0,0,73,41,84,0,0,5,0,0,0,0,48,0,0,0,0,0,0,29,28,0,0,0,0,0,0,0,0,0,0,0,0,0,0,0,0,31,0,0,51,0,0,24,0,0,57,0,0,0,0,50,0,37,34,0,34,0,0,0,71,21,0
2005-08-01,0,77,0,0,59,75,48,45,0,38,33,0,0,48,0,97,0,0,0,0,0,0,0,0,0,0,0,0,0,41,0,27,0,0,0,21,0,0,0,0,0,0,0,0,100,0,0,0,0,0,0,60,0,0,21,22,100,0,0,25,0,0,22,0,41,54,0,48,0,0,0,57,0,28
2005-09-01,33,55,0,0,57,0,51,36,0,0,0,0,0,54,0,70,0,0,6,0,76,0,0,0,0,0,0,0,41,0,0,0,0,0,47,58,0,24,0,0,0,0,0,0,0,0,0,0,0,0,0,54,76,0,42,0,0,87,0,33,0,0,48,0,0,46,0,39,0,0,0,61,27,0
2005-10-01,0,69,0,0,58,0,52,33,100,16,9,0,0,76,23,73,0,0,0,0,0,0,0,0,0,0,0,0,0,0,0,20,0,0,0,21,0,46,100,0,0,0,0,0,0,0,0,0,31,0,0,43,0,0,18,0,0,35,0,0,0,0,39,0,0,0,0,60,0,0,0,53,0,48
2005-11-01,0,57,0,0,64,0,67,31,0,0,28,0,0,47,0,57,0,0,0,0,0,0,0,0,0,0,0,0,0,0,0,0,0,0,23,46,0,0,0,0,0,38,0,0,0,0,0,0,0,0,0,50,52,0,31,0,100,0,17,0,0,0,62,0,0,49,0,40,0,0,0,70,0,45
2005-12-01,48,56,0,0,60,0,53,25,0,0,14,0,0,66,29,62,0,0,0,0,0,30,0,0,0,0,0,0,0,0,0,23,0,0,0,52,0,18,0,0,0,42,86,0,0,0,0,0,0,0,0,30,0,0,15,26,0,42,26,0,0,0,42,0,0,19,0,34,0,0,0,42,0,33
2006-01-01,0,58,0,0,61,59,47,36,63,24,16,0,0,66,19,86,0,0,16,0,0,0,0,0,0,0,0,0,40,49,14,0,0,0,0,97,0,21,67,0,0,0,0,0,0,0,0,0,29,0,0,37,0,0,0,17,62,39,0,0,100,0,44,0,0,0,0,50,0,0,0,57,40,23
2006-02-01,0,67,0,0,62,0,55,35,0,52,31,0,0,64,22,74,0,0,0,0,0,52,0,0,0,0,0,0,0,0,0,0,0,0,0,29,0,13,0,0,24,0,0,0,0,0,0,0,0,0,0,53,39,0,26,0,47,0,0,0,75,0,40,0,0,27,0,58,0,0,0,65,24,0
2006-03-01,22,66,0,0,57,0,51,37,0,0,14,0,0,71,37,72,0,0,0,0,0,0,0,0,0,0,21,0,69,0,0,0,0,0,0,28,0,15,44,0,17,0,0,0,0,0,0,0,65,0,0,54,75,20,68,0,67,0,0,0,68,0,54,0,0,53,0,53,0,0,0,58,0,26
2006-04-01,0,59,0,0,55,0,59,30,0,0,17,0,0,78,27,74,0,0,8,0,0,0,0,0,0,0,0,0,100,0,0,0,0,0,33,26,0,0,0,0,0,100,0,0,0,0,0,0,0,0,0,47,0,0,26,18,0,0,0,31,0,0,53,0,0,72,0,56,0,0,0,45,15,20
2006-05-01,0,57,0,0,55,69,62,33,0,82,14,0,0,59,7,75,0,0,0,0,0,0,0,0,0,0,36,0,0,0,19,0,0,0,0,15,0,0,0,0,0,0,0,0,0,0,0,0,0,0,0,36,0,0,18,0,26,0,45,0,0,0,64,0,0,60,0,28,0,0,0,57,0,26
2006-06-01,0,62,0,0,43,0,49,33,34,0,16,0,0,75,33,68,0,0,11,0,0,0,0,25,0,0,0,0,0,0,11,0,0,0,0,0,0,11,34,0,0,0,78,0,0,0,0,0,0,0,0,30,42,0,23,0,84,30,0,0,0,0,33,0,0,38,0,36,0,0,0,60,0,36
2006-07-01,0,54,0,0,57,0,37,36,0,0,12,0,0,66,17,59,0,0,9,0,0,0,0,0,0,0,46,0,0,47,0,0,0,0,23,12,0,0,48,0,0,28,0,0,0,0,0,0,0,0,0,32,0,0,0,0,38,93,0,21,35,0,27,0,25,28,0,39,0,0,0,73,0,25
2006-08-01,26,58,0,0,52,70,45,35,0,29,16,0,0,58,0,83,0,0,3,0,0,0,0,0,0,0,0,0,0,0,8,0,0,0,0,13,0,11,0,0,0,0,44,0,15,0,0,0,0,0,0,33,0,29,16,0,53,75,0,0,0,0,43,0,0,20,0,40,0,0,0,52,0,22
2006-09-01,0,57,0,0,60,0,35,28,0,0,19,0,0,53,21,63,0,0,4,0,36,0,0,0,0,0,28,0,29,100,0,0,0,0,0,16,0,31,78,0,0,0,0,0,0,0,0,0,32,0,0,43,0,0,13,23,0,23,0,0,0,0,23,0,0,17,0,57,0,0,0,70,0,21
2006-10-01,0,56,0,0,57,0,49,31,48,0,32,0,0,56,14,60,0,0,0,0,0,0,0,0,0,0,0,0,0,0,6,16,0,0,0,38,0,29,25,0,0,0,0,0,0,0,0,0,0,0,0,43,0,0,34,0,72,40,0,14,20,0,32,0,0,37,0,49,0,0,0,47,0,32
2006-11-01,0,53,0,0,43,57,51,26,0,22,28,0,0,51,14,69,0,0,0,0,0,0,0,0,0,0,0,0,0,0,0,0,0,0,0,17,0,0,0,0,31,0,0,0,0,0,0,0,0,0,0,32,0,0,19,0,60,0,11,0,0,0,44,0,0,35,0,52,0,0,0,57,0,32
2006-12-01,23,46,0,0,39,0,41,25,48,20,0,0,0,41,14,64,0,0,0,0,0,0,0,0,0,0,21,0,29,25,0,0,0,0,0,31,0,46,0,0,0,0,0,0,19,0,31,0,15,0,0,26,0,0,21,14,0,0,0,0,0,0,32,0,0,35,0,35,0,0,0,32,0,62
2007-01-01,0,52,0,0,51,0,48,30,17,15,13,0,0,65,23,75,0,0,11,0,0,0,0,0,0,0,0,0,36,0,0,39,0,0,0,41,0,17,65,0,0,0,0,0,15,0,0,0,0,0,0,50,0,12,26,0,60,33,0,0,0,0,38,0,47,26,0,48,0,0,0,42,0,21
2007-02-01,25,59,0,0,69,0,54,29,32,19,6,0,0,38,19,70,0,0,0,0,23,0,0,0,0,0,0,0,0,0,0,0,0,0,0,36,0,11,0,0,15,0,0,0,0,0,0,0,0,0,0,52,53,0,24,0,0,0,0,0,0,0,35,0,0,31,0,46,0,0,0,68,0,36
2007-03-01,0,59,0,0,49,0,47,27,23,20,7,0,0,50,16,65,0,0,4,0,0,0,0,0,0,0,0,0,0,0,0,17,0,0,0,28,0,19,0,0,0,0,50,0,0,0,0,0,0,0,0,53,0,0,10,14,0,37,0,0,0,0,41,0,0,28,0,64,0,0,0,53,0,23
2007-04-01,28,54,0,0,52,100,45,28,19,0,11,0,0,53,11,60,0,0,0,0,25,0,0,0,0,0,17,0,25,0,0,0,0,0,0,36,0,15,0,0,0,0,36,0,9,0,0,0,0,0,0,45,0,0,24,0,55,0,15,0,0,0,32,0,63,32,0,53,0,0,0,41,0,31
2007-05-01,24,48,0,0,48,0,37,26,39,16,16,0,0,60,28,55,0,0,0,0,0,32,0,0,0,0,39,0,17,0,0,42,0,0,0,35,0,0,0,0,14,0,0,0,12,0,0,0,0,0,0,46,0,0,26,14,0,42,9,0,63,0,38,0,36,33,0,41,0,0,0,50,26,35
2007-06-01,0,61,0,0,44,0,33,28,25,10,25,0,0,66,27,70,0,0,3,0,0,13,0,0,0,0,16,0,26,0,0,0,0,0,12,32,0,9,36,0,0,0,0,0,0,0,0,0,27,0,0,48,0,0,15,0,0,20,10,0,47,0,33,0,0,13,0,39,0,0,0,41,20,31
2007-07-01,0,49,0,0,40,37,38,30,31,25,10,0,0,75,19,61,0,0,3,0,0,0,0,0,0,0,0,0,0,0,7,0,0,0,0,32,0,8,17,0,0,0,20,0,0,0,0,0,31,0,0,37,0,0,11,0,18,0,0,0,0,0,28,0,0,25,0,38,0,0,0,50,42,26
2007-08-01,0,53,0,0,46,67,31,29,0,21,16,0,0,72,0,68,0,0,6,0,0,0,0,0,0,0,0,0,42,0,6,19,0,0,15,30,0,19,23,0,0,0,26,0,20,0,0,0,0,0,0,38,24,6,29,0,0,0,0,17,25,0,32,0,26,27,0,36,0,0,0,50,18,22
2007-09-01,20,54,0,0,52,0,45,26,26,19,22,0,0,61,21,67,0,0,2,0,0,0,0,0,0,0,18,0,0,0,6,0,0,0,0,26,0,8,0,0,0,0,0,0,0,0,0,0,0,0,0,37,23,0,22,22,37,0,0,24,0,0,29,0,0,18,0,39,0,0,0,76,20,32
2007-10-01,0,61,0,0,47,47,42,28,0,11,24,0,0,69,22,56,0,0,0,0,0,20,0,19,0,0,34,0,0,14,0,13,0,0,0,23,0,0,34,0,0,0,0,0,0,0,0,0,0,0,0,36,16,0,19,0,0,29,0,0,34,0,39,0,0,25,0,33,0,0,0,66,0,25
2007-11-01,11,49,0,0,48,0,46,29,32,42,12,0,0,56,12,53,0,0,2,0,24,0,0,0,0,0,0,0,0,29,0,0,0,0,0,26,0,0,69,0,0,0,24,0,0,0,0,0,0,0,0,37,20,0,43,0,0,18,0,8,24,0,39,0,0,28,0,56,0,0,0,51,0,22
2007-12-01,0,41,0,0,38,0,35,24,0,0,17,0,0,46,14,50,0,0,0,0,0,0,0,0,0,0,35,0,0,0,8,19,0,0,0,22,0,11,43,0,0,17,56,0,10,0,0,0,0,0,0,24,0,0,16,13,0,16,0,0,0,0,31,0,18,13,0,30,0,0,0,39,21,25
2008-01-01,0,49,0,0,50,30,40,35,11,0,17,0,0,65,13,78,0,0,2,0,0,26,0,0,0,0,0,0,0,20,0,9,0,0,11,12,0,11,32,0,0,0,0,0,0,0,0,0,0,0,0,45,27,0,6,25,0,16,0,0,26,0,36,0,0,31,0,51,0,0,0,53,7,19
2008-02-01,13,54,0,0,46,0,38,32,17,24,30,0,0,49,19,60,0,0,0,0,14,0,0,15,0,0,19,0,31,21,4,0,0,0,12,30,0,20,0,0,0,0,0,0,23,0,0,0,0,0,0,44,0,0,17,0,19,0,0,0,0,0,32,0,0,27,0,46,0,0,0,49,13,25
2008-03-01,0,60,0,0,46,0,48,34,24,0,20,0,0,67,22,58,0,0,2,0,0,21,0,23,0,0,0,0,29,0,4,13,0,0,16,39,0,16,38,0,9,0,0,0,0,0,0,0,0,0,0,51,30,0,0,16,0,28,23,9,0,0,30,0,0,24,0,48,0,0,0,41,9,30
2008-04-01,0,53,0,0,46,0,42,33,27,19,25,0,0,49,19,66,0,0,3,0,0,20,0,0,0,0,0,0,0,0,7,0,0,0,0,19,0,9,17,0,0,0,0,0,15,0,0,0,0,0,0,44,71,0,17,15,52,30,0,18,12,0,42,0,0,36,0,49,0,0,0,39,16,42
2008-05-01,0,50,0,0,43,0,36,28,19,19,10,0,0,65,15,52,0,0,4,0,0,0,0,0,0,0,0,0,0,0,0,16,0,0,0,30,0,21,53,0,0,0,0,0,0,0,0,0,0,0,0,36,0,0,25,15,29,0,0,0,15,0,36,0,0,27,0,36,0,0,0,44,10,28
2008-06-01,23,44,0,0,40,0,27,33,0,0,10,0,0,52,12,67,0,0,5,0,56,0,0,0,0,0,0,0,0,0,0,0,0,0,0,32,0,12,23,0,0,57,60,0,10,0,58,0,0,0,0,39,18,0,12,0,16,0,0,0,0,0,27,0,0,15,0,45,0,0,0,40,15,32
2008-07-01,0,48,0,0,35,24,27,35,0,20,9,0,0,51,22,62,0,0,2,0,0,28,0,0,0,0,0,0,0,0,0,8,0,0,0,32,0,14,24,0,0,20,20,0,9,0,0,0,16,0,0,39,0,16,30,11,0,30,0,0,0,0,26,0,0,29,0,34,0,0,0,55,0,12
2008-08-01,0,48,0,0,41,0,24,33,21,10,17,0,0,58,10,60,0,0,6,0,0,17,0,0,0,0,0,0,0,0,5,27,0,0,11,15,0,12,30,0,0,0,42,0,0,0,0,0,0,0,0,36,0,0,0,0,0,39,13,10,29,0,25,0,0,32,0,44,0,0,0,47,0,31
2008-09-01,16,45,0,0,52,0,35,37,11,35,9,0,0,51,19,61,0,0,0,0,0,0,0,0,0,0,0,0,0,0,9,0,0,0,0,27,0,12,23,0,8,0,0,0,0,0,0,0,0,0,0,42,55,0,21,0,0,35,0,0,13,0,26,0,20,16,0,61,0,0,0,45,13,27
2008-10-01,0,50,0,0,52,0,46,31,23,41,12,0,0,46,18,53,0,0,0,0,0,0,0,21,0,0,14,0,0,0,0,0,0,0,0,22,0,10,13,0,0,40,0,0,0,0,14,0,0,0,0,44,0,0,0,0,0,0,0,0,0,0,31,0,0,35,0,61,0,0,0,56,13,35
2008-11-01,0,45,0,0,47,0,46,32,16,41,13,0,0,48,19,51,0,0,3,0,0,0,0,0,0,0,27,0,17,13,0,0,0,0,0,44,0,17,0,0,0,0,33,0,0,0,0,0,0,0,0,33,43,5,0,8,22,43,11,0,0,0,31,0,15,18,0,59,0,0,0,30,10,25
2008-12-01,11,37,0,0,41,0,33,36,20,22,14,0,0,39,14,47,0,0,3,0,0,0,0,0,0,0,12,0,0,15,0,18,0,0,0,27,0,0,26,0,15,0,0,0,0,0,0,0,0,0,0,27,0,0,15,0,0,0,0,0,0,0,32,0,0,29,0,42,0,0,0,33,0,20
2009-01-01,0,46,0,0,50,0,38,59,47,23,19,0,0,45,19,56,0,0,0,0,0,0,0,22,0,0,16,0,0,16,27,0,0,0,0,11,0,0,14,0,0,12,0,0,0,0,26,0,0,0,0,48,15,0,20,8,32,0,0,0,18,0,25,0,0,18,0,75,0,0,0,29,0,15
2009-02-01,0,50,0,0,62,0,42,100,35,18,17,0,0,50,12,60,0,0,4,0,0,13,0,0,0,0,0,0,17,0,0,13,0,0,8,0,0,0,0,0,16,0,0,0,0,0,0,0,0,0,0,89,0,0,19,0,16,48,0,35,11,0,29,0,0,18,0,55,0,0,0,42,7,36
2009-03-01,0,48,0,0,54,19,50,59,21,33,27,0,0,47,11,47,0,0,0,0,0,0,0,0,0,0,0,0,0,19,6,19,0,0,12,26,0,12,42,0,0,0,0,0,0,0,0,0,0,0,0,96,0,0,19,0,15,34,7,24,18,0,29,0,22,25,0,53,0,0,0,48,0,27
2009-04-01,12,46,0,0,58,0,51,38,39,13,14,0,0,52,14,60,0,0,3,0,0,10,0,0,0,0,18,0,0,0,6,7,0,0,10,53,0,8,16,0,22,13,0,0,7,0,0,0,0,0,0,86,20,8,7,0,0,0,0,0,0,0,35,0,0,37,0,60,0,0,0,42,12,15
2009-05-01,0,42,0,0,40,23,41,39,18,8,27,0,0,45,17,56,0,0,2,0,0,0,0,0,0,0,0,0,0,0,4,10,0,0,9,33,0,10,13,0,0,0,0,0,9,0,0,0,0,0,0,68,21,0,26,0,19,0,22,7,0,0,33,0,0,18,0,52,0,0,0,41,0,17
2009-06-01,0,43,0,0,44,0,30,49,24,28,30,0,0,52,18,56,0,0,0,0,8,0,0,0,0,0,16,0,0,0,0,0,0,0,0,32,0,14,26,0,14,0,0,0,0,0,0,0,0,0,0,100,0,0,24,18,27,14,7,0,14,0,22,0,0,21,0,52,0,0,0,51,12,25
2009-07-01,0,42,0,0,41,0,32,51,20,0,25,0,0,58,18,63,0,0,0,0,0,12,0,0,0,0,0,0,0,0,3,10,0,0,0,34,0,19,0,0,0,0,0,0,0,0,0,0,11,0,0,77,0,0,21,0,0,0,0,0,0,0,18,0,22,28,0,56,0,0,0,34,5,31
2009-08-01,0,46,0,0,41,0,29,45,26,24,13,0,0,50,17,64,0,0,2,0,0,9,0,15,0,0,9,0,0,0,0,12,0,0,8,16,0,8,0,0,0,0,0,0,0,0,0,0,0,0,0,75,14,0,19,0,0,0,0,10,11,0,18,0,0,10,0,50,0,0,0,43,15,18
2009-09-01,19,45,0,0,47,47,36,38,13,7,18,0,0,54,13,65,0,0,0,0,21,0,0,0,0,0,0,0,0,0,0,10,0,0,0,25,0,13,0,0,0,0,0,0,0,0,14,0,0,0,0,63,42,9,0,0,13,13,13,0,0,0,20,0,0,16,0,69,0,0,0,50,0,22
2009-10-01,15,50,0,0,46,24,36,33,12,9,34,0,0,41,14,58,0,0,1,0,0,12,0,0,0,0,24,0,0,0,7,8,0,0,0,36,0,7,0,0,0,27,0,0,0,0,0,0,0,0,0,59,0,13,26,0,12,0,7,9,0,0,24,0,0,31,0,52,0,0,0,41,6,20
2009-11-01,0,44,0,0,48,0,40,28,17,7,32,0,0,46,22,40,0,0,3,0,0,20,0,20,0,0,0,0,0,0,0,0,0,0,28,37,0,21,0,0,10,11,0,0,0,0,0,0,0,0,0,50,0,5,35,0,0,19,19,0,14,0,31,0,0,27,0,57,0,0,0,44,10,25
2009-12-01,0,37,0,0,34,0,35,25,27,22,22,0,0,43,12,46,0,0,3,0,10,7,0,0,0,0,26,0,25,0,0,0,0,0,13,22,0,7,11,0,0,0,74,0,15,0,0,0,0,0,0,30,0,6,14,12,0,30,0,0,0,0,32,0,12,10,0,55,0,0,0,26,7,23
2010-01-01,16,47,0,0,48,0,40,33,21,16,14,0,0,44,16,51,0,0,3,0,0,0,0,0,0,0,0,0,0,0,4,0,0,0,9,37,0,9,15,0,0,0,22,0,6,0,0,0,0,0,0,55,13,0,17,17,0,25,7,0,0,0,25,0,0,21,0,100,0,0,0,45,0,20
2010-02-01,11,47,0,0,45,0,31,27,17,18,36,0,0,52,17,52,0,0,0,0,0,0,0,18,0,0,21,0,0,0,6,14,0,0,0,31,0,20,0,0,0,0,0,0,9,0,0,0,12,0,0,45,0,11,32,0,22,0,0,0,0,0,26,0,8,21,0,87,0,0,0,39,0,30
2010-03-01,0,51,0,0,48,0,37,26,48,22,31,0,0,49,18,55,0,0,2,0,0,0,0,0,0,0,32,0,0,20,0,0,0,0,0,23,0,0,24,0,0,0,0,0,0,0,61,0,0,0,0,51,0,0,21,0,36,18,0,0,16,0,36,0,0,26,0,73,0,0,0,38,10,16
2010-04-01,17,49,0,0,43,0,37,26,43,30,32,0,0,53,10,50,0,0,2,0,0,15,0,0,0,0,19,0,0,0,9,10,0,0,8,19,0,17,13,0,0,12,0,0,0,0,0,0,0,0,0,51,0,13,10,14,17,18,0,0,0,0,34,0,0,26,0,64,0,0,0,45,19,18
2010-05-01,0,43,0,0,38,36,29,25,17,24,25,0,0,46,13,57,0,0,0,0,16,0,0,0,0,0,8,0,25,11,3,14,0,0,14,38,0,13,0,0,8,11,0,0,0,0,0,0,0,0,0,40,0,13,26,0,0,0,0,0,15,0,36,0,0,26,0,51,0,0,0,35,0,21
2010-06-01,10,37,0,0,33,0,26,23,12,22,23,0,0,58,13,58,0,0,2,0,0,12,0,8,0,0,13,0,0,0,0,12,0,0,20,21,0,10,29,0,0,0,0,0,0,0,0,0,0,0,0,43,0,0,23,0,0,0,0,0,0,0,25,0,12,21,0,49,0,0,0,33,0,23
2010-07-01,0,35,0,0,29,14,24,22,19,15,20,0,0,54,17,53,0,0,5,0,0,9,0,0,0,0,0,0,14,0,14,17,0,0,0,30,0,10,10,0,0,0,0,0,0,0,0,0,0,0,0,36,26,4,16,0,20,0,0,0,0,0,23,0,14,24,0,45,0,0,0,41,9,23
2010-08-01,10,38,21,0,32,0,23,23,31,24,14,80,0,50,20,51,3,0,0,0,0,0,0,0,76,0,0,0,0,0,0,0,0,41,0,25,100,0,0,0,0,9,0,0,0,0,0,0,0,0,100,0,0,0,0,0,0,0,0,0,0,0,21,36,0,19,47,55,24,0,66,32,0,0
2010-09-01,23,40,41,0,36,0,30,21,18,40,28,61,0,47,11,50,4,0,0,0,0,0,0,0,59,0,0,0,0,0,0,0,0,0,8,33,30,0,9,0,0,0,11,0,0,0,0,0,0,0,67,0,0,0,0,0,0,0,6,0,50,0,30,19,11,22,81,49,57,0,40,46,5,0
2010-10-01,0,44,25,0,35,0,35,18,28,22,17,58,0,41,9,39,3,0,0,0,8,7,0,0,71,0,0,0,0,0,0,0,0,0,15,27,70,0,8,0,0,4,7,0,0,92,0,0,0,0,92,0,0,0,0,0,0,0,9,0,0,0,27,14,9,27,85,52,54,0,67,43,0,0
2010-11-01,7,38,21,0,31,0,32,14,20,36,25,69,0,37,5,36,4,0,0,0,0,12,0,0,0,65,0,0,0,0,0,0,0,0,0,36,41,0,0,0,0,0,0,0,3,0,0,0,0,0,89,0,0,0,0,0,0,0,0,0,0,83,26,0,22,19,78,54,32,0,62,37,11,0
2010-12-01,10,35,46,0,30,20,20,13,10,28,15,46,0,39,14,36,4,0,0,0,0,0,0,0,100,100,0,0,0,0,0,0,0,0,0,14,0,0,8,0,0,0,11,0,0,0,0,0,13,0,59,0,0,0,0,0,0,0,8,0,11,0,22,34,8,15,45,40,0,0,85,28,9,0
2011-01-01,0,41,30,0,43,0,28,19,48,24,26,66,0,39,15,48,3,0,0,0,0,0,0,0,90,0,0,0,0,0,0,0,0,0,0,32,75,0,0,0,0,6,0,0,0,0,0,0,0,0,83,0,0,0,0,0,0,0,0,0,7,0,29,16,0,25,74,55,39,0,62,41,4,0
2011-02-01,12,43,52,0,41,17,34,16,24,34,27,70,0,45,7,50,2,0,0,0,0,15,0,0,70,0,0,0,8,0,0,0,0,0,9,19,56,0,0,0,0,0,0,0,0,0,0,0,0,0,62,0,0,0,0,0,0,0,5,0,0,40,34,16,28,26,69,57,69,0,83,38,5,0
2011-03-01,9,42,41,0,38,0,30,16,27,19,32,70,77,51,8,49,5,0,0,0,0,13,0,0,0,0,0,0,0,0,0,0,0,23,7,28,12,0,10,0,0,0,0,0,0,0,0,0,6,0,81,0,0,0,0,0,0,0,0,0,0,57,37,0,15,22,72,64,48,0,69,43,4,0
2011-04-01,8,43,36,0,37,0,33,16,25,28,27,79,0,45,7,52,4,0,0,0,0,10,0,0,0,46,0,0,0,0,0,0,0,0,16,39,19,0,12,0,0,0,0,0,0,0,0,0,9,0,62,0,0,0,0,0,0,0,0,0,18,38,28,0,6,23,65,50,0,0,62,31,0,0
2011-05-01,7,39,28,0,29,0,28,15,21,18,25,72,89,49,7,49,5,0,0,0,0,7,0,0,0,98,0,0,0,0,0,0,0,0,14,33,60,0,5,0,0,0,0,0,0,0,0,0,0,0,44,0,0,0,0,0,0,0,10,0,25,65,34,19,0,19,66,49,0,0,100,37,0,0
2011-06-01,5,39,45,0,27,0,21,16,20,22,23,67,0,48,15,57,5,0,0,0,0,7,0,0,0,0,0,0,7,0,0,0,0,0,12,38,41,0,3,0,0,0,0,0,4,0,0,0,0,0,51,0,0,0,0,0,0,0,8,0,15,39,32,42,7,15,61,52,20,0,56,43,0,0
2011-07-01,0,37,41,0,34,0,20,15,30,9,25,61,0,45,8,51,3,0,0,0,0,0,0,0,0,0,0,0,0,0,0,0,0,0,0,39,39,0,0,0,0,0,9,0,0,73,0,0,0,0,69,0,0,0,0,0,0,0,0,0,16,0,22,55,0,17,51,50,21,0,55,44,0,0
2011-08-01,0,39,39,0,29,0,18,15,21,24,21,59,0,50,12,53,3,0,0,0,0,0,0,0,0,0,0,0,0,0,0,0,0,58,0,17,33,0,9,0,0,0,0,0,0,0,0,0,21,0,65,0,0,0,0,0,0,0,0,0,0,0,24,18,0,19,56,46,25,0,60,45,0,0
2011-09-01,5,40,36,0,31,0,27,14,17,23,24,66,0,52,9,45,4,0,0,0,0,0,0,0,48,0,0,0,0,0,0,0,0,40,0,39,47,0,0,0,0,0,15,0,0,0,0,0,0,0,41,0,0,0,0,0,0,0,6,0,0,29,26,26,0,22,51,55,51,0,41,52,6,0
2011-10-01,6,43,43,0,34,12,31,15,18,10,31,60,55,44,10,46,3,0,0,0,5,9,0,0,0,63,0,0,0,0,0,0,0,22,0,37,49,0,7,0,0,2,0,0,0,100,0,0,0,0,81,0,0,0,0,0,0,0,0,0,15,24,31,10,0,19,53,68,30,0,64,44,5,0
2011-11-01,5,41,39,0,35,0,33,14,24,15,26,62,0,39,7,36,4,0,0,0,9,0,0,0,42,0,0,0,6,0,0,0,0,0,11,27,30,0,4,0,0,0,0,0,0,0,0,0,0,0,56,0,0,0,0,0,0,0,0,0,13,42,34,10,0,21,64,49,36,0,66,36,6,0
2011-12-01,0,32,29,0,23,0,20,12,21,19,19,57,0,39,9,44,3,0,0,0,5,0,0,0,0,0,0,0,0,0,0,0,0,0,14,16,43,0,2,0,0,5,0,0,0,0,0,0,0,0,55,0,0,0,0,0,0,0,0,0,0,29,22,0,16,15,51,32,29,0,62,31,5,0
2012-01-01,7,40,39,0,34,0,23,16,33,20,17,58,42,44,13,46,2,0,0,0,0,0,0,0,0,61,0,0,0,0,0,0,0,0,9,33,40,0,3,0,0,4,5,0,1,42,0,0,0,0,84,0,0,0,0,0,0,0,0,0,5,54,35,19,0,26,66,52,31,0,63,43,7,0
2012-02-01,6,40,35,0,37,10,32,14,32,30,31,74,0,42,13,49,3,0,0,0,0,0,0,0,26,48,0,0,0,0,0,0,0,64,4,26,24,0,3,0,0,0,4,0,0,0,0,0,0,0,71,0,0,0,0,0,0,0,0,0,16,0,33,0,12,23,69,51,26,0,60,38,7,0
2012-03-01,14,35,44,0,33,0,25,12,32,27,27,79,0,44,9,46,3,0,0,0,0,0,0,0,64,0,0,0,0,0,0,0,0,27,24,34,29,0,4,0,0,0,0,0,0,0,0,0,0,0,66,0,0,0,0,0,0,0,0,0,6,95,34,25,19,25,84,52,16,0,73,35,0,0
2012-04-01,0,40,57,0,37,0,34,13,26,18,24,71,0,42,15,47,3,0,0,0,0,11,0,0,52,66,0,0,0,0,0,0,0,0,11,33,54,0,6,0,0,4,0,0,0,0,0,0,0,0,61,0,0,0,0,0,0,0,0,0,5,0,30,24,21,18,61,40,22,0,78,38,0,0
2012-05-01,5,38,45,0,27,0,23,12,26,15,26,52,0,48,11,47,3,0,0,0,0,0,0,0,0,39,0,0,0,0,0,0,0,0,17,27,15,0,9,0,0,0,0,0,0,0,0,0,4,0,59,0,0,0,0,0,0,0,0,0,0,30,36,38,0,18,67,47,55,0,58,40,3,0
2012-06-01,14,35,52,0,32,0,20,11,34,15,20,56,0,50,9,44,3,0,0,0,0,6,0,0,40,31,0,0,0,0,0,0,0,0,4,41,31,0,3,0,0,2,5,0,0,56,0,0,21,0,63,0,0,0,0,0,0,0,0,0,23,36,22,33,0,22,56,44,18,0,46,40,0,0
2012-07-01,7,30,48,0,23,14,21,13,19,19,28,62,0,45,12,48,1,0,0,0,0,9,0,0,0,64,0,0,0,0,0,0,0,28,13,28,41,0,3,0,0,0,0,0,0,0,0,0,12,0,42,0,0,0,0,0,0,0,15,0,0,28,21,37,26,20,62,44,100,0,45,38,6,0
2012-08-01,3,35,52,0,27,12,21,12,24,31,17,68,28,47,12,42,3,0,0,0,0,0,0,0,0,0,0,0,0,0,0,0,0,0,11,34,0,0,0,0,0,0,3,0,0,0,0,0,7,0,38,0,0,0,0,0,0,0,5,0,12,0,21,60,0,15,53,43,49,0,63,41,11,0
2012-09-01,6,41,70,0,35,0,27,13,25,20,25,78,59,44,8,43,6,0,0,0,0,9,0,0,76,0,0,0,13,0,0,0,0,0,7,32,16,0,3,0,0,2,0,0,0,0,0,0,0,0,58,0,0,0,0,0,0,0,4,0,0,0,33,27,11,22,65,48,48,0,58,45,3,0
2012-10-01,5,43,61,0,36,0,29,12,18,18,29,67,0,40,7,42,7,0,0,0,0,8,0,0,0,0,0,0,0,0,0,0,0,0,18,25,39,0,7,0,0,2,0,0,2,0,0,0,8,0,51,0,0,0,0,0,0,0,0,0,0,48,30,50,7,27,67,52,12,0,49,36,5,0
2012-11-01,5,37,54,0,33,0,31,10,18,19,23,61,0,37,11,38,6,0,0,0,0,8,0,0,35,29,0,0,8,0,0,0,0,28,11,33,59,0,5,0,0,6,0,0,2,0,0,0,0,0,83,0,0,0,0,0,0,0,7,0,6,34,32,41,15,21,61,53,41,0,74,39,9,0
2012-12-01,4,30,49,0,22,0,21,8,23,24,22,39,0,29,9,32,4,0,0,0,17,0,0,0,67,0,0,0,5,0,0,0,0,0,7,27,57,0,4,0,0,3,4,0,0,51,0,0,4,0,26,0,0,0,0,0,0,0,0,0,0,0,21,40,6,15,49,36,36,0,62,26,0,0
2013-01-01,0,39,47,0,33,0,27,11,33,28,20,61,19,40,7,42,8,0,0,0,0,0,0,0,21,0,0,0,7,0,0,0,0,36,16,36,54,0,0,0,0,0,0,0,2,34,0,0,8,0,78,0,0,0,0,0,0,0,0,0,12,0,30,45,4,22,76,61,43,0,76,48,4,0
2013-02-01,3,43,62,0,36,0,30,9,22,26,27,80,0,39,7,43,3,0,0,0,3,0,0,0,56,0,0,0,5,0,0,0,0,48,10,39,37,0,0,0,0,0,6,0,0,0,0,0,5,0,46,0,0,0,0,0,0,0,5,0,0,22,30,27,6,25,76,66,63,0,68,35,0,0
2013-03-01,4,40,67,0,31,18,28,9,26,13,30,66,0,38,10,40,9,0,0,0,0,3,0,0,0,22,0,0,0,0,0,0,0,31,7,35,27,0,6,0,0,1,0,0,1,51,0,0,8,0,65,0,0,0,0,0,0,0,5,0,0,0,27,45,6,18,64,58,47,0,65,35,0,0
2013-04-01,0,42,65,0,34,0,31,9,23,22,29,76,0,47,9,47,11,0,0,0,0,12,0,0,42,25,0,0,0,0,0,0,0,0,12,38,0,0,3,0,0,3,0,0,0,0,0,0,5,0,51,0,0,0,0,0,0,0,0,0,7,0,24,52,8,20,82,53,44,0,73,36,0,0
2013-05-01,5,34,60,0,28,9,24,8,18,14,24,81,55,47,10,42,8,0,0,0,0,6,0,0,43,55,0,0,5,0,0,0,0,33,15,41,27,0,7,0,0,2,0,0,0,0,0,0,8,0,55,0,0,0,0,0,0,0,6,0,7,38,32,33,0,23,65,55,46,0,50,37,3,0
2013-06-01,8,31,53,0,24,0,19,8,27,23,20,55,0,44,14,40,8,0,0,0,0,0,0,0,34,16,0,0,5,0,0,0,0,60,12,29,33,0,6,0,0,0,3,0,0,0,0,0,10,0,53,0,0,0,0,0,0,0,0,0,19,35,27,46,0,17,69,51,62,0,44,37,6,0
2013-07-01,0,32,59,0,27,0,19,9,21,17,25,53,0,38,11,41,5,0,0,0,0,0,0,0,0,16,0,0,0,0,0,0,0,0,14,29,22,0,3,0,0,0,0,0,0,0,0,0,7,0,53,0,0,0,0,0,0,0,0,0,0,36,21,100,0,18,69,52,66,0,44,35,5,0
2013-08-01,4,35,61,0,27,0,19,10,26,21,14,54,0,43,10,43,6,0,0,0,2,3,0,0,32,23,0,0,0,0,0,0,0,0,8,26,20,0,2,0,0,0,0,0,0,60,0,0,0,0,48,0,0,0,0,0,0,0,6,0,0,50,21,41,5,14,52,49,22,0,44,30,3,0
2013-09-01,0,40,49,0,35,34,20,10,24,16,21,73,0,39,7,35,9,0,0,0,7,3,0,0,0,29,0,0,8,0,0,0,0,0,7,21,19,0,4,0,0,0,0,0,1,0,0,0,8,0,56,0,0,0,0,0,0,0,0,0,9,0,27,59,5,16,52,49,44,0,40,38,3,0
2013-10-01,0,42,52,0,33,0,28,10,19,12,25,77,0,40,9,41,8,0,0,0,0,2,0,0,0,0,0,0,0,0,0,0,0,22,18,41,52,0,4,0,0,2,2,0,2,0,0,0,11,0,52,0,0,0,0,0,0,0,0,0,12,61,30,27,16,21,75,53,72,0,74,36,0,0
2013-11-01,0,38,70,0,29,0,25,8,27,16,24,58,100,40,12,36,9,0,0,0,0,2,0,0,0,0,0,0,0,0,0,0,0,0,15,34,42,0,5,0,0,0,9,0,0,56,0,0,9,0,63,0,0,0,0,0,0,0,0,0,8,24,32,40,5,23,64,55,25,0,59,38,5,0
2013-12-01,0,29,51,0,26,0,20,7,27,17,20,48,0,35,8,38,9,0,0,0,0,2,0,0,58,17,0,0,0,0,0,0,0,0,11,29,0,0,5,0,0,1,0,0,0,0,0,0,0,0,56,0,0,0,0,0,0,0,0,0,13,44,23,43,0,12,60,41,36,0,64,25,3,0
2014-01-01,12,41,73,0,33,7,23,9,32,20,21,56,0,39,12,41,8,0,0,0,0,4,0,0,27,0,0,0,7,0,0,0,0,0,13,30,31,0,0,0,0,0,0,0,0,42,0,0,11,0,55,0,0,0,0,0,0,0,0,0,8,53,31,63,6,27,75,58,51,0,75,38,0,0
2014-02-01,5,45,75,0,39,0,28,9,29,17,27,76,0,40,11,42,6,0,0,0,0,0,0,0,42,33,0,0,6,0,0,0,0,16,11,29,54,0,4,0,0,0,0,0,0,0,0,0,13,0,47,0,0,0,0,0,0,0,5,0,8,18,30,31,14,23,72,59,16,0,70,43,4,0
2014-03-01,0,40,78,0,33,0,26,8,20,22,34,61,27,39,14,42,8,0,0,0,4,3,0,0,0,28,0,0,5,0,0,0,0,0,8,34,15,0,3,0,0,0,0,0,0,0,0,0,4,0,67,0,0,0,0,0,0,0,3,0,0,43,32,59,10,28,77,48,69,0,61,40,5,0
2014-04-01,4,41,75,0,35,0,25,8,21,19,32,74,0,43,10,44,8,0,0,0,0,0,0,0,0,17,0,0,0,0,0,0,0,0,4,36,0,0,6,0,0,0,3,0,0,0,0,0,4,0,57,0,0,0,0,0,0,0,6,0,6,0,25,80,4,19,58,39,51,0,63,35,8,0
2014-05-01,12,34,71,0,31,0,24,8,28,27,26,65,0,48,11,41,12,0,0,0,2,2,0,0,19,0,0,0,0,0,0,0,0,0,14,25,22,0,0,0,0,2,2,0,0,0,0,0,0,0,42,0,0,0,0,0,0,0,10,0,7,49,30,56,0,21,71,38,49,0,65,32,0,0
2014-06-01,7,35,80,0,24,0,19,6,19,22,24,52,41,41,11,40,0,0,0,0,6,4,0,0,0,0,0,0,9,0,0,0,0,37,20,41,32,0,4,0,0,0,3,0,0,0,0,0,10,0,68,0,0,0,0,0,0,0,0,0,11,66,26,51,0,25,65,48,51,0,51,39,0,0
2014-07-01,0,35,71,0,27,9,19,7,24,26,24,73,26,46,10,44,0,0,0,0,0,4,0,0,45,0,0,0,6,0,0,0,0,0,4,36,17,0,4,0,0,4,3,0,1,0,0,0,0,0,43,0,0,0,0,0,0,0,0,0,0,61,22,36,5,19,60,43,59,0,43,41,0,0
2014-08-01,5,33,72,0,27,14,26,7,30,25,21,64,0,44,9,34,13,0,0,0,0,0,0,0,0,23,0,0,20,0,0,0,0,0,6,30,0,0,2,0,0,1,0,0,0,0,0,0,10,0,68,0,0,0,0,0,0,0,0,0,0,23,20,87,9,17,56,40,18,0,49,32,5,0
2014-09-01,13,43,82,0,36,11,27,8,30,12,29,76,40,42,6,38,40,0,0,0,3,4,0,0,17,35,0,0,0,0,0,0,0,0,12,31,38,0,5,0,0,4,3,0,0,25,0,0,16,0,66,0,0,0,0,0,0,0,0,0,0,34,28,32,10,27,72,38,45,0,53,36,6,0
2014-10-01,0,47,82,0,38,9,30,9,34,24,31,71,0,40,12,36,0,0,0,0,0,0,0,0,41,0,0,0,13,0,0,0,0,42,5,25,11,0,7,0,0,0,6,0,0,0,0,0,0,0,59,0,0,0,0,0,0,0,5,0,9,49,35,63,0,27,71,47,49,0,75,35,0,0
2014-11-01,0,39,65,0,29,17,25,6,18,18,33,80,40,35,8,37,0,0,0,0,0,3,0,0,22,0,0,0,8,0,0,0,0,26,12,32,50,0,5,0,0,0,5,0,1,49,0,0,8,0,67,0,0,0,0,0,0,0,8,0,0,56,34,38,4,17,75,46,66,0,80,38,8,0
2014-12-01,3,32,61,0,23,9,19,6,23,25,23,56,0,30,7,32,20,0,0,0,0,0,0,0,0,0,0,0,11,0,0,0,0,16,5,21,0,0,4,0,0,0,0,0,0,0,0,0,5,0,69,0,0,0,0,0,0,0,7,0,6,100,21,59,4,19,60,43,63,0,59,29,0,0
2015-01-01,3,37,76,0,31,0,21,7,18,20,47,66,0,40,7,36,0,0,0,0,4,2,0,0,31,29,0,0,0,0,0,0,0,40,25,28,22,0,1,0,0,0,3,0,0,24,0,0,12,0,67,0,0,0,0,0,0,0,4,0,7,22,34,59,8,28,70,52,0,0,63,36,6,0
2015-02-01,9,44,85,0,31,0,27,6,23,35,36,84,23,36,7,37,64,0,0,0,0,0,0,0,0,64,0,0,0,0,0,0,0,18,7,31,56,0,3,0,0,0,0,0,2,21,0,0,7,0,52,0,0,0,0,0,0,0,5,0,0,54,32,81,12,26,73,51,88,0,76,36,0,0
2015-03-01,7,47,94,0,31,0,27,6,20,24,28,65,20,42,10,41,0,0,0,0,4,6,0,0,45,0,0,0,11,0,0,0,0,0,6,32,24,0,3,0,0,2,0,0,0,0,0,0,15,0,73,0,0,0,0,0,0,0,6,0,6,53,35,92,6,20,84,48,87,0,65,41,7,0
2015-04-01,0,46,85,0,35,8,29,7,38,30,32,81,0,44,7,37,100,0,0,0,0,4,0,0,43,29,0,0,0,0,0,0,0,18,10,41,49,0,6,0,0,8,0,0,1,22,0,0,8,0,73,0,0,0,0,0,0,0,0,0,5,70,33,89,11,21,64,37,63,0,60,36,4,0
2015-05-01,7,35,80,0,23,0,22,7,31,22,27,65,48,42,8,37,66,0,0,0,0,4,0,0,0,0,0,0,0,0,0,0,0,16,6,33,31,0,3,0,0,1,0,0,0,27,0,0,10,0,38,0,0,0,0,0,0,0,3,0,17,38,29,65,0,23,59,35,47,0,71,28,3,0
2015-06-01,4,37,82,0,26,0,20,6,38,22,28,54,26,42,12,36,0,0,0,0,3,2,0,0,0,0,0,0,15,0,0,0,0,0,0,38,36,0,3,0,0,1,0,0,1,0,0,0,4,0,56,0,0,0,0,0,0,0,7,0,19,22,29,62,4,23,77,38,72,0,56,38,0,0
2015-07-01,0,33,100,0,28,0,20,6,35,34,34,59,0,44,14,35,53,0,0,0,2,12,0,0,27,13,0,0,8,0,0,0,0,0,9,31,33,0,3,0,0,0,3,0,0,32,0,0,9,0,50,0,0,0,0,0,0,0,6,0,0,54,24,39,0,22,64,36,46,0,40,33,3,0
2015-08-01,6,30,85,0,25,0,16,7,26,26,31,57,0,42,9,36,0,0,0,0,0,3,0,0,15,0,0,0,7,0,0,0,0,0,0,29,37,0,2,0,0,1,2,0,1,0,0,0,16,0,35,0,0,0,0,0,0,0,4,0,19,77,21,45,10,16,45,36,62,0,45,34,7,0
2015-09-01,4,44,85,0,30,8,26,9,23,18,31,64,0,42,9,32,0,0,0,0,0,0,0,0,28,0,0,0,7,0,0,0,0,0,12,36,25,0,3,0,0,0,0,0,0,38,0,0,8,0,68,0,0,0,0,0,0,0,8,0,19,37,32,54,0,21,63,38,66,0,71,43,4,0
2015-10-01,6,44,67,0,29,12,28,8,36,21,40,85,0,38,12,34,0,0,0,0,2,4,0,0,43,24,0,0,5,0,0,0,0,14,13,36,23,0,5,0,0,0,0,0,1,43,0,0,7,0,76,0,0,0,0,0,0,0,8,0,25,67,32,62,8,23,81,34,72,0,68,37,4,0
2015-11-01,7,44,72,0,31,6,26,6,20,13,32,71,0,40,7,28,50,0,0,0,4,0,0,0,20,0,0,0,4,0,0,0,0,17,17,20,28,0,4,0,0,2,2,0,2,28,0,0,14,0,71,0,0,0,0,0,0,0,0,0,5,64,35,51,0,25,77,39,44,0,77,36,4,0
2015-12-01,0,34,74,0,22,0,20,5,14,37,24,59,48,33,10,32,0,0,0,0,0,0,0,0,0,34,0,0,8,0,0,0,0,0,5,23,0,0,3,0,0,1,3,0,2,0,0,0,8,0,44,0,0,0,0,0,0,0,0,0,0,23,25,63,9,22,65,29,92,0,54,30,8,0
2016-01-01,4,37,66,0,32,0,25,7,18,25,43,70,0,33,5,35,33,0,0,0,2,3,0,0,57,0,0,0,0,0,0,0,0,0,19,38,36,0,2,0,0,0,0,0,0,0,0,0,9,0,85,0,0,0,0,0,0,0,0,0,11,0,29,60,0,29,79,48,43,0,59,32,2,0
2016-02-01,4,51,81,0,34,0,27,8,33,31,32,71,0,37,10,39,0,0,0,0,0,3,0,0,35,51,0,0,18,0,0,0,0,34,5,29,35,0,4,0,0,0,4,0,0,0,0,0,12,0,92,0,0,0,0,0,0,0,6,0,9,67,30,78,20,27,89,41,56,0,59,32,4,0
2016-03-01,0,49,86,0,30,10,24,7,36,26,36,82,0,36,7,35,34,0,0,0,0,5,0,0,22,0,0,0,13,0,0,0,0,23,15,36,10,0,3,0,0,2,5,0,2,0,0,0,6,0,84,0,0,0,0,0,0,0,7,0,0,34,33,64,5,21,75,42,53,0,65,32,4,0
2016-04-01,7,48,81,0,28,0,26,7,30,15,35,71,26,43,9,38,0,0,0,0,0,0,0,0,21,23,0,0,4,0,0,0,0,0,12,48,32,0,1,0,0,3,0,0,0,37,0,0,9,0,75,0,0,0,0,0,0,0,6,0,0,67,35,85,16,31,77,34,43,0,68,38,5,0
2016-05-01,5,40,80,0,24,0,23,7,32,21,25,76,0,41,7,37,0,0,0,0,0,0,0,0,24,15,0,0,5,0,0,0,0,0,25,44,40,0,3,0,0,1,3,0,0,0,0,0,0,0,69,0,0,0,0,0,0,0,6,0,4,57,30,68,16,25,75,28,57,0,74,33,9,0
2016-06-01,4,35,77,0,25,0,19,6,24,21,27,63,0,37,11,34,18,0,0,0,0,3,0,0,23,0,0,0,7,0,0,0,0,27,10,39,53,0,5,0,0,1,3,0,0,0,0,0,24,0,68,0,0,0,0,0,0,0,5,0,0,0,29,79,6,25,100,29,73,0,58,37,0,0
2016-07-01,5,32,74,0,19,20,15,6,26,21,26,59,84,37,7,34,29,0,0,0,0,2,0,0,0,14,0,0,7,0,0,0,0,13,12,39,35,0,2,0,0,0,0,0,0,48,0,0,7,0,74,0,0,0,0,0,0,0,0,0,12,26,19,44,5,20,57,27,70,0,36,32,5,0
2016-08-01,4,33,77,0,23,6,17,6,23,25,23,66,0,36,4,34,0,0,0,0,0,2,0,0,24,27,0,0,7,0,0,0,0,0,17,36,35,0,1,0,0,2,0,0,0,0,0,0,0,0,43,0,0,0,0,0,0,0,0,0,0,78,22,53,4,12,56,28,50,0,48,33,0,0
2016-09-01,2,40,64,0,27,15,23,7,34,24,30,65,0,35,10,32,29,0,0,0,0,0,0,0,18,14,0,0,9,0,0,0,0,45,14,36,46,0,2,0,0,0,0,0,2,23,0,0,14,0,67,0,0,0,0,0,0,0,8,0,8,38,24,72,0,24,59,34,72,0,45,33,0,0
2016-10-01,6,47,83,0,29,7,24,7,26,22,35,87,30,37,9,30,16,0,0,0,2,2,0,0,53,0,0,0,7,0,0,0,0,0,17,37,21,0,3,0,0,1,3,0,1,18,0,0,16,0,65,0,0,0,0,0,0,0,0,0,0,51,31,57,9,28,67,29,68,0,62,34,0,0
2016-11-01,4,39,79,0,26,0,26,5,25,27,35,82,15,29,7,31,31,0,0,0,2,0,0,0,0,0,0,0,4,0,0,0,0,0,22,31,52,0,6,0,0,1,0,0,1,0,0,0,18,0,75,0,0,0,0,0,0,0,0,0,17,51,30,68,16,22,74,38,77,0,75,30,0,0
2016-12-01,2,35,56,0,23,9,23,5,24,21,32,64,0,30,8,29,45,0,0,0,0,3,0,0,0,0,0,0,13,0,0,0,0,0,3,24,16,0,4,0,0,0,2,0,0,28,0,0,18,0,59,0,0,0,0,0,0,0,6,0,0,51,23,44,0,19,56,25,59,0,60,26,5,0
2017-01-01,3,43,73,0,28,0,23,6,25,23,32,81,0,29,7,34,0,0,0,0,4,2,0,0,13,0,0,0,10,0,0,0,0,22,15,29,47,0,5,0,0,0,0,0,1,0,0,0,16,0,57,0,0,0,0,0,0,0,3,0,8,70,29,96,11,29,75,44,75,0,80,37,8,0
2017-02-01,7,49,76,0,33,18,27,7,33,39,39,88,0,36,10,33,0,0,0,0,0,6,0,0,0,10,0,0,14,0,0,0,0,0,19,40,17,0,8,0,0,3,0,0,0,0,0,0,14,0,65,0,0,0,0,0,0,0,6,0,9,32,29,85,8,20,88,35,78,0,90,35,8,0
2017-03-01,0,49,0,44,33,0,0,6,37,44,43,96,23,0,9,36,0,0,29,0,3,0,46,0,0,34,4,79,14,0,6,16,0,90,16,38,0,8,0,38,0,2,0,0,0,0,0,0,0,0,0,25,0,5,0,0,0,0,0,0,4,86,31,0,8,0,0,0,0,76,79,39,4,29
2017-04-01,0,46,0,43,31,0,0,6,25,31,47,96,20,0,14,31,64,74,57,0,0,0,35,0,0,72,6,95,14,0,8,15,0,35,12,44,0,8,0,26,0,0,0,0,0,0,0,0,0,23,0,26,0,2,0,0,0,0,0,0,13,25,27,0,11,0,0,0,0,62,66,30,3,22
2017-05-01,0,43,0,39,23,0,0,6,25,32,40,82,0,0,13,35,60,0,0,0,2,0,25,0,0,21,0,88,0,0,0,5,0,46,18,38,0,8,0,0,0,0,0,0,0,0,0,0,0,0,0,23,0,3,0,7,0,0,0,0,5,15,27,0,0,0,0,0,0,71,76,34,5,27
2017-06-01,0,35,0,27,23,15,0,6,31,33,29,80,25,0,9,35,47,35,0,0,0,0,16,0,0,11,5,99,10,0,5,6,0,0,15,32,0,10,0,0,0,0,0,0,0,0,0,0,0,33,0,22,0,2,0,4,0,0,0,0,0,0,25,0,15,0,0,0,0,44,52,34,3,21
2017-07-01,0,37,0,38,18,0,0,5,37,26,34,80,23,0,7,34,37,0,0,0,0,0,0,0,0,26,4,83,4,0,10,12,32,14,18,34,0,9,0,22,0,0,0,0,0,0,0,0,0,51,0,22,0,0,0,0,0,0,0,0,0,73,22,0,9,0,0,0,0,34,67,35,8,24
2017-08-01,0,35,0,26,22,7,0,5,28,32,31,62,0,0,10,34,26,0,27,0,0,0,20,0,0,19,0,62,11,0,6,7,0,40,12,36,0,8,0,0,0,0,0,100,0,0,0,0,0,54,0,19,0,3,0,3,0,0,0,0,0,43,18,0,11,0,0,0,0,36,47,34,5,25
2017-09-01,0,44,0,46,27,0,0,7,39,31,38,86,0,0,9,32,0,0,33,0,0,0,0,0,0,11,0,60,10,0,4,11,55,0,0,27,0,11,0,49,0,1,0,0,0,0,0,0,0,0,0,19,0,4,0,0,0,0,0,0,0,72,25,0,0,0,0,0,0,11,46,36,0,23
2017-10-01,0,54,0,46,30,8,0,7,39,29,38,100,0,0,11,33,0,0,88,0,0,0,0,0,0,0,3,84,7,0,8,13,0,0,13,44,0,17,0,30,0,2,0,0,0,0,0,0,0,20,0,17,0,2,0,0,0,0,0,0,0,49,28,0,11,0,0,0,0,56,68,34,6,27
2017-11-01,0,47,0,31,29,6,0,5,38,22,36,86,29,0,11,29,21,0,24,0,2,0,0,0,0,25,5,59,14,0,5,7,0,0,14,36,0,8,0,0,0,0,0,0,0,0,0,0,0,0,0,16,0,0,0,5,0,0,0,0,0,42,29,0,13,0,0,0,0,67,79,37,3,28
2017-12-01,0,34,0,28,20,7,0,5,35,35,23,70,0,0,7,30,0,0,35,0,0,0,0,0,0,0,0,62,4,0,3,14,0,20,0,27,0,4,0,0,0,0,0,0,0,0,0,0,0,0,0,15,0,0,0,0,0,0,0,0,0,60,20,0,7,0,0,0,0,55,59,29,0,19
2018-01-01,0,40,0,33,27,0,0,6,36,36,29,79,0,0,7,33,0,0,33,0,0,0,0,0,0,18,8,72,12,0,5,10,0,0,9,31,0,6,0,0,0,0,0,20,0,0,0,0,0,19,0,20,0,0,0,0,0,0,0,0,0,50,28,0,14,0,0,0,0,44,73,34,0,28
2018-02-01,0,49,0,44,31,8,0,6,31,30,36,76,37,0,12,32,0,0,0,0,0,0,0,0,0,13,6,70,8,0,5,10,56,15,19,37,0,7,0,43,0,0,0,0,0,0,0,0,0,50,0,24,0,2,0,5,0,0,0,0,0,38,23,0,9,0,0,0,0,50,64,37,6,20
2018-03-01,0,48,0,45,27,17,0,6,29,40,36,79,0,0,5,30,19,24,21,0,0,0,33,0,0,44,0,50,6,0,6,4,53,0,12,33,0,13,0,0,0,1,0,0,0,0,0,0,0,39,0,22,0,0,0,4,0,0,0,0,0,71,27,0,6,0,0,0,0,52,74,38,7,27
2018-04-01,0,46,0,51,30,28,0,6,34,32,40,82,0,0,8,30,19,0,39,0,3,0,0,0,0,27,3,90,0,0,7,15,53,100,15,40,0,10,0,0,0,1,0,0,0,0,0,0,0,23,0,21,0,0,0,3,0,0,0,0,0,0,28,0,15,0,0,0,0,60,57,32,5,26
2018-05-01,0,38,0,42,22,13,0,5,43,25,31,75,0,0,6,32,32,0,0,0,0,0,0,0,0,15,4,63,4,0,3,7,0,40,15,35,0,11,0,0,0,0,0,0,0,0,0,0,0,18,0,20,0,4,0,6,0,0,0,0,0,69,28,0,15,0,0,0,0,60,67,29,3,24
2018-06-01,0,34,0,40,19,6,0,5,36,33,28,63,0,0,12,30,9,0,20,0,0,0,30,0,0,32,4,59,7,0,2,8,0,12,8,29,0,4,0,24,0,0,0,0,0,0,0,0,0,43,0,15,0,4,0,3,0,0,0,0,0,51,21,0,0,0,0,0,0,49,45,31,4,22
2018-07-01,0,34,0,36,19,0,0,5,38,23,24,67,0,0,4,30,11,0,0,0,3,0,23,0,0,0,5,56,9,0,2,8,0,0,12,38,0,4,0,23,0,0,0,0,0,0,0,0,0,30,0,16,0,0,0,0,0,0,0,0,0,39,20,0,14,0,0,0,0,48,53,34,4,25
2018-08-01,0,34,0,40,22,0,0,4,32,33,24,65,23,0,7,32,32,0,16,0,0,0,97,0,0,14,2,62,0,0,1,5,0,29,9,22,0,10,0,0,0,1,0,0,0,0,0,0,0,50,0,15,0,0,0,5,0,0,0,0,0,35,21,0,6,0,0,0,0,29,45,31,4,23
2018-09-01,0,45,0,35,25,10,0,6,27,26,35,83,0,0,7,27,29,71,0,0,4,0,35,0,0,10,6,74,0,0,0,6,0,12,7,38,0,11,0,0,0,0,0,0,0,0,0,0,0,0,0,15,0,0,0,4,0,0,0,0,0,21,24,0,14,0,0,0,0,48,44,37,7,29
2018-10-01,0,48,0,38,31,11,0,6,34,30,37,84,0,0,7,28,15,32,0,0,0,0,29,0,0,24,2,61,11,0,6,10,0,0,14,34,0,9,0,0,0,3,0,0,0,0,0,0,0,0,0,15,0,0,0,3,0,0,0,0,0,57,27,0,12,0,0,0,0,51,65,33,0,41
2018-11-01,0,41,0,42,24,0,0,4,38,25,56,60,22,0,6,25,14,0,0,0,0,0,42,0,0,0,11,74,4,0,4,12,0,0,13,35,0,8,0,0,0,0,0,0,0,0,0,0,0,46,0,18,0,0,0,0,0,0,0,0,0,55,25,0,9,0,0,0,0,68,62,30,6,26
2018-12-01,0,30,0,32,18,0,0,4,36,19,33,48,15,0,5,21,28,0,18,0,2,0,44,0,0,0,3,50,10,0,3,2,35,14,10,27,0,4,0,0,0,1,0,0,0,0,0,0,0,0,0,12,0,2,0,5,0,0,0,0,0,0,19,0,8,0,0,0,0,38,33,22,4,24
2019-01-01,0,38,0,51,24,0,0,5,40,29,37,63,0,0,9,28,9,0,0,0,0,0,24,0,0,0,0,61,11,0,8,7,87,51,11,33,0,2,0,23,0,1,0,0,0,0,0,0,0,0,0,17,0,6,0,0,0,0,0,0,0,32,26,0,5,0,0,0,0,50,50,32,5,25
2019-02-01,0,47,0,51,27,6,0,5,42,37,39,71,0,0,10,27,37,0,50,0,0,0,23,0,0,0,2,76,7,0,4,12,32,37,15,36,0,8,0,0,0,0,0,0,0,0,0,0,0,46,0,19,0,0,0,3,0,0,0,0,0,35,29,0,15,0,0,0,0,46,58,37,3,22
2019-03-01,0,43,0,48,26,19,0,5,34,37,28,62,0,0,6,30,13,0,28,0,0,0,36,0,0,0,3,70,13,0,3,14,92,0,8,24,0,6,0,0,0,0,0,0,0,0,0,0,0,0,0,16,0,4,0,0,0,0,0,0,0,21,27,0,13,0,0,0,0,69,53,31,0,22
2019-04-01,0,48,0,53,27,5,0,5,30,28,33,72,0,0,6,28,0,0,15,0,0,0,0,0,0,10,0,83,5,0,2,7,22,16,16,32,0,5,0,0,0,2,0,0,0,0,0,0,0,0,0,17,0,0,0,0,0,0,0,0,0,34,24,0,18,0,0,0,0,39,48,33,3,20
2019-05-01,0,36,0,39,22,12,0,5,30,23,26,62,22,0,6,30,30,25,21,0,3,0,38,0,0,20,2,75,5,0,4,9,0,0,7,28,0,6,0,0,0,2,0,22,0,0,0,0,0,21,0,14,0,2,0,2,0,0,0,0,0,43,27,0,16,0,0,0,0,59,63,28,7,21
2019-06-01,0,34,0,52,20,10,0,4,30,31,25,51,0,0,5,30,10,0,37,0,0,0,32,0,0,34,6,79,6,0,2,10,23,14,9,30,0,5,0,0,0,0,0,0,0,0,0,0,0,52,0,13,0,3,0,2,0,0,0,0,0,0,22,0,11,0,0,0,0,38,46,32,3,23
2019-07-01,0,33,0,38,19,29,0,4,17,31,26,64,0,0,8,25,18,0,0,0,0,0,32,0,0,0,4,80,11,0,5,9,0,0,11,31,0,8,0,0,0,1,0,22,0,0,0,0,0,0,0,14,0,0,0,0,0,0,0,0,0,38,22,0,21,0,0,0,0,38,44,32,3,24
2019-08-01,0,33,0,37,20,12,0,4,32,31,23,58,0,0,8,28,0,0,41,0,0,0,0,0,0,0,2,68,0,0,0,11,0,29,7,32,0,9,0,33,0,1,0,0,0,0,0,0,0,46,0,15,0,0,0,0,0,0,0,0,0,29,18,0,16,0,0,0,0,45,48,29,0,20
2019-09-01,0,43,0,36,27,10,0,6,32,39,37,74,0,0,7,26,17,0,70,0,3,0,21,0,0,9,0,70,13,0,5,8,30,12,10,25,0,15,0,0,0,0,0,0,0,0,0,0,0,0,0,18,0,2,0,0,0,0,0,0,0,85,25,0,11,0,0,0,0,44,50,34,0,26
2019-10-01,0,46,0,45,27,0,0,5,28,34,42,81,0,0,7,28,0,0,0,0,0,0,16,0,0,14,0,75,10,0,1,3,0,17,17,40,0,9,0,0,0,0,0,0,0,0,0,0,0,63,0,14,0,3,0,4,0,0,0,0,0,65,31,0,16,0,0,0,0,50,57,28,0,35
2019-11-01,0,42,0,38,21,8,0,4,19,28,32,56,32,0,9,27,20,0,0,0,0,0,0,0,0,11,2,82,5,0,5,5,30,12,4,28,0,6,0,98,0,0,0,0,0,0,0,0,0,18,0,13,0,0,0,0,0,0,0,0,0,83,32,0,15,0,0,0,0,59,52,30,3,31
2019-12-01,0,31,0,31,17,0,0,4,33,26,25,55,0,0,7,24,13,0,0,0,0,0,21,0,0,28,4,56,8,0,3,13,0,0,11,27,0,8,0,0,0,0,0,0,0,0,0,0,0,0,0,12,0,0,0,4,0,0,0,0,0,0,24,0,14,0,0,0,0,57,49,24,9,23
2020-01-01,0,38,0,43,24,0,0,4,35,32,31,65,0,0,6,27,0,0,0,0,2,0,30,0,0,14,4,69,0,0,0,8,0,0,15,30,0,3,0,0,0,1,0,17,0,0,0,0,0,0,0,16,0,2,0,7,0,0,0,0,0,41,30,0,12,0,0,0,0,56,64,26,5,25
2020-02-01,0,49,0,34,28,17,0,5,23,41,34,76,0,0,4,29,0,46,0,0,0,0,0,0,0,29,5,63,11,0,2,5,31,21,4,29,0,6,0,0,0,1,0,18,0,0,0,0,0,0,0,17,0,2,0,3,0,0,0,0,0,35,31,0,16,0,0,0,0,58,66,28,7,27
2020-03-01,0,40,0,33,19,0,0,7,26,45,33,58,0,0,5,20,0,0,82,0,0,0,35,0,0,0,0,78,0,0,6,0,0,0,8,24,0,3,0,0,0,1,0,0,0,0,0,0,0,21,0,21,0,0,0,0,0,0,0,0,0,43,24,0,14,0,0,0,0,41,47,24,0,17
2020-04-01,0,44,0,27,24,8,0,7,17,41,38,56,32,0,10,24,45,0,0,0,1,0,30,0,0,0,2,66,11,0,5,11,23,0,11,25,0,10,0,52,0,2,0,0,0,0,0,0,0,19,0,23,0,0,0,3,0,0,0,0,0,31,19,0,6,0,0,0,0,35,42,15,2,17
2020-05-01,0,35,0,39,22,0,0,5,30,37,31,59,0,0,9,25,25,0,0,0,0,0,0,0,0,0,2,80,13,0,2,7,20,0,18,28,0,4,0,29,0,2,0,0,0,0,0,0,0,17,0,17,0,2,0,0,0,0,0,0,0,28,27,0,15,0,0,0,0,59,49,13,6,25
2020-06-01,0,35,0,41,20,12,0,6,31,51,28,54,13,0,10,25,19,0,0,0,0,0,100,0,0,0,1,79,9,0,6,6,32,0,17,31,0,6,0,0,0,2,0,0,0,0,0,0,0,51,0,17,0,2,0,4,0,0,0,0,0,0,27,0,15,0,0,0,0,45,47,15,3,29
2020-07-01,0,35,0,48,18,28,0,8,22,54,26,55,12,0,8,27,27,25,41,0,0,0,35,0,0,13,0,88,22,0,5,9,0,0,5,24,0,3,0,26,0,1,0,0,0,0,0,0,0,22,0,18,0,5,0,5,0,0,0,0,0,41,25,0,7,0,0,0,0,37,47,18,7,27
2020-08-01,0,32,0,37,20,5,0,6,36,41,22,69,0,0,6,26,54,0,0,0,0,0,22,0,0,12,2,61,10,0,8,0,28,0,10,28,0,6,0,0,0,0,0,22,0,0,0,0,0,0,0,16,0,2,0,0,0,0,0,0,0,55,23,0,12,0,0,0,0,48,44,21,3,27
2020-09-01,0,49,0,43,21,8,0,8,34,47,39,76,14,0,5,25,72,0,0,0,0,0,28,0,0,21,4,71,0,0,5,7,0,17,5,19,0,3,0,0,0,1,0,10,0,0,0,0,0,0,0,16,0,4,0,0,0,0,0,0,0,18,28,0,18,0,0,0,0,47,41,25,4,32
2020-10-01,0,54,0,31,18,11,0,7,32,32,37,83,15,0,9,25,53,54,37,0,0,0,17,0,0,0,8,66,9,0,4,5,35,19,11,27,0,5,0,39,0,0,0,0,0,0,0,0,0,0,0,17,0,0,0,3,0,0,0,0,0,49,26,0,13,0,0,0,0,40,34,21,5,37
2020-11-01,0,40,0,31,14,13,0,5,22,36,29,57,15,0,4,22,37,64,60,0,0,0,0,0,0,17,5,71,8,0,5,3,0,13,10,30,0,3,0,16,0,0,0,22,0,0,0,0,0,73,0,18,0,5,0,0,0,0,0,0,0,45,31,0,7,0,0,0,0,54,38,20,0,33
2020-12-01,0,33,0,33,13,20,0,6,28,47,26,56,22,0,6,22,16,100,0,0,2,0,0,0,0,33,2,55,6,0,2,10,27,34,6,20,0,8,0,0,0,1,0,0,0,0,0,0,0,28,0,19,0,0,0,3,0,0,0,0,0,23,22,0,16,0,0,0,0,40,50,18,3,25
2021-01-01,0,31,0,32,16,8,0,6,21,26,21,61,0,0,5,23,40,57,0,0,0,0,0,0,0,0,3,60,5,0,3,7,0,13,12,24,0,8,0,23,0,1,0,0,0,0,0,0,0,52,0,23,0,5,0,0,0,0,0,0,0,61,26,0,8,0,0,0,0,33,50,15,0,22
2021-02-01,0,41,0,18,18,10,0,7,18,46,26,53,0,0,5,23,0,0,100,0,4,0,40,0,0,0,0,86,4,0,3,6,0,0,12,26,0,5,0,0,0,2,0,0,0,0,0,0,0,74,0,25,0,2,0,0,0,0,0,0,0,0,22,0,15,0,0,0,0,46,49,14,5,26
2021-03-01,0,44,0,31,16,0,0,7,22,29,30,68,0,0,8,20,28,36,0,0,3,0,0,0,0,22,0,70,6,0,4,5,0,23,10,21,0,8,0,54,0,0,0,21,0,0,0,0,0,25,0,26,0,0,0,0,0,0,0,0,0,59,24,0,8,0,0,0,0,55,43,18,0,21
2021-04-01,0,43,0,31,16,0,0,7,23,38,33,64,0,0,6,23,33,16,14,0,3,0,0,0,0,0,2,55,0,0,1,7,24,0,11,26,0,9,0,38,0,1,0,0,0,0,0,0,0,0,0,27,0,0,0,3,0,0,0,0,0,16,20,0,15,0,0,0,0,63,49,19,3,15
2021-05-01,0,36,0,31,19,12,0,7,30,32,31,54,0,0,8,24,16,0,44,0,0,0,95,0,0,18,0,65,6,0,6,7,94,0,11,20,0,4,0,0,0,1,0,0,0,0,0,0,0,36,0,27,0,3,0,6,0,0,0,0,0,30,26,0,4,0,0,0,0,44,46,20,0,15
2021-06-01,0,31,0,33,15,10,0,7,18,30,25,47,16,0,5,23,33,21,0,0,0,0,0,0,0,8,2,61,11,0,3,14,0,11,11,19,0,5,0,20,0,1,0,31,0,0,0,0,0,25,0,26,0,3,0,2,0,0,0,0,0,0,15,0,15,0,0,0,0,36,45,18,6,21
2021-07-01,0,30,0,42,12,0,0,7,28,27,23,54,17,0,4,21,15,0,0,0,0,0,17,0,0,15,4,58,5,0,0,3,0,0,8,20,0,10,0,15,0,0,0,0,0,0,0,0,0,0,0,20,0,0,0,13,0,0,0,0,0,24,15,0,4,0,0,0,0,57,40,19,2,23
2021-08-01,0,31,0,34,15,9,0,7,27,34,23,50,0,0,8,21,11,0,13,0,0,0,37,0,0,9,2,53,6,0,2,9,0,20,12,24,0,0,0,0,0,0,0,12,0,0,0,0,0,29,0,20,0,2,0,5,0,0,0,0,0,0,14,0,5,0,0,0,0,45,22,18,0,24
2021-09-01,0,44,0,38,19,9,0,8,28,32,39,79,0,0,13,41,29,0,12,0,0,0,0,0,0,0,2,52,6,0,4,7,0,0,5,16,0,13,0,0,0,0,0,0,0,0,0,0,0,30,0,16,0,0,0,4,0,0,0,0,0,48,19,0,6,0,0,0,0,38,39,24,10,49
2021-10-01,0,50,0,57,20,12,0,7,28,34,44,93,0,0,12,43,19,21,0,0,0,0,36,0,0,0,0,52,11,0,0,11,34,19,12,34,0,6,0,0,0,0,0,0,0,0,0,0,0,34,0,17,0,0,0,0,0,0,0,0,0,38,21,0,12,0,0,0,0,53,48,20,5,54
2021-11-01,0,46,0,55,17,7,0,7,24,41,36,82,0,0,10,24,24,0,31,0,0,0,0,0,0,0,2,81,5,0,4,8,41,0,9,33,0,7,0,0,0,1,0,0,0,0,0,0,0,19,0,17,0,2,0,7,0,0,0,0,0,65,23,0,7,0,0,0,0,59,51,21,8,24
2021-12-01,0,36,0,46,15,0,0,6,26,34,28,71,25,0,5,24,13,42,13,0,0,0,0,0,0,0,5,80,0,0,7,8,0,30,10,27,0,3,0,0,0,1,0,0,0,0,0,0,0,0,0,14,0,0,0,4,0,0,0,0,0,22,19,0,9,0,0,0,0,61,46,18,7,17
2022-01-01,0,43,0,71,26,11,0,7,20,50,32,70,29,0,7,24,44,0,25,0,0,0,0,0,0,0,7,93,14,0,2,8,0,25,8,32,0,4,0,0,0,0,0,23,0,0,0,0,0,100,0,21,0,2,0,0,0,0,0,0,0,90,29,0,18,0,0,0,0,72,66,23,3,30
2022-02-01,0,63,0,80,29,20,0,8,34,49,57,90,21,0,11,25,22,0,13,0,0,0,52,0,0,8,1,87,6,0,4,12,0,24,8,22,0,3,0,35,0,1,0,0,0,0,0,0,0,30,0,22,0,2,0,3,0,0,0,0,0,32,29,0,17,0,0,0,0,77,63,20,13,20
2022-03-01,0,67,0,66,26,7,0,8,34,52,100,86,0,0,11,23,25,19,44,0,0,0,0,0,0,10,3,85,17,0,6,16,26,18,13,32,0,6,0,0,0,1,0,0,0,0,0,0,0,50,0,22,0,3,0,3,0,0,0,0,0,50,31,0,17,0,0,0,0,73,71,24,3,30
2022-04-01,0,61,0,71,30,20,0,9,35,52,74,91,0,0,9,25,21,0,25,0,2,0,10,0,0,10,0,89,11,0,4,12,60,23,14,32,0,11,0,22,0,2,0,12,0,0,0,0,0,0,0,19,0,2,0,7,0,0,0,0,0,63,27,0,7,0,0,0,0,100,68,21,0,25
2022-05-01,0,50,0,76,23,12,0,8,26,36,65,86,0,0,5,23,38,0,19,0,1,0,0,0,0,15,0,96,28,0,5,12,24,18,12,23,0,9,0,35,0,1,0,0,0,0,0,0,0,39,0,18,0,6,0,2,0,0,0,0,0,43,33,0,25,0,0,0,0,97,58,25,4,27
2022-06-01,0,43,0,62,22,14,0,8,29,54,52,65,65,0,5,24,5,14,0,0,0,0,73,0,0,18,3,83,13,0,6,10,0,14,11,28,0,4,0,0,0,1,0,39,0,0,0,0,0,59,0,16,0,0,0,3,0,0,0,0,0,57,24,0,25,0,0,0,0,56,44,25,0,16
2022-07-01,0,41,0,70,23,0,0,7,26,33,32,74,0,0,7,24,16,41,42,0,0,0,16,0,0,41,0,73,19,0,6,10,0,32,15,37,0,4,0,41,0,0,0,0,0,0,0,0,0,0,0,17,0,5,0,0,0,0,0,0,0,35,25,0,26,0,0,0,0,63,50,22,3,23
2022-08-01,0,44,0,89,24,13,0,8,40,59,33,73,48,0,7,27,12,0,12,0,0,0,0,0,0,0,2,75,16,0,3,8,27,40,3,19,0,8,0,0,0,1,0,21,0,0,0,0,0,0,0,18,0,0,0,0,0,0,0,0,0,43,20,0,26,0,0,0,0,51,60,23,3,24
2022-09-01,0,57,0,63,28,16,0,10,31,49,44,82,0,0,7,23,19,18,23,0,2,0,21,0,0,0,3,86,17,0,7,9,100,21,21,27,0,6,0,0,0,0,0,0,0,0,0,0,0,30,0,16,0,3,0,0,0,0,0,0,0,60,28,0,18,0,0,0,0,68,41,23,3,32
2022-10-01,0,62,0,68,28,18,0,8,30,49,56,94,29,0,8,24,22,0,0,0,2,0,41,0,0,13,3,83,4,0,4,8,0,28,13,30,0,9,0,0,0,1,0,0,0,0,0,0,0,53,0,19,0,3,0,0,0,0,0,0,0,48,29,0,22,0,0,0,0,50,62,21,3,22
2022-11-01,0,56,0,61,28,4,0,7,23,45,47,80,0,0,9,21,19,12,26,0,3,0,27,0,0,7,0,99,16,0,5,7,0,34,10,24,0,6,0,0,0,1,0,9,0,0,0,0,0,81,0,18,0,1,0,3,0,0,0,0,0,64,34,0,7,0,0,0,0,86,73,19,4,26
2022-12-01,0,41,0,70,23,9,0,7,25,43,39,73,26,0,6,21,14,38,35,0,0,0,0,0,0,0,0,80,20,0,5,6,27,0,9,22,0,0,0,0,0,1,0,11,0,0,0,0,0,37,0,17,0,0,0,3,0,0,0,0,0,0,26,0,13,0,0,0,0,61,56,22,5,23
2023-01-01,0,49,0,75,28,10,0,8,32,50,37,76,27,0,6,22,12,24,24,0,2,0,0,0,0,8,3,100,28,0,7,12,0,23,15,31,0,9,0,0,0,1,0,26,0,0,0,0,0,65,0,25,0,3,0,2,0,0,0,0,0,31,34,0,13,0,0,0,0,58,64,23,8,24
2023-02-01,0,63,0,100,34,25,0,8,36,62,49,95,25,0,7,21,16,18,0,0,0,0,22,0,0,24,2,88,21,0,5,6,72,13,18,37,0,9,0,18,0,0,0,0,0,0,0,0,0,74,0,21,0,4,0,0,0,0,0,0,0,43,33,0,14,0,0,0,0,68,70,26,3,23
2023-03-01,0,62,0,81,30,38,0,8,38,74,52,95,0,0,9,19,35,16,23,0,0,0,54,0,0,10,2,88,23,0,3,10,28,17,15,36,0,5,0,38,0,0,0,0,0,0,0,0,0,57,0,20,0,3,0,4,0,0,0,0,0,63,30,0,25,0,0,0,0,73,60,23,3,20
2023-04-01,0,58,0,71,30,23,0,8,38,62,53,98,0,0,6,21,18,0,0,0,1,0,29,0,0,15,6,77,5,0,4,14,24,0,11,32,0,7,0,0,0,0,0,12,0,0,0,0,0,0,0,20,0,7,0,5,0,0,0,0,0,87,25,0,27,0,0,0,0,65,57,23,5,18
2023-05-01,0,50,0,78,27,24,0,7,36,59,40,80,21,0,5,22,12,0,0,0,0,0,18,0,0,9,0,68,11,0,6,10,0,0,7,33,0,7,0,57,0,0,0,39,0,0,0,0,0,88,0,21,0,8,0,7,0,0,0,0,0,57,30,0,22,0,0,0,0,64,61,21,4,20
2023-06-01,0,42,0,68,24,11,0,6,29,57,31,61,0,0,5,21,13,0,0,0,0,0,23,0,0,18,5,74,18,0,6,9,29,18,10,24,0,4,0,84,0,1,0,32,0,0,0,0,0,27,0,18,0,7,0,3,0,0,0,0,0,44,23,0,20,0,0,0,0,59,45,22,2,25
2023-07-01,0,39,89,66,19,17,0,7,22,40,30,61,0,0,9,20,0,0,0,100,0,0,0,0,0,21,0,79,9,0,5,0,0,0,10,38,0,0,20,100,0,0,0,54,0,0,0,100,0,54,0,16,0,0,0,0,0,0,0,0,0,73,23,58,12,0,0,0,0,20,65,29,0,27
