,LOCATION,TIME,rd_expenditure_ratio,gdp,rd_expenditure
9585,ARG,1996,0.417490005,372.716,155.60520470358
9589,AUS,1996,1.662209988,441.386,733.6762177633681
9590,AUT,1996,1.584310055,204.814,324.48887960477
9591,AZE,1996,0.235330001,19.603,4.613174009603001
9593,BEL,1996,1.729629993,245.83,425.19494117919004
9595,BFA,1996,0.158340007,8.031,1.2716285962170002
9597,BGR,1996,0.508660018,63.18,32.13713993724
9601,BLR,1996,0.998520017,41.097,41.036177138649
9604,BOL,1996,0.32543999,23.877,7.77053064123
9611,CAN,1996,1.61619997,717.134,1159.03194928598
9613,CHE,1996,2.452080011,248.997,610.5605664989671
9616,CHN,1996,0.565129995,2491.03,1407.7557714448503
9621,COL,1996,0.299230009,242.935,72.69344223641501
9624,CRI,1996,0.298000008,23.769,7.083162190151999
9630,CZE,1996,0.897279978,155.73,139.73341097393998
9631,DEU,1996,2.137160063,2064.93,4413.0859288905895
9634,DNK,1996,1.806679964,149.414,269.94328014109595
9642,ECU,1996,0.07406,66.821,4.94876326
9643,EGY,1996,0.212599993,305.909,65.036251258637
9646,ESP,1996,0.789489985,760.22,600.1860763967001
9651,FIN,1996,2.45310998,108.591,266.38566583818
9653,FRA,1996,2.210999966,1383.67,3059.29432295522
9657,GBR,1996,1.711730003,1303.7,2231.5824049111
9658,GEO,1996,0.330879986,9.937,3.287954420882
9677,HUN,1996,0.632619977,117.858,74.559325249266
9685,IND,1996,0.628040016,1523.24,956.6556739718401
9687,IRL,1996,1.270560026,79.237,100.675364780162
9691,ISR,1996,2.595769882,103.02,267.41621324363996
9692,ITA,1996,0.948080003,1425.27,1351.2699858758099
9695,JPN,1996,2.765010118,3191.18,8823.64498835924
9702,KOR,1996,2.240969896,604.078,1353.720612835888
9714,LKA,1996,0.183559999,65.695,12.058974134304998
9719,LTU,1996,0.491549999,26.662,13.105706073338
9721,LVA,1996,0.39745,15.868,6.306736600000001
9726,MDA,1996,0.872950017,9.01,7.865279653169999
9730,MEX,1996,0.259229988,980.94,254.28906442872002
9745,MYS,1996,0.216450006,248.624,53.814666291744
9752,NLD,1996,1.860700011,417.182,776.250551989002
9761,PAN,1996,0.328339994,19.463,6.390481303222001
9766,POL,1996,0.652040005,345.062,224.99422820531
9770,PRT,1996,0.549499989,168.755,92.73087064369498
9777,ROU,1996,0.705429971,196.705,138.761602445555
9778,RUS,1996,0.965929985,1283.56,1239.8290915466
9784,SGP,1996,1.31843996,135.337,178.43370886652
9797,SVK,1996,0.892920017,57.209,51.083061252553
9798,SVN,1996,1.266330004,28.326,35.870063693304004
9809,THA,1996,0.119180001,438.723,52.287007578723
9818,TTO,1996,0.103249997,13.364,1.379832959908
9820,TUR,1996,0.451590002,572.48,258.52624434496
9826,URY,1996,0.265009999,32.795,8.691002917205001
9827,USA,1996,2.441819906,8073.13,19713.12953772578
9840,ZMB,1996,0.01104,14.267,0.15750767999999998
9851,ARG,1997,0.419589996,409.894,171.987421820424
9852,ARM,1997,0.186920002,6.595,1.23273741319
9856,AUT,1997,1.658550024,212.708,352.786858504992
9857,AZE,1997,0.369500011,21.713,8.022953738843
9859,BEL,1997,1.794759989,259.555,465.838928944895
9861,BFA,1997,0.181040004,8.686,1.572513474744
9863,BGR,1997,0.470479995,55.198,25.96955476401
9867,BLR,1997,0.730000019,46.585,34.007050885115
9870,BOL,1997,0.31577,25.492,8.04960884
9877,CAN,1997,1.623739958,760.722,1235.214708329676
9882,CHN,1997,0.64102,2768.31,1774.5420762
9887,COL,1997,0.273660004,255.6,69.9474970224
9890,CRI,1997,0.290749997,25.503,7.414997173491
9896,CZE,1997,0.997150004,157.594,157.144857730376
9897,DEU,1997,2.178800106,2138.04,4658.36177863224
9900,DNK,1997,1.88914001,156.945,296.49107886945
9908,ECU,1997,0.062629998,70.915,4.441406308170001
9909,EGY,1997,0.197559997,329.603,65.116367691191
9912,ESP,1997,0.779640019,803.221,626.223235701199
9917,FIN,1997,2.623209953,117.46,308.12224107938
9919,FRA,1997,2.135489941,1440.4,3075.9597110164
9923,GBR,1997,1.658949971,1386.18,2299.60327080078
9924,GEO,1997,0.342400014,11.171,3.8249505563939996
9931,GRC,1997,0.429100007,181.543,77.90010257080101
9943,HUN,1997,0.701420009,123.659,86.736896892931
9951,IND,1997,0.674849987,1612.25,1088.02689154075
9953,IRL,1997,1.243309975,89.266,110.98530822835001
9956,ISL,1997,1.791820049,6.413,11.490941974237
9957,ISR,1997,2.811000109,108.768,305.746859855712
9958,ITA,1997,0.989579976,1476.39,1461.00598076664
9961,JPN,1997,2.827620029,3278.06,9269.10811226374
9962,KAZ,1997,0.293370008,99.014,29.047737972112
9964,KGZ,1997,0.193900004,7.851,1.522308931404
9968,KOR,1997,2.285480022,652.411,1491.072306633042
9969,KWT,1997,0.205390006,102.652,21.083694895912
9985,LTU,1997,0.536580026,29.376,15.762574843776001
9987,LVA,1997,0.366560012,17.568,6.439726290816
9992,MDA,1997,0.806789994,9.312,7.512828424127999
9993,MDG,1997,0.220320001,17.123,3.772539377123
9996,MEX,1997,0.287609994,1066.18,306.64402340291997
9999,MKD,1997,0.377730012,11.789,4.453059111468
10005,MNG,1997,0.167860001,8.062,1.353287328062
10009,MUS,1997,0.27899,8.849,2.46878251
10017,NIC,1997,0.065099999,11.667,0.759521688333
10018,NLD,1997,1.865419984,442.741,825.897909136144
10019,NOR,1997,1.593520045,183.341,292.15755857034503
10022,NZL,1997,1.056489944,74.711,78.931420206184
10026,PAK,1997,0.155650005,345.632,53.797622528160005
10027,PAN,1997,0.316709995,21.082,6.67688011459
10028,PER,1997,0.085529998,121.827,10.419863066346
10032,POL,1997,0.650529981,375.886,244.52511243816602
10036,PRT,1997,0.563600004,179.22,101.00839271688
10043,ROU,1997,0.579219997,187.985,108.88467113604501
10044,RUS,1997,1.043740034,1323.74,1381.6404326071602
10050,SGP,1997,1.415079951,149.12,211.01672229312
10063,SVK,1997,1.052829981,60.782,63.993111905141994
10064,SVN,1997,1.247269988,30.27,37.75486253676
10065,SWE,1997,3.319360018,218.528,725.373106013504
10075,THA,1997,0.102140002,433.999,44.328658727998
10084,TTO,1997,0.115529999,14.618,1.688817525382
10086,TUR,1997,0.49169001,626.189,307.89087567189
10090,UKR,1997,1.192299962,185.628,221.324257346136
10092,URY,1997,0.349940002,35.045,12.26364737009
10093,USA,1997,2.470910072,8577.55,21194.3546880836
10105,ZAF,1997,0.583549976,339.429,198.073784803704
10106,ZMB,1997,0.00737,15.067,0.11104379
10117,ARG,1998,0.411309987,430.468,177.055787483916
10118,ARM,1998,0.226009995,7.088,1.60195884456
10121,AUS,1998,1.514950037,497.134,753.133171693958
10122,AUT,1998,1.736129999,222.806,386.820180557194
10123,AZE,1998,0.421240002,23.276,9.804782286552
10125,BEL,1998,1.823619962,267.626,488.048115950212
10129,BGR,1998,0.495400012,57.934,28.700504295208
10133,BLR,1998,0.705780029,51.086,36.055478561494
10136,BOL,1998,0.294950008,27.075,7.985771466599999
10143,CAN,1998,1.717460036,799.257,1372.691955993252
10148,CHN,1998,0.649259984,3019.39,1960.3691030897598
10156,CRI,1998,0.257400006,27.636,7.113506565816
10161,CYP,1998,0.204070002,13.999,2.8567759579980003
10162,CZE,1998,1.067170024,158.8,169.4665998112
10163,DEU,1998,2.212300062,2205.79,4879.869353758981
10166,DNK,1998,2.006180048,162.224,325.450552106752
10174,ECU,1998,0.065169998,74.056,4.826229371888
10175,EGY,1998,0.199100003,358.454,71.368192475362
10178,ESP,1998,0.851019979,848.56,722.14151338024
10179,EST,1998,0.570739985,15.224,8.68894553164
10183,FIN,1998,2.786550045,125.264,349.05440483687994
10185,FRA,1998,2.084140062,1509.02,3145.00903635924
10189,GBR,1998,1.665169954,1446.04,2407.90236028216
10190,GEO,1998,0.353839993,11.648,4.121528238464
10204,HKG,1998,0.428299993,164.341,70.387249149613
10209,HUN,1998,0.658339977,129.928,85.536796531656
10217,IND,1998,0.691659987,1731.23,1197.42251929401
10219,IRL,1998,1.209679961,98.184,118.771217290824
10222,ISL,1998,1.959139943,6.963,13.641491423109
10223,ISR,1998,2.921360016,114.519,334.55122767230404
10224,ITA,1998,1.007459998,1520.04,1531.3794953599202
10227,JPN,1998,2.960200071,3272.85,9688.29080237235
10228,KAZ,1998,0.220390007,98.226,21.648028827582
10230,KGZ,1998,0.210639998,8.107,1.7076584637859997
10234,KOR,1998,2.148649931,625.913,1344.867924262003
10235,KWT,1998,0.257950008,107.6,27.7554208608
10241,LCA,1998,0.765879989,1.361,1.0423626650289999
10251,LTU,1998,0.543770015,31.927,17.360945268905
10253,LVA,1998,0.378899992,18.891,7.157799748872
10256,MAR,1998,0.285600007,105.42,30.10795273794
10259,MDG,1998,0.110440001,17.994,1.987257377994
10262,MEX,1998,0.316689998,1133.85,359.07895423229996
10265,MKD,1998,0.4296,12.325,5.29482
10268,MMR,1998,0.034170002,35.372,1.2086613107439999
10271,MNG,1998,0.166429996,8.425,1.4021727163000002
10275,MUS,1998,0.261779994,9.491,2.484553923054
10277,MYS,1998,0.397890002,254.298,101.18263172859601
10284,NLD,1998,1.764350057,468.626,826.8203098116819
10292,PAK,1998,0.109190002,361.734,39.49773618346799
10293,PAN,1998,0.285059988,22.882,6.522742645416
10294,PER,1998,0.102509998,122.716,12.579616914568
10298,POL,1998,0.664839983,399.053,265.306389736099
10302,PRT,1998,0.624679983,189.951,118.65858745083301
10309,ROU,1998,0.492080003,180.943,89.03843198282901
10310,RUS,1998,0.953840017,1267.08,1208.59160874036
10316,SGP,1998,1.737499952,147.494,256.270817920288
10319,SLV,1998,0.080310002,24.52,1.9692012490400002
10329,SVK,1998,0.766110003,63.972,49.009589111916
10330,SVN,1998,1.30637002,31.615,41.30088818229999
10350,TTO,1998,0.127149999,15.983,2.032238434017
10352,TUR,1998,0.370950013,652.819,242.163216536647
10356,UKR,1998,1.069929957,184.151,197.028671511507
10358,URY,1998,0.191860005,37.04,7.1064945852
10359,USA,1998,2.496750116,9062.83,22627.621853788278
10383,ARG,1999,0.453370005,421.755,191.211066458775
10384,ARM,1999,0.214000002,7.416,1.587024014832
10388,AUT,1999,1.849300027,233.981,432.701069617487
10389,AZE,1999,0.392890006,26.294,10.330649817764
10391,BEL,1999,1.890679955,281.012,531.30375551446
10395,BGR,1999,0.542140007,53.818,29.176890896725997
10399,BLR,1999,0.845229983,53.544,45.256994209751994
10402,BOL,1999,0.29835999,27.574,8.22697836426
10409,CAN,1999,1.760439992,852.366,1500.539194221072
10414,CHN,1999,0.752759993,3297.11,2481.93250052023
10422,CRI,1999,0.331719995,29.206,9.68821417397
10427,CYP,1999,0.2192,14.905,3.267176
10428,CZE,1999,1.056929946,163.266,172.56072456363597
10429,DEU,1999,2.333830118,2279.08,5318.985545331439
10432,DNK,1999,2.127640009,169.36,360.33711192424
10441,EGY,1999,0.186509997,385.714,71.93951698285801
10444,ESP,1999,0.840520024,901.35,757.6027236324001
10445,EST,1999,0.680630028,15.373,10.463325420444
10449,FIN,1999,3.056030035,132.593,405.208190430755
10451,FRA,1999,2.096950054,1580.66,3314.5650723556405
10455,GBR,1999,1.749590039,1510.61,2642.94820881379
10456,GEO,1999,0.287690014,12.151,3.495721360114
10463,GRC,1999,0.568229973,199.367,113.28630502709099
10470,HKG,1999,0.457670003,170.834,78.185597292502
10473,HRV,1999,0.840399981,52.512,44.131083802272
10475,HUN,1999,0.672410011,135.805,91.316641543855
10483,IND,1999,0.711650014,1904.2,1355.1239566588001
10485,IRL,1999,1.153409958,110.053,126.93622610777399
10488,ISL,1999,2.248549938,7.345,16.51559929461
10489,ISR,1999,3.327219963,120.003,399.276377219889
10490,ITA,1999,0.982969999,1566.51,1539.83233313349
10493,JPN,1999,2.977339983,3307.88,9848.683382966039
10494,KAZ,1999,0.183829993,102.3,18.8058082839
10496,KGZ,1999,0.179920003,8.522,1.533278265566
10500,KOR,1999,2.062079906,707.517,1458.9565888534023
10501,KWT,1999,0.197640002,107.165,21.18009081433
10507,LCA,1999,0.364399999,1.417,0.5163547985829999
10517,LTU,1999,0.501999974,32.007,16.067513167818
10519,LVA,1999,0.351999998,19.685,6.92911996063
10525,MDG,1999,0.096000001,19.105,1.834080019105
10528,MEX,1999,0.356440008,1181.49,421.13030505191995
10531,MKD,1999,0.345099986,13.042,4.500794017412001
10534,MMR,1999,0.044059999,38.895,1.7137136611050003
10537,MNG,1999,0.15016,8.806,1.3223089599999998
10541,MUS,1999,0.313870013,9.876,3.099780248388
10550,NLD,1999,1.843129992,499.144,919.987276726848
10551,NOR,1999,1.60532999,197.035,316.30619457964997
10554,NZL,1999,0.963869989,80.379,77.474905845831
10558,PAK,1999,0.115900002,382.172,44.293735564344004
10559,PAN,1999,0.288049996,24.105,6.94344515358
10560,PER,1999,0.100189999,126.305,12.654497823695001
10564,POL,1999,0.687849998,422.985,290.95023140403003
10568,PRT,1999,0.680999994,200.152,136.303510799088
10575,ROU,1999,0.395790011,181.382,71.789183775202
10576,RUS,1999,0.99624002,1366.55,1361.4117993309999
10580,SDN,1999,0.530070007,76.794,40.706196117557994
10582,SGP,1999,1.816280007,158.126,287.201092386882
10595,SVK,1999,0.645560026,64.804,41.834871924904
10596,SVN,1999,1.338140011,33.769,45.18765003145899
10597,SWE,1999,3.421580076,243.693,833.815113460668
10607,THA,1999,0.248359993,429.888,106.766980670784
10616,TTO,1999,0.122919999,17.509,2.152206262491
10618,TUR,1999,0.467669994,640.415,299.50287920751
10622,UKR,1999,0.969680011,186.372,180.721203010092
10624,URY,1999,0.224169999,36.834,8.257077743166
10625,USA,1999,2.541739941,9631.18,24479.954884960378
10649,ARG,2000,0.438840002,427.907,187.782708735814
10650,ARM,2000,0.184630007,8.027,1.482025066189
10653,AUS,2000,1.576609969,554.652,874.469872525788
10654,AUT,2000,1.889660001,247.359,467.424408187359
10655,AZE,2000,0.335999995,28.564,9.59750385718
10657,BEL,2000,1.922359943,298.059,572.976682250637
10661,BGR,2000,0.498849988,57.562,28.714803009256
10665,BLR,2000,0.722100019,57.911,41.817534200309
10668,BOL,2000,0.287440002,28.906,8.308740697811999
10669,BRA,2000,0.998860002,1581.94,1580.13659156388
10675,CAN,2000,1.87184,916.809,1716.1197585599998
10677,CHE,2000,2.32682991,295.718,688.08548732538
10680,CHN,2000,0.897669971,3657.47,3283.20098883337
10685,COL,2000,0.106030002,265.805,28.18330468161
10688,CRI,2000,0.387279987,31.023,12.014587036701
10693,CYP,2000,0.228180006,16.152,3.685563456912
10694,CZE,2000,1.116359949,173.645,193.85032334410502
10695,DEU,2000,2.391659975,2398.39,5736.1333674402495
10707,EGY,2000,0.192469999,415.688,80.007468944312
10710,ESP,2000,0.884949982,968.347,856.938660219754
10711,EST,2000,0.600090027,17.307,10.385758097289
10715,FIN,2000,3.245690107,143.425,465.51310359647505
10717,FRA,2000,2.084000111,1683.01,3507.39302681411
10721,GBR,2000,1.724259973,1608.06,2772.71349218238
10722,GEO,2000,0.215299994,12.655,2.72462142407
10736,HKG,2000,0.464929998,188.093,87.450078113814
10737,HND,2000,0.044530001,17.017,0.7577670270169999
10739,HRV,2000,1.044100046,55.715,58.172034062890006
10741,HUN,2000,0.791769981,145.103,114.888199553043
10746,IDN,2000,0.06769,986.83,66.7985227
10749,IND,2000,0.743950009,2024.75,1506.31278072275
10751,IRL,2000,1.085180044,123.129,133.617133637676
10754,ISL,2000,2.601099968,7.886,20.512274347648003
10755,ISR,2000,3.931689978,133.364,524.3459022259921
10756,ITA,2000,1.005059958,1662.67,1671.08304036786
10759,JPN,2000,3.001689911,3476.35,10434.92472210485
10760,KAZ,2000,0.181040004,114.87,20.796065259480002
10762,KGZ,2000,0.156369999,9.19,1.43704029081
10766,KOR,2000,2.180229902,789.105,1720.4303168177103
10767,KWT,2000,0.125430003,114.734,14.391085964202
10778,LKA,2000,0.143920004,84.798,12.204128499191999
10783,LTU,2000,0.584800005,33.942,19.84928176971
10784,LUX,2000,1.568480015,28.793,45.161245071894996
10785,LVA,2000,0.436150014,21.274,9.278655397836
10791,MDG,2000,0.119759999,20.408,2.4440620595920004
10794,MEX,2000,0.317000002,1267.98,401.94966253596
10797,MKD,2000,0.418879986,13.943,5.8404436447979995
10800,MMR,2000,0.113059998,44.715,5.05547781057
10803,MNG,2000,0.187570006,9.109,1.708575184654
10807,MUS,2000,0.289029986,10.928,3.1585196870080003
10809,MYS,2000,0.468989998,304.161,142.648466781678
10816,NLD,2000,1.805559993,531.888,960.355693556784
10824,PAK,2000,0.128279999,406.104,52.095020713896
10825,PAN,2000,0.383980006,25.326,9.724677631956
10826,PER,2000,0.114349999,132.648,15.168298667352
10830,POL,2000,0.642019987,450.994,289.547162017078
10834,PRT,2000,0.721270025,212.498,153.26843777245
10841,ROU,2000,0.364450008,190.909,69.57678657727199
10842,RUS,2000,1.049839973,1537.9,1614.5488944767003
10846,SDN,2000,0.472770005,85.119,40.241710055595
10848,SGP,2000,1.821539998,176.324,321.18121860735204
10854,SRB,2000,0.898069978,47.42,42.586478356760004
10861,SVK,2000,0.639270008,67.046,42.860496956368
10862,SVN,2000,1.356299996,35.803,48.559608756787995
10873,THA,2000,0.244709998,459.213,112.374012311574
10882,TTO,2000,0.126139998,19.141,2.414445701718
10884,TUR,2000,0.479090005,700.332,335.52206138165997
10888,UKR,2000,0.96213001,201.84,194.1963212184
10890,URY,2000,0.209250003,36.942,7.730113610826
10891,USA,2000,2.620500088,10250.95,26862.615377083603
10915,ARG,2001,0.424600005,418.256,177.59149969127998
10916,ARM,2001,0.279870003,8.985,2.5146319769549996
10920,AUT,2001,1.995990038,256.137,511.246900363206
10921,AZE,2001,0.340009987,31.102,10.574990615674
10923,BEL,2001,2.021680117,308.126,622.9322077307419
10925,BFA,2001,0.190569997,11.653,2.220712175041
10927,BGR,2001,0.448610008,61.109,27.414108978872
10931,BLR,2001,0.708760023,62.009,43.949500266207
10934,BOL,2001,0.293579996,30.055,8.823546779780001
10935,BRA,2001,1.031659961,1640.06,1691.9842356376598
10941,CAN,2001,2.038460016,954.244,1945.1882395079042
10946,CHN,2001,0.945389986,4050.99,3829.76537938614
10951,COL,2001,0.109449998,276.354,30.246944747292
10959,CYP,2001,0.238519996,17.169,4.095149811324
10960,CZE,2001,1.105759978,182.961,202.31095133485803
10961,DEU,2001,2.385580063,2493.79,5949.1357053087695
10964,DNK,2001,2.324660063,185.25,430.64327667075
10966,DZA,2001,0.230279997,275.938,63.54300181218599
10972,ECU,2001,0.0515,78.663,4.0511444999999995
10976,ESP,2001,0.890190005,1029.1,916.0945341454999
10977,EST,2001,0.69946003,18.759,13.12117070277
10981,FIN,2001,3.197949886,150.483,481.237092694938
10983,FRA,2001,2.1291399,1754.23,3735.001086777
10987,GBR,2001,1.713739991,1679.76,2878.67188728216
10988,GEO,2001,0.238480002,13.562,3.234265787124
10995,GRC,2001,0.559480011,225.6,126.21869048159999
11002,HKG,2001,0.536450028,193.409,103.75426346545198
11003,HND,2001,0.038339999,17.875,0.6853274821249999
11005,HRV,2001,0.91644001,58.742,53.83351906742
11007,HUN,2001,0.914690018,154.416,141.242773819488
11012,IDN,2001,0.047559999,1045.83,49.73967375416999
11015,IND,2001,0.723230004,2172.73,1571.3835265909202
11017,IRL,2001,1.053629994,132.584,139.694479124496
11018,IRN,2001,0.50217998,746.023,374.63781521954
11020,ISL,2001,2.877880096,8.387,24.136780365152003
11021,ISR,2001,4.185150146,136.825,572.63316872645
11022,ITA,2001,1.04448998,1733.31,1810.4249272338
11023,JAM,2001,0.049589999,17.571,0.8713458724290001
11025,JPN,2001,3.074480057,3568.39,10970.94389059823
11026,KAZ,2001,0.220090002,133.314,29.341078526628
11028,KGZ,2001,0.171890005,9.897,1.701195379485
11032,KOR,2001,2.34107995,846.037,1980.6402576581502
11033,KWT,2001,0.178819999,117.564,21.022794362436
11049,LTU,2001,0.666790009,36.972,24.652560212748
11051,LVA,2001,0.403349996,23.129,9.329082057484
11052,MAC,2001,0.065540001,15.714,1.029895575714
11054,MAR,2001,0.634729981,123.591,78.446913081771
11057,MDG,2001,0.218209997,22.116,4.8259322936519995
11060,MEX,2001,0.338499993,1291.3,437.1050409609
11063,MKD,2001,0.293099999,13.819,4.050348886181
11066,MMR,2001,0.071439996,51.423,3.6736589143080005
11069,MNG,2001,0.26749,9.746,2.6069575400000002
11073,MUS,2001,0.368730009,11.533,4.252563193797
11082,NLD,2001,1.815619946,556.532,1010.450599787272
11083,NOR,2001,1.56230998,217.277,339.45402552445995
11086,NZL,2001,1.100289941,89.795,98.800535252095
11090,PAK,2001,0.166700006,423.422,70.58444994053201
11091,PAN,2001,0.381960005,26.041,9.946620490205
11092,PER,2001,0.11191,136.473,15.27269343
11096,POL,2001,0.622839987,466.713,290.687518852731
11100,PRT,2001,0.764519989,221.509,169.34805824340097
11101,PRY,2001,0.074270003,35.877,2.6645848976310003
11107,ROU,2001,0.388200015,205.13,79.63146907695
11108,RUS,2001,1.176939964,1652.59,1944.99921510676
11112,SDN,2001,0.446859986,96.495,43.11975434907
11114,SGP,2001,2.020760059,178.366,360.43488868359407
11120,SRB,2001,0.32119,50.909,16.35146171
11127,SVK,2001,0.625649989,70.787,44.28788577134301
11128,SVN,2001,1.467730045,37.787,55.461115210414995
11129,SWE,2001,3.913820028,270.844,1060.034671663632
11132,SYC,2001,0.425249994,1.123,0.477555743262
11139,THA,2001,0.252310008,485.732,122.555044805856
11140,TJK,2001,0.089529999,7.442,0.666282252558
11148,TTO,2001,0.117619999,20.296,2.387215499704
11150,TUR,2001,0.53779,674.933,362.97221807
11154,UKR,2001,1.023290038,224.549,229.77875474286202
11157,USA,2001,2.638329983,10581.93,27918.623197007193
11159,VCT,2001,0.043060001,0.782,0.033672920782
11169,ZAF,2001,0.71578002,400.863,286.92972615726
11181,ARG,2002,0.388859987,378.498,147.182727359526
11182,ARM,2002,0.252550006,10.477,2.645966412862
11185,AUS,2002,1.753620028,615.904,1080.061589725312
11186,AUT,2002,2.069930077,264.425,547.341260610725
11187,AZE,2002,0.301550001,34.568,10.423980434568
11189,BEL,2002,1.890730023,318.27,601.76264442021
11191,BFA,2002,0.338660002,12.35,4.1824510247
11193,BGR,2002,0.465939999,65.706,30.615053574294002
11197,BLR,2002,0.620899975,66.154,41.07501694615
11200,BOL,2002,0.276630014,31.282,8.653540097948
11201,BRA,2002,0.975899994,1716.48,1675.11282170112
11203,BRN,2002,0.01592,24.504,0.39010368
11207,CAN,2002,1.99296999,998.365,1989.71148406635
11212,CHN,2002,1.064110041,4489.11,4776.90702615351
11217,COL,2002,0.115970001,287.689,33.363293617689
11225,CYP,2002,0.281509995,18.085,5.091108259575001
11226,CZE,2002,1.104910016,188.729,208.52856240966403
11227,DEU,2002,2.415430069,2527.57,6105.16857950233
11230,DNK,2002,2.441450119,189.016,461.473135692904
11232,DZA,2002,0.366400003,295.932,108.429485687796
11238,ECU,2002,0.055339999,83.162,4.602184996838
11242,ESP,2002,0.960049987,1073.66,1030.7672690424201
11243,EST,2002,0.716489971,20.342,14.574838990081998
11247,FIN,2002,3.257400036,155.438,506.32374679576793
11249,FRA,2002,2.165719986,1802.51,3903.73193196486
11253,GBR,2002,1.715129972,1736.15,2977.7229008878003
11254,GEO,2002,0.185739994,14.527,2.698244892838
11268,HKG,2002,0.581470013,199.678,116.106769255814
11269,HND,2002,0.041809998,18.835,0.78749131233
11271,HRV,2002,0.948109984,63.132,59.856079509888
11273,HUN,2002,0.984889984,164.258,161.77605899187202
11281,IND,2002,0.713159978,2292.81,1635.1403291581798
11283,IRL,2002,1.05614996,142.593,150.59959124627997
11284,IRN,2002,0.495579988,818.86,405.81062897368
11286,ISL,2002,2.869430065,8.566,24.57953793679
11287,ISR,2002,4.13173008,138.797,573.47173991376
11288,ITA,2002,1.084370017,1764.79,1913.68536230143
11289,JAM,2002,0.060959999,17.965,1.095146382035
11290,JOR,2002,0.336959988,34.825,11.7346315821
11291,JPN,2002,3.115619898,3625.53,11295.77340879594
11292,KAZ,2002,0.255089998,148.659,37.921424012681996
11294,KGZ,2002,0.198100001,10.049,1.9907069100489998
11295,KHM,2002,0.049800001,15.629,0.778324215629
11298,KOR,2002,2.27380991,925.599,2104.6361788860904
11299,KWT,2002,0.180010006,122.995,22.14033068797
11301,LAO,2002,0.037099998,11.534,0.42791137693200004
11313,LSO,2002,0.049430002,2.794,0.13810742558800002
11315,LTU,2002,0.656700015,40.083,26.322506701244997
11317,LVA,2002,0.409249991,25.154,10.294274273613999
11318,MAC,2002,0.073179998,17.381,1.2719415452379998
11320,MAR,2002,0.549549997,129.435,71.13100386169499
11323,MDG,2002,0.245519996,19.674,4.830360401304
11326,MEX,2002,0.381779999,1310.9,500.4754006891
11329,MKD,2002,0.244609997,14.244,3.484224797268
11331,MLT,2002,0.260360003,7.903,2.057625103709
11332,MMR,2002,0.162159994,57.409,9.309443095546
11335,MNG,2002,0.251729995,10.419,2.622774817905
11337,MOZ,2002,0.421020001,10.765,4.532280310765
11339,MUS,2002,0.373769999,11.903,4.448984298097001
11341,MYS,2002,0.652540028,334.612,218.347723849136
11347,NIC,2002,0.034929998,15.233,0.532088659534
11348,NLD,2002,1.768849969,566.43,1001.9296879406699
11349,NOR,2002,1.630579948,223.704,364.76725668739203
11356,PAK,2002,0.219769999,443.403,97.446676866597
11357,PAN,2002,0.36232999,27.041,9.79776525959
11358,PER,2002,0.106810004,146.159,15.611243374635999
11359,PHL,2002,0.137429997,297.398,40.871406247806
11362,POL,2002,0.557850003,480.828,268.229901242484
11366,PRT,2002,0.721449971,226.696,163.54982262581598
11367,PRY,2002,0.085249998,36.428,3.1054869271439993
11373,ROU,2002,0.376329988,220.159,82.852433828092
11374,RUS,2002,1.24782002,1757.98,2193.6426387596002
11378,SDN,2002,0.395090014,103.821,41.018640343494
11380,SGP,2002,2.068069935,188.253,389.320369473555
11386,SRB,2002,0.679530025,55.382,37.63373184455
11393,SVK,2002,0.56388998,75.132,42.36618197736001
11394,SVN,2002,1.438730001,39.721,57.14779436972099
11398,SYC,2002,0.407070011,1.154,0.46975879269399995
11405,THA,2002,0.230550006,523.636,120.724282941816
11406,TJK,2002,0.07068,8.246,0.5828272800000001
11414,TTO,2002,0.129329994,22.087,2.856511577478
11415,TUN,2002,0.54302001,66.606,36.168390786059994
11416,TUR,2002,0.525940001,729.649,383.75159578964906
11419,UGA,2002,0.367559999,33.881,12.453300326119
11420,UKR,2002,0.998199999,240.135,239.702756759865
11422,URY,2002,0.238179997,34.036,8.106694377892001
11423,USA,2002,2.549679995,10929.1,27865.7076333545
11425,VCT,2002,0.120279998,0.833,0.100193238334
11429,VNM,2002,0.178080007,234.921,41.834733324447
11436,ZMB,2002,0.00544,19.561,0.10641184000000001
11447,ARG,2003,0.41012001,420.534,172.46940828534
11448,ARM,2003,0.239710003,12.185,2.920866386555
11452,AUT,2003,2.182679892,272.183,594.088361044236
11453,AZE,2003,0.324959993,38.849,12.624370768056998
11455,BEL,2003,1.831840038,327.921,600.698817100998
11457,BFA,2003,0.271189988,13.577,3.681946467076
11459,BGR,2003,0.47378999,70.511,33.40740598489
11462,BIH,2003,0.018540001,23.251,0.43107356325100005
11463,BLR,2003,0.611469984,72.205,44.151190194719995
11467,BRA,2003,0.998160005,1770.33,1767.0726016516498
11469,BRN,2003,0.01842,25.713,0.47363346
11473,CAN,2003,1.985080004,1036.41,2057.35676694564
11478,CHN,2003,1.127400041,5036.46,5678.10521049486
11483,COL,2003,0.180380002,304.862,54.991008169724005
11486,CRI,2003,0.356819987,36.679,13.087800303173001
11491,CYP,2003,0.320589989,18.926,6.067486131813999
11492,CZE,2003,1.151190042,199.351,229.49088606274202
11493,DEU,2003,2.456599951,2559.34,6287.2745185923395
11496,DNK,2003,2.510849953,193.495,485.83691165573504
11498,DZA,2003,0.196229994,323.5,63.480403059
11504,ECU,2003,0.057349999,87.112,4.995873112888
11508,ESP,2003,1.022189975,1127.5,1152.5191968125
11509,EST,2003,0.767769992,22.32,17.13662622144
11513,FIN,2003,3.302139997,161.682,533.8965989949539
11515,FRA,2003,2.111170053,1853.6,3913.2648102407998
11519,GBR,2003,1.67197001,1825.71,3052.5323669571
11520,GEO,2003,0.217600003,16.452,3.5799552493560003
11527,GRC,2003,0.546540022,256.873,140.39137507120597
11534,HKG,2003,0.680270016,209.842,142.74922069747203
11535,HND,2003,0.042149998,20.08,0.8463719598399999
11537,HRV,2003,0.950590014,67.981,64.62205974173399
11539,HUN,2003,0.921930015,174.325,160.71544986487498
11547,IND,2003,0.706889987,2523.8,1784.0489491906003
11549,IRL,2003,1.122789979,149.79,168.18271095441
11550,IRN,2003,0.59483999,907.162,539.61623500838
11552,ISL,2003,2.737190008,8.922,24.421209251376
11553,ISR,2003,3.899689913,143.51,559.64449941463
11554,ITA,2003,1.06151998,1802.12,1912.9863863575997
11557,JPN,2003,3.14387989,3753.84,11801.6220862776
11558,KAZ,2003,0.252460003,165.692,41.830602817076
11560,KGZ,2003,0.222719997,10.968,2.442792927096
11564,KOR,2003,2.351500034,973.574,2289.359294101516
11565,KWT,2003,0.143470004,147.167,21.114050078668
11579,LSO,2003,0.051309999,2.965,0.152134147035
11581,LTU,2003,0.663389981,45.193,29.980583411333
11582,LUX,2003,1.64546001,33.292,54.780654652920006
11583,LVA,2003,0.360430002,27.811,10.023918785622001
11584,MAC,2003,0.064960003,19.788,1.2854285393640001
11586,MAR,2003,0.659089983,139.858,92.179006842414
11588,MDA,2003,0.324050009,11.628,3.7680535046520003
11589,MDG,2003,0.33840999,22.025,7.45348002975
11592,MEX,2003,0.388940006,1356.11,527.44543153666
11595,MKD,2003,0.210639998,14.848,3.127582690304
11597,MLT,2003,0.25266999,8.388,2.11939587612
11600,MNE,2003,0.797739983,5.594,4.462557464902001
11601,MNG,2003,0.251800001,11.407,2.872282611407
11605,MUS,2003,0.338059992,12.865,4.34914179708
11614,NLD,2003,1.805510044,578.52,1044.5236706548799
11615,NOR,2003,1.68035996,230.274,386.94320942904
11618,NZL,2003,1.147480011,101.682,116.67806247850201
11623,PAN,2003,0.339980006,28.74,9.771025372439999
11624,PER,2003,0.107579999,155.251,16.701902424749
11625,PHL,2003,0.129940003,318.695,41.411229256085
11628,POL,2003,0.538839996,507.472,273.446210450112
11632,PRT,2003,0.697589993,229.019,159.761362606867
11633,PRY,2003,0.071630001,38.752,2.775805798752
11639,ROU,2003,0.383410007,229.7,88.06927860789999
11640,RUS,2003,1.286039948,1924.42,2474.88099673016
11643,SAU,2003,0.062689997,930.035,58.303891359895
11644,SDN,2003,0.339819998,112.528,38.239264734944
11646,SGP,2003,2.026360035,200.699,406.68843266446504
11652,SRB,2003,0.521380007,58.968,30.744736252776
11659,SVK,2003,0.562470019,80.828,45.46332669573201
11660,SVN,2003,1.245280027,41.704,51.933158246008
11661,SWE,2003,3.614370108,293.278,1060.015236534024
11664,SYC,2003,0.411830008,1.108,0.45630764886400005
11671,THA,2003,0.245340005,572.359,140.422559921795
11672,TJK,2003,0.068899997,9.267,0.638496272199
11680,TTO,2003,0.112549998,25.649,2.886794898702
11681,TUN,2003,0.650430024,71.115,46.25533115676
11682,TUR,2003,0.483110011,786.931,380.17424406624104
11685,UGA,2003,0.256119996,36.677,9.393713093292
11686,UKR,2003,1.111789942,268.138,298.11313146799597
11689,USA,2003,2.552860022,11456.45,29246.7131990419
11701,ZAF,2003,0.760510027,443.204,337.06108600650805
11702,ZMB,2003,0.00847,21.332,0.18068204000000002
11713,ARG,2004,0.365550011,470.303,171.919266823333
11714,ARM,2004,0.212009996,13.822,2.930402164712
11717,AUS,2004,1.85394001,691.709,1282.38699037709
11718,AUT,2004,2.173680067,287.133,624.135278677911
11719,AZE,2004,0.298310012,43.583,13.001245252996
11721,BEL,2004,1.808979988,348.748,630.8781528550239
11723,BFA,2004,0.241970003,14.565,3.524293093695
11725,BGR,2004,0.472000003,77.118,36.399696231354
11728,BIH,2004,0.016109999,25.369,0.408694564631
11729,BLR,2004,0.627590001,82.625,51.854623832624995
11733,BRA,2004,0.962960005,1922.56,1851.3483872128
11735,BRN,2004,0.037009999,26.537,0.982134343463
11739,CAN,2004,2.013600111,1097.08,2209.08040977588
11741,CHE,2004,2.676919937,334.7,895.9651029139
11744,CHN,2004,1.223500013,5694.74,6967.514464031619
11747,COD,2004,0.267769992,25.112,6.724240039104
11749,COL,2004,0.154320002,329.741,50.885631779482004
11752,CRI,2004,0.373180002,39.33,14.67716947866
11757,CYP,2004,0.338690013,20.411,6.913001855343
11758,CZE,2004,1.147379994,214.557,246.178409372658
11759,DEU,2004,2.420789957,2659.16,6437.26782205612
11762,DNK,2004,2.420419931,203.99,493.74146172469005
11764,DZA,2004,0.163570002,346.468,56.671771452936
11771,EGY,2004,0.269939989,518.659,140.006804754751
11774,ESP,2004,1.038490057,1193.95,1239.90520355515
11775,EST,2004,0.851930022,24.478,20.853543078516
11779,FIN,2004,3.314939976,172.649,572.321071916424
11781,FRA,2004,2.086359978,1951.9,4072.3660410582
11785,GBR,2004,1.613250017,1918.68,3095.31054261756
11786,GEO,2004,0.244200006,17.872,4.364342507232
11793,GRC,2004,0.5273,277.118,146.12432139999999
11800,HKG,2004,0.721759975,234.222,169.05206486445002
11801,HND,2004,0.041549999,21.904,0.910111178096
11803,HRV,2004,1.030799985,72.724,74.96389810914
11805,HUN,2004,0.863879979,187.963,162.377472492777
11813,IND,2004,0.743849993,2794.96,2079.03097643528
11815,IRL,2004,1.178410053,164.252,193.556208025356
11816,IRN,2004,0.52196002,971.91,507.29816303819996
11819,ISR,2004,3.875119925,154.414,598.3727680989499
11820,ITA,2004,1.052639961,1876.84,1975.6367844032397
11823,JPN,2004,3.133209944,3938.87,12341.30665212328
11824,KAZ,2004,0.248370007,186.471,46.313803575297
11826,KGZ,2004,0.199259996,12.054,2.401879991784
11830,KOR,2004,2.532480001,1051.67,2663.3332426516704
11831,KWT,2004,0.130099997,167.381,21.776267597857
11842,LKA,2004,0.182099998,104.762,19.077159990476
11845,LSO,2004,0.067730002,3.117,0.21111441623399999
11847,LTU,2004,0.750660002,49.455,37.12389039891
11848,LUX,2004,1.618549943,35.631,57.670553019033
11849,LVA,2004,0.400510013,30.924,12.385371642012
11850,MAC,2004,0.05545,25.73,1.4267285
11854,MDA,2004,0.349029988,12.824,4.4759605661120005
11855,MDG,2004,0.223529994,23.805,5.3211315071700005
11858,MEX,2004,0.394199997,1447.11,570.45075765867
11861,MKD,2004,0.232370004,15.96,3.70862526384
11863,MLT,2004,0.529120028,8.625,4.5636602415
11866,MNE,2004,1.018720031,5.996,6.108245305876
11867,MNG,2004,0.267769992,12.817,3.4320079874640004
11871,MUS,2004,0.379319996,13.778,5.2262709048880005
11873,MYS,2004,0.599900007,395.799,237.439822870593
11880,NLD,2004,1.80727005,605.831,1094.9002216615502
11881,NOR,2004,1.545060039,245.949,380.005971532011
11889,PAN,2004,0.239789993,31.727,7.607817107911
11890,PER,2004,0.155949995,167.324,26.094176963380004
11894,POL,2004,0.555939972,547.06,304.13252108231995
11898,PRT,2004,0.728709996,239.373,174.43349787250798
11899,PRY,2004,0.072659999,41.407,3.0086325785929997
11905,ROU,2004,0.383069992,260.231,99.686687088152
11906,RUS,2004,1.151329994,2117.87,2438.3672543927796
11909,SAU,2004,0.053149998,1031.0,54.797647938
11910,SDN,2004,0.295859993,121.484,35.942255389611994
11912,SGP,2004,2.104589939,226.572,476.84115165910794
11918,SRB,2004,0.304439992,66.029,20.101868231767998
11925,SVK,2004,0.501489997,87.379,43.819694447863
11926,SVN,2004,1.368059993,44.691,61.139969147163
11927,SWE,2004,3.391330004,314.211,1065.593191886844
11930,SYC,2004,0.346579999,1.105,0.382970898895
11937,THA,2004,0.238289997,624.687,148.856663355939
11938,TJK,2004,0.066969998,10.524,0.7047922589519999
11946,TTO,2004,0.111529998,28.267,3.1526184534660002
11947,TUN,2004,0.730949998,77.577,56.704907994846
11948,TUR,2004,0.51831001,887.212,459.85086059212
11951,UGA,2004,0.260560006,39.848,10.382795119088
11952,UKR,2004,1.081519961,307.825,332.91888199482497
11955,USA,2004,2.489959955,12217.18,30420.2889630269
11967,ZAF,2004,0.813340008,475.829,387.010762666632
11968,ZMB,2004,0.022229999,23.445,0.521182326555
11979,ARG,2005,0.378670007,527.986,199.93246231590197
11980,ARM,2005,0.257609993,16.268,4.190799366124
11984,AUT,2005,2.383239985,302.783,721.604552378255
11985,AZE,2005,0.219940007,57.519,12.650729262633
11987,BEL,2005,1.782310009,368.037,655.956028782333
11989,BFA,2005,0.170570001,16.323,2.784214126323
11991,BGR,2005,0.443399996,85.149,37.755066259404
11994,BIH,2005,0.027760001,27.273,0.757098507273
11995,BLR,2005,0.678520024,93.27,63.285562638479995
11999,BRA,2005,1.001929998,2046.34,2050.28943210732
12003,BWA,2005,0.532859981,21.542,11.478869710702
12005,CAN,2005,1.986449957,1167.74,2319.65707278718
12010,CHN,2005,1.317929983,6542.26,8622.24061058158
12013,COD,2005,0.05799,28.439,1.64917761
12015,COL,2005,0.15433,355.205,54.81878765
12023,CYP,2005,0.370550007,22.073,8.179150304511001
12024,CZE,2005,1.170840025,235.894,276.19413685735
12025,DEU,2005,2.422529936,2762.46,6692.1420470025605
12028,DNK,2005,2.392529964,215.313,515.142804138732
12030,DZA,2005,0.066040002,378.416,24.990593396832
12037,EGY,2005,0.241410002,558.844,134.910531157688
12040,ESP,2005,1.095770001,1276.37,1398.60795617637
12041,EST,2005,0.923640013,27.651,25.539569999462998
12042,ETH,2005,0.179169998,48.535,8.69601585293
12045,FIN,2005,3.329760075,183.014,609.39271036605
12047,FRA,2005,2.044470072,2048.03,4187.136041558161
12051,GBR,2005,1.629649997,2031.65,3310.8784164050503
12052,GEO,2005,0.176579997,20.2,3.5669159394
12059,GRC,2005,0.578960001,287.521,166.463158447521
12062,GTM,2005,0.035,72.193,2.526755
12066,HKG,2005,0.77342999,259.414,200.63856742586
12069,HRV,2005,0.855579972,78.236,66.937154689392
12071,HUN,2005,0.925069988,202.182,187.03250031381597
12079,IND,2005,0.810440004,3150.25,2553.088622601
12081,IRL,2005,1.194270015,179.126,213.92481070689
12082,IRN,2005,0.641550004,1034.36,663.5936621374399
12084,ISL,2005,2.696280003,10.81,29.146786832430003
12085,ISR,2005,4.039440155,165.839,669.896715865045
12086,ITA,2005,1.046609998,1951.53,2042.4908093969402
12089,JPN,2005,3.308700085,4135.68,13683.7247675328
12090,KAZ,2005,0.283609986,210.977,59.835184016321996
12092,KGZ,2005,0.198609993,12.41,2.46475001313
12096,KOR,2005,2.62616992,1131.38,2971.1961240896003
12097,KWT,2005,0.100830004,190.024,19.160120680096
12113,LTU,2005,0.747409999,54.95,41.07017944505
12114,LUX,2005,1.587440014,37.661,59.784578367254
12115,LVA,2005,0.530200005,35.312,18.722422576559996
12116,MAC,2005,0.090329997,28.68,2.5906643139599996
12120,MDA,2005,0.398649991,14.218,5.668005572038
12121,MDG,2005,0.175520003,25.719,4.514198957157
12124,MEX,2005,0.403560013,1526.93,616.20789065009
12129,MLT,2005,0.565699995,9.196,5.20217715402
12132,MNE,2005,0.924430013,6.444,5.957027003772001
12133,MNG,2005,0.237749994,14.079,3.347282165526
12137,MUS,2005,0.372289985,14.416,5.36693242376
12146,NLD,2005,1.791030049,637.618,1141.9929977832821
12147,NOR,2005,1.483170033,260.473,386.325748005609
12150,NZL,2005,1.117110014,116.543,130.19135236160201
12154,PAK,2005,0.436890006,587.292,256.582005403752
12155,PAN,2005,0.245460004,35.072,8.608773260288
12157,PHL,2005,0.111429997,377.462,42.060589527614
12160,POL,2005,0.565989971,584.001,330.538709053971
12164,PRT,2005,0.757070005,248.81,188.36658794405
12165,PRY,2005,0.074869998,43.616,3.265529832768
12171,ROU,2005,0.407469988,280.969,114.486435058372
12172,RUS,2005,1.067970037,2323.56,2481.49245917172
12175,SAU,2005,0.042300001,1122.61,47.48640412260999
12176,SDN,2005,0.298440009,132.37,39.504503991330004
12178,SGP,2005,2.160670042,250.891,542.092667507422
12184,SRB,2005,0.416850001,75.015,31.270002825015002
12191,SVK,2005,0.495620012,96.088,47.623135713055994
12192,SVN,2005,1.412289977,47.843,67.568189369611
12193,SWE,2005,3.387000084,333.329,1128.985350999636
12196,SYC,2005,0.302089989,1.242,0.375195766338
12203,THA,2005,0.218889996,671.257,146.931442044972
12204,TJK,2005,0.095700003,11.581,1.108301734743
12212,TTO,2005,0.093960002,30.872,2.900733181744
12213,TUN,2005,0.711950004,82.8,58.949460331199994
12214,TUR,2005,0.591040015,997.317,589.454254639755
12217,UGA,2005,0.21514,45.21,9.7264794
12218,UKR,2005,1.168959975,327.321,382.62514797697503
12221,USA,2005,2.506000042,13039.2,32676.235747646402
12233,ZAF,2005,0.863150001,516.648,445.944721716648
12234,ZMB,2005,0.02493,25.93,0.6464349
12245,ARG,2006,0.400330007,588.077,235.424869526539
12246,ARM,2006,0.240569994,18.983,4.566740196102001
12249,AUS,2006,2.183099985,777.282,1696.8843225407702
12250,AUT,2006,2.371150017,322.907,765.660938539419
12251,AZE,2006,0.171650007,79.73,13.685655058110001
12253,BEL,2006,1.814260006,389.074,705.881397574444
12257,BGR,2006,0.443129987,93.747,41.542106891289
12260,BIH,2006,0.02018,29.714,0.59962852
12261,BLR,2006,0.660650015,105.763,69.872327536445
12265,BRA,2006,0.987919986,2193.06,2166.56780449716
12271,CAN,2006,1.955649972,1235.49,2416.18598390628
12276,CHN,2006,1.37974,7601.32,10487.8452568
12279,COD,2006,0.061099999,30.814,1.882735369186
12281,COL,2006,0.153899997,390.76,60.13796282772
12284,CRI,2006,0.43046999,46.664,20.087451613360003
12289,CYP,2006,0.387410015,23.827,9.230818427405001
12290,CZE,2006,1.233719945,259.628,320.30824188046
12291,DEU,2006,2.456039906,2956.3,7260.790774107801
12294,DNK,2006,2.402359962,230.64,554.0803016356799
12302,ECU,2006,0.128629997,113.128,14.551654300615999
12303,EGY,2006,0.259030014,615.515,159.43685906720998
12306,ESP,2006,1.172180057,1369.67,1605.4998586711902
12307,EST,2006,1.116659999,31.288,34.938058048711994
12311,FIN,2006,3.33762002,196.259,655.03796750518
12313,FRA,2006,2.045269966,2166.95,4431.9977528237005
12317,GBR,2006,1.649559975,2139.59,3529.3820269102503
12325,GRC,2006,0.561179996,313.146,175.731271027416
12328,GTM,2006,0.0493,78.57,3.873500999999999
12332,HKG,2006,0.794690013,286.225,227.46014897092502
12335,HRV,2006,0.740090013,84.618,62.62493672003399
12337,HUN,2006,0.985769987,216.645,213.562138833615
12345,IND,2006,0.797219992,3548.31,2828.78366981352
12347,IRL,2006,1.198819995,193.863,232.40684069068502
12348,IRN,2006,0.575749993,1119.59,644.60393466287
12350,ISL,2006,2.923629999,11.847,34.636244598153
12351,ISR,2006,4.128190041,180.5,745.1383024004999
12352,ITA,2006,1.086459994,2047.76,2224.80931731344
12355,JPN,2006,3.409100056,4321.8,14733.448622020802
12356,KAZ,2006,0.242809996,240.758,58.458449016968004
12358,KGZ,2006,0.230140001,13.19,3.03554661319
12362,KOR,2006,2.830660105,1227.69,3475.1731043074506
12363,KWT,2006,0.08478,210.619,17.85627882
12374,LKA,2006,0.174199998,127.408,22.194473345184
12379,LTU,2006,0.791190028,60.845,48.13995725366
12380,LUX,2006,1.686660051,41.159,69.421241039109
12381,LVA,2006,0.651719987,40.76,26.564106670119997
12382,MAC,2006,0.084629998,33.524,2.837136052952
12384,MAR,2006,0.63568002,177.797,113.02200051594001
12386,MDA,2006,0.406219989,15.36,6.23953903104
12387,MDG,2006,0.163709998,27.944,4.574712184111999
12390,MEX,2006,0.373079985,1644.8,613.641959328
12393,MKD,2006,0.193729997,18.683,3.6194575339509996
12395,MLT,2006,0.615920007,9.718,5.985510628026001
12398,MNE,2006,1.241719961,7.214,8.957767798654
12399,MNG,2006,0.191210002,15.698,3.001614611396
12401,MOZ,2006,0.455009997,16.17,7.357511651490001
12405,MYS,2006,0.611060023,466.415,285.007560627545
12412,NLD,2006,1.756700039,680.046,1194.6368347217942
12413,NOR,2006,1.455979943,275.119,400.56774593821706
12421,PAN,2006,0.249170005,39.242,9.777929336209999
12426,POL,2006,0.55321002,638.932,353.46358449864
12430,PRT,2006,0.954550028,260.655,248.80823754833997
12437,ROU,2006,0.45122999,312.879,141.18038804121002
12438,RUS,2006,1.072939992,2590.56,2779.51542567552
12441,SAU,2006,0.04245,1189.51,50.4946995
12444,SGP,2006,2.133280039,281.927,601.4292415551531
12450,SRB,2006,0.466780007,81.279,37.939412188953
12457,SVK,2006,0.477030009,107.466,51.26450694719399
12458,SVN,2006,1.532909989,52.153,79.945854656317
12459,SWE,2006,3.500319958,359.637,1258.844568735246
12469,THA,2006,0.232710004,726.346,169.027980565384
12470,TJK,2006,0.107320003,12.774,1.370905718322
12478,TTO,2006,0.055259999,36.338,2.008037843662
12479,TUN,2006,0.677259982,89.831,60.838941443042
12480,TUR,2006,0.580160022,1099.52,637.8975473894401
12483,UGA,2006,0.300330013,49.89,14.983464348570001
12484,UKR,2006,0.94907999,363.065,344.57772656935
12486,URY,2006,0.365390003,44.866,16.393587874598
12487,USA,2006,2.550019979,13815.6,35230.0560218724
12499,ZAF,2006,0.898150027,562.435,505.151010435745
12507,ALB,2007,0.087370001,23.686,2.069445843686
12511,ARG,2007,0.401690006,658.373,264.461854320238
12512,ARM,2007,0.211070001,22.176,4.6806883421759995
12516,AUT,2007,2.432399988,343.995,836.7334338720599
12517,AZE,2007,0.170059994,102.735,17.47111348359
12518,BDI,2007,0.2007,4.843,0.9719901
12519,BEL,2007,1.844120026,414.282,763.985732611332
12521,BFA,2007,0.110619999,19.117,2.114722520883
12523,BGR,2007,0.426829994,102.688,43.830318423872
12526,BIH,2007,0.025760001,32.342,0.833129952342
12527,BLR,2007,0.962029994,118.003,113.522425381982
12531,BRA,2007,1.082270026,2389.04,2585.58638291504
12537,CAN,2007,1.917870045,1295.17,2483.96774618265
12541,CHL,2007,0.310499996,285.545,88.66172135782
12542,CHN,2007,1.384320021,8918.95,12346.68105129795
12545,COD,2007,0.139200002,34.346,4.780963268691999
12547,COL,2007,0.18163,428.362,77.80339006000001
12550,CRI,2007,0.364170015,51.862,18.886585317930003
12555,CYP,2007,0.404309988,25.718,10.398044271384
12556,CZE,2007,1.305089951,281.498,367.380211026598
12557,DEU,2007,2.44633007,3126.73,7649.013619771101
12560,DNK,2007,2.514810085,239.023,601.0974509469551
12568,ECU,2007,0.131940007,118.73,15.665237031110001
12569,EGY,2007,0.255100012,676.955,172.69122862346
12572,ESP,2007,1.234480023,1457.42,1799.15587512066
12573,EST,2007,1.068840027,34.569,36.948730893363006
12574,ETH,2007,0.170890003,64.054,10.946188252162
12577,FIN,2007,3.345769882,212.244,710.119582835208
12579,FRA,2007,2.020030022,2278.53,4602.69900602766
12582,GAB,2007,0.41633001,21.976,9.14926829976
12583,GBR,2007,1.684120059,2253.74,3795.56874177066
12585,GHA,2007,0.231570005,77.899,18.039071819495
12591,GRC,2007,0.576550007,332.137,191.493589674959
12594,GTM,2007,0.066739999,85.574,5.7112086744259996
12598,HKG,2007,0.751609981,312.965,235.22761770366498
12601,HRV,2007,0.792249978,91.214,72.264289493292
12603,HUN,2007,0.962040007,223.117,214.647480241819
12611,IND,2007,0.790799975,4001.38,3164.2912039655002
12613,IRL,2007,1.234179974,209.676,258.77792022842397
12615,IRQ,2007,0.045540001,306.1,13.9397943061
12616,ISL,2007,2.575589895,13.196,33.987484254419996
12617,ISR,2007,4.407440186,196.563,866.3396652807179
12618,ITA,2007,1.132169962,2134.38,2416.48092349356
12621,JPN,2007,3.461420059,4504.46,15591.82819896314
12622,KAZ,2007,0.208839998,269.272,56.234763941455995
12623,KEN,2007,0.355210006,94.356,33.516195326136
12624,KGZ,2007,0.234249994,14.704,3.444411911776
12628,KOR,2007,3.000339985,1333.99,4002.42353659015
12629,KWT,2007,0.08585,229.271,19.68291535
12645,LTU,2007,0.800930023,69.43,55.60857149689001
12646,LUX,2007,1.609089971,45.695,73.527366224845
12647,LVA,2007,0.554769993,46.023,25.532179387839
12648,MAC,2007,0.058060002,39.414,2.288376918828
12652,MDA,2007,0.545580029,16.248,8.864584311192
12653,MDG,2007,0.140369996,30.338,4.258544938648
12656,MEX,2007,0.368499994,1727.96,636.75324963224
12659,MKD,2007,0.170929998,20.429,3.491928929142
12660,MLI,2007,0.249149993,22.408,5.582953043144
12661,MLT,2007,0.578909993,10.457,6.053661796801
12664,MNE,2007,1.148910046,7.913,9.091325193998
12665,MNG,2007,0.23827,17.534,4.17782618
12676,NGA,2007,0.218960002,563.115,123.29966152623
12678,NLD,2007,1.686339974,724.769,1222.206936616006
12679,NOR,2007,1.564779997,290.788,455.01924576763605
12682,NZL,2007,1.161139965,131.293,152.44954942474502
12686,PAK,2007,0.632499993,694.379,439.194712639347
12687,PAN,2007,0.183219999,45.184,8.278612434815999
12689,PHL,2007,0.109630004,448.308,49.148007833232
12692,POL,2007,0.562279999,702.536,395.021941377464
12696,PRT,2007,1.124269962,274.409,308.509796002458
12703,ROU,2007,0.52056998,344.463,179.31709702074
12704,RUS,2007,1.116109967,2887.65,3222.93494620755
12707,SAU,2007,0.04521,1244.23,56.2516383
12710,SGP,2007,2.336990118,315.667,737.710659578706
12713,SLV,2007,0.08935,35.753,3.19453055
12716,SRB,2007,0.350360006,88.851,31.129836893106
12723,SVK,2007,0.449440002,122.325,54.97774824465
12724,SVN,2007,1.423820019,57.301,81.58631090871901
12725,SWE,2007,3.256609917,382.059,1244.217128279103
12735,THA,2007,0.200800002,786.52,157.93321757304
12736,TJK,2007,0.067780003,14.143,0.9586125824290002
12744,TTO,2007,0.04589,38.908,1.7854881200000001
12745,TUN,2007,0.665509999,98.448,65.51812838155199
12746,TUR,2007,0.722410023,1186.19,856.91554518237
12748,TZA,2007,0.339940012,72.449,24.628313929388
12749,UGA,2007,0.388209999,55.37,21.495187644629997
12750,UKR,2007,0.853190005,403.452,344.22121389726
12752,URY,2007,0.424719989,49.093,20.850778419977
12753,USA,2007,2.626929998,14474.25,38022.8415235515
12765,ZAF,2007,0.882870018,608.599,537.3138100847821
12773,ALB,2008,0.154119998,25.951,3.999568068098
12777,ARG,2008,0.421350002,698.222,294.195841096444
12778,ARM,2008,0.224380001,24.172,5.423713384172
12781,AUS,2008,2.402420044,870.778,2091.974521074232
12782,AUT,2008,2.585570097,355.712,919.718310344064
12783,AZE,2008,0.165539995,115.795,19.168703721025
12784,BDI,2008,0.154190004,5.176,0.7980874607039999
12785,BEL,2008,1.924129963,424.115,816.052379257745
12787,BFA,2008,0.186340004,20.614,3.841212842456
12789,BGR,2008,0.445800006,111.072,49.515898266432
12792,BIH,2008,0.01881,34.806,0.6547008599999999
12793,BLR,2008,0.741469979,132.574,98.299640995946
12797,BRA,2008,1.129860044,2558.89,2891.1875679911595
12803,CAN,2008,1.868260026,1333.26,2490.87636226476
12805,CHE,2008,2.728579998,425.756,1161.7093056284878
12807,CHL,2008,0.374989986,302.049,113.26535028131399
12808,CHN,2008,1.457299948,9961.92,14517.505497980159
12811,COD,2008,0.085029997,37.596,3.1967877672119998
12813,COL,2008,0.194509998,450.911,87.706697708178
12816,CRI,2008,0.398400009,55.361,22.055822898248998
12821,CYP,2008,0.390890002,27.167,10.619308684334001
12822,CZE,2008,1.242030025,294.603,365.905771455075
12823,DEU,2008,2.597120047,3217.26,8355.610442411222
12826,DNK,2008,2.779510021,242.362,673.647607709602
12834,ECU,2008,0.227789998,128.699,29.316344952602
12835,EGY,2008,0.270240009,739.31,199.79114105379
12838,ESP,2008,1.317080021,1498.58,1973.74977787018
12839,EST,2008,1.259520054,33.423,42.096938764842
12843,FIN,2008,3.54708004,218.01,773.2989195204
12845,FRA,2008,2.057590008,2325.84,4785.6251442067205
12848,GAB,2008,0.510900021,22.785,11.640856978485
12849,GBR,2008,1.687369943,2293.41,3869.83110097563
12854,GMB,2008,0.02039,3.795,0.07738004999999999
12857,GRC,2008,0.661830008,337.372,223.28291345897603
12860,GTM,2008,0.061889999,90.41,5.59547480959
12864,HKG,2008,0.719959974,325.753,234.529121410422
12867,HRV,2008,0.884130001,94.827,83.839395604827
12869,HUN,2008,0.985230029,229.679,226.286647830691
12877,IND,2008,0.84108001,4236.79,3563.4793755678998
12879,IRL,2008,1.389310002,204.113,283.576232438226
12880,IRN,2008,0.671119988,1270.66,852.7653239520799
12881,IRQ,2008,0.03435,337.64,11.597933999999999
12882,ISL,2008,2.540610075,13.747,34.925766701025
12883,ISR,2008,4.329140186,206.846,895.4653309133561
12884,ITA,2008,1.163110018,2154.38,2505.78096057884
12886,JOR,2008,0.434700012,62.776,27.288727953312
12887,JPN,2008,3.467060089,4534.63,15721.83469138207
12888,KAZ,2008,0.216539994,283.493,61.387572519042
12890,KGZ,2008,0.190170005,16.12,3.0655404806
12894,KOR,2008,3.123440027,1400.53,4374.47146101431
12895,KWT,2008,0.085500002,239.462,20.474001478924002
12906,LKA,2008,0.114440002,150.899,17.268881861798
12911,LTU,2008,0.788439989,72.612,57.250204481268
12912,LUX,2008,1.643669963,46.43,76.31559638209
12913,LVA,2008,0.582270026,45.382,26.424578319932
12914,MAC,2008,0.102509998,41.532,4.257445236935999
12918,MDA,2008,0.534630001,17.851,9.543680147851
12919,MDG,2008,0.134039998,32.996,4.422783774008
12922,MEX,2008,0.403829992,1781.24,719.3181349500801
12925,MKD,2008,0.223580003,21.961,4.910040445882999
12927,MLT,2008,0.559689999,11.066,6.193529528934001
12931,MNG,2008,0.336670011,19.267,6.486621101937
12933,MOZ,2008,0.152940005,19.569,2.9928829578449996
12937,MYS,2008,0.78846997,544.035,428.95526012894993
12944,NLD,2008,1.64309001,754.712,1240.05974762712
12945,NOR,2008,1.555500031,297.792,463.21546523155195
12946,NPL,2008,0.054389998,52.398,2.849927115204
12953,PAN,2008,0.192729995,50.589,9.750017717055
12958,POL,2008,0.603309989,746.08,450.11751659312
12962,PRT,2008,1.445199966,280.564,405.471083260824
12963,PRY,2008,0.054719999,55.377,3.030229384623
12969,ROU,2008,0.568409979,384.094,218.322862474026
12970,RUS,2008,1.044350028,3097.46,3234.83243772888
12973,SAU,2008,0.04902,1347.34,66.04660679999999
12975,SEN,2008,0.368339986,31.087,11.450585144782
12976,SGP,2008,2.620820045,327.716,858.88466186722
12979,SLV,2008,0.112450004,37.214,4.184714448856
12982,SRB,2008,0.373100013,95.677,35.697089943801004
12989,SVK,2008,0.463180006,131.621,60.964215569726
12990,SVN,2008,1.625640035,60.45,98.26994011575
12991,SWE,2008,3.495249987,387.631,1354.8672477107968
13002,TJK,2008,0.06983,15.553,1.08606599
13010,TTO,2008,0.030719999,40.957,1.258198999043
13011,TUN,2008,0.639400005,104.588,66.87356772294
13012,TUR,2008,0.72517997,1218.79,883.8420956363
13015,UGA,2008,0.326319993,62.317,20.335283003780997
13016,UKR,2008,0.846440017,420.235,355.703720543995
13018,URY,2008,0.379729986,53.625,20.363020499250002
13019,USA,2008,2.766829967,14769.85,40865.663588094954
13031,ZAF,2008,0.88815999,640.063,568.47834767937
13032,ZMB,2008,0.278189987,35.255,9.807587991685002
13043,ARG,2009,0.519010007,661.108,343.121667707756
13044,ARM,2009,0.290930003,20.884,6.0757821826519995
13048,AUT,2009,2.613579988,344.515,900.41750956582
13049,AZE,2009,0.249760002,127.456,31.833410814912003
13050,BDI,2009,0.144339994,5.408,0.780590687552
13051,BEL,2009,1.98537004,418.207,830.29564831828
13053,BFA,2009,0.200049996,21.361,4.273267964556
13055,BGR,2009,0.495660007,108.042,53.552098476294
13058,BIH,2009,0.02148,34.743,0.74627964
13059,BLR,2009,0.642690003,133.648,85.894233520944
13062,BOL,2009,0.157000005,49.278,7.736646246389999
13063,BRA,2009,1.120290041,2572.05,2881.4419999540505
13069,CAN,2009,1.922709942,1302.54,2504.40660785268
13073,CHL,2009,0.352910012,300.586,106.079808867032
13074,CHN,2009,1.678709984,10972.76,18420.08176403584
13077,COD,2009,0.07987,38.051,3.03913337
13079,COL,2009,0.192959994,458.973,88.563427326162
13082,CRI,2009,0.541170001,55.229,29.888277985229
13087,CYP,2009,0.450459987,26.79,12.06782305173
13088,CZE,2009,1.297219992,282.683,366.702038998536
13089,DEU,2009,2.726439953,3053.45,8325.04807448785
13092,DNK,2009,3.069279909,231.95,711.9194748925499
13100,ECU,2009,0.394630015,130.258,51.40371649387001
13101,EGY,2009,0.433120012,778.822,337.323393985864
13104,ESP,2009,1.351369977,1451.38,1961.3513572182603
13105,EST,2009,1.395409942,28.717,40.071987304413994
13109,FIN,2009,3.74883008,201.691,756.10528766528
13111,FRA,2009,2.209100008,2275.5,5026.807068204
13114,GAB,2009,0.575079978,22.409,12.886967227002
13115,GBR,2009,1.740800023,2204.0,3836.723250692
13120,GMB,2009,0.017480001,4.074,0.07121352407399999
13123,GRC,2009,0.625569999,324.932,203.267710915068
13126,GTM,2009,0.055300001,91.564,5.063489291563999
13130,HKG,2009,0.773419976,319.779,247.323466505304
13133,HRV,2009,0.844250023,88.568,74.77353603706399
13135,HUN,2009,1.139269948,215.9,245.96838177319998
13140,IDN,2009,0.083319999,1910.9,159.2161860891
13143,IND,2009,0.818809986,4625.52,3787.4219664427205
13145,IRL,2009,1.614549994,194.954,314.762979530276
13146,IRN,2009,0.284480006,1291.68,367.45713415008004
13147,IRQ,2009,0.045620002,351.286,16.025668022572
13148,ISL,2009,2.65756011,12.774,33.94767284514
13149,ISR,2009,4.120999813,210.01,865.45117072813
13150,ITA,2009,1.220659971,2053.69,2506.85717584299
13153,JPN,2009,3.357340097,4303.87,14449.555323275388
13154,KAZ,2009,0.22924,288.732,66.18892368
13156,KGZ,2009,0.15997,16.691,2.67005927
13160,KOR,2009,3.293230057,1420.68,4678.626077378761
13161,KWT,2009,0.112199999,223.944,25.126516576055998
13175,LSO,2009,0.0296,4.11,0.12165600000000001
13177,LTU,2009,0.829670012,62.233,51.632853856796
13178,LUX,2009,1.710260034,45.214,77.327697177276
13179,LVA,2009,0.453150004,39.16,17.745354156639998
13180,MAC,2009,0.05477,42.331,2.3184688700000002
13184,MDA,2009,0.525569975,16.888,8.875825737800001
13185,MDG,2009,0.146830007,31.886,4.681821603202001
13188,MEX,2009,0.431410015,1697.9,732.4910644685
13191,MKD,2009,0.196789995,22.022,4.33370926989
13193,MLT,2009,0.544759989,11.01,5.9978074788899995
13197,MNG,2009,0.304780006,18.99,5.78777231394
13203,MYS,2009,1.010010004,539.233,544.630724486932
13210,NLD,2009,1.685400009,731.693,1233.1953887852371
13211,NOR,2009,1.723850012,293.886,506.615384626632
13212,NPL,2009,0.259240001,55.125,14.290605055124999
13214,NZL,2009,1.261569977,132.684,167.390150828268
13218,PAK,2009,0.448060006,750.455,336.24887180273004
13219,PAN,2009,0.138170004,51.546,7.122111026184
13221,PHL,2009,0.113959998,486.76,55.47116862648
13224,POL,2009,0.666000009,772.128,514.237254949152
13226,PRI,2009,0.451310009,114.207,51.542762197863
13228,PRT,2009,1.579730034,273.547,432.13041161059806
13235,ROU,2009,0.461670011,365.095,168.553412666045
13236,RUS,2009,1.251919985,2873.51,3597.4045960973503
13239,SAU,2009,0.073380001,1328.05,97.45231032805
13242,SGP,2009,2.159250021,330.238,713.066408434998
13245,SLV,2009,0.077440001,36.672,2.839879716672
13248,SRB,2009,0.866129994,93.659,81.12086910804601
13255,SVK,2009,0.47477001,125.238,59.459246512380005
13256,SVN,2009,1.816290021,56.245,102.15723223114499
13257,SWE,2009,3.449650049,373.185,1287.357653536065
13267,THA,2009,0.23466,814.994,191.24649204000002
13268,TJK,2009,0.085770003,16.263,1.394877558789
13276,TTO,2009,0.056650002,39.231,2.222436228462
13277,TUN,2009,0.706439972,108.462,76.621892243064
13278,TUR,2009,0.849020004,1167.44,991.1799134697601
13281,UGA,2009,0.359059989,67.777,24.336008874453
13282,UKR,2009,0.856440008,359.066,307.518487912528
13284,URY,2009,0.412519991,56.258,23.207549653678
13285,USA,2009,2.818599939,14478.05,40807.830846838944
13297,ZAF,2009,0.835619986,634.257,529.9978254604019
13309,ARG,2010,0.517610013,736.799,381.37453996838696
13310,ARM,2010,0.241390005,21.6,5.214024108
13313,AUS,2010,2.383949995,926.014,2207.57107066993
13314,AUT,2010,2.737839937,355.061,972.1001858711569
13315,AZE,2010,0.218480006,135.166,29.531068490996
13316,BDI,2010,0.137549996,5.753,0.7913251269880001
13317,BEL,2010,2.050800085,435.357,892.8301726053451
13321,BGR,2010,0.571439981,111.027,63.445266770487
13325,BLR,2010,0.693499982,145.811,101.119925875402
13329,BRA,2010,1.159629941,2798.93,3245.72303076313
13335,CAN,2010,1.837610006,1358.93,2497.1833654535803
13339,CHL,2010,0.330989987,322.0,106.578775814
13340,CHN,2010,1.727200031,12282.96,21215.128892771758
13345,COL,2010,0.195659995,485.367,94.966904793165
13348,CRI,2010,0.482609987,58.889,28.420419524443002
13353,CYP,2010,0.452179998,27.731,12.539403524538
13354,CZE,2010,1.339859962,293.046,392.640602424252
13355,DEU,2010,2.713670015,3219.49,8736.63347659235
13358,DNK,2010,2.936969995,239.122,702.2941391443901
13366,ECU,2010,0.402969986,136.471,54.993716959406
13367,EGY,2010,0.433450013,828.753,359.222998623789
13370,ESP,2010,1.349650025,1471.25,1985.67259928125
13371,EST,2010,1.58141005,29.772,47.08174000859999
13372,ETH,2010,0.241370007,89.953,21.711956239671
13375,FIN,2010,3.725980043,210.619,784.762190676617
13377,FRA,2010,2.175090075,2344.81,5100.17295876075
13381,GBR,2010,1.694710016,2284.7,3871.9039735551996
13383,GHA,2010,0.376549989,100.392,37.802606495687996
13389,GRC,2010,0.598380029,310.823,185.99027575386697
13392,GTM,2010,0.043499999,95.265,4.144027404735
13396,HKG,2010,0.749459982,345.525,258.95716028055
13399,HRV,2010,0.744690001,88.537,65.932618618537
13401,HUN,2010,1.146729946,220.846,253.250721654316
13409,IND,2010,0.797179997,5161.39,4114.55686471583
13411,IRL,2010,1.606619954,200.618,322.31688193157197
13412,IRN,2010,0.27759999,1383.0,383.92078617000004
13413,IRQ,2010,0.036839999,378.271,13.935503261729
13415,ISR,2010,3.929909945,224.581,882.5831053580449
13416,ITA,2010,1.22221005,2113.98,2583.727601499
13419,JPN,2010,3.253940105,4534.09,14753.65729067945
13420,KAZ,2010,0.153410003,313.53,48.09863824058999
13421,KEN,2010,0.785780013,109.592,86.115203184696
13422,KGZ,2010,0.155469999,16.812,2.613761623188
13426,KOR,2010,3.465939999,1535.6,5322.2974624644
13427,KWT,2010,0.101400003,221.263,22.436068863789
13438,LKA,2010,0.136869997,171.886,23.526036304342
13443,LTU,2010,0.783479989,64.021,50.159172375769
13444,LUX,2010,1.527369976,47.478,72.516471720528
13445,LVA,2010,0.611339986,37.865,23.14838856989
13446,MAC,2010,0.049910001,53.602,2.675275873602
13448,MAR,2010,0.714540005,224.956,160.74006136478
13450,MDA,2010,0.43987,18.304,8.051380479999999
13451,MDG,2010,0.113240004,32.469,3.676789689876
13454,MEX,2010,0.45460999,1806.25,821.1392944375
13457,MKD,2010,0.216340005,23.035,4.983392015175
13458,MLI,2010,0.672720015,26.892,18.09078664338
13459,MLT,2010,0.684750021,11.76,8.05266024696
13463,MNG,2010,0.244379997,20.623,5.039848678131
13465,MOZ,2010,0.422520012,22.568,9.535431630816001
13469,MYS,2010,1.036080003,586.796,607.967601440388
13471,NAM,2010,0.141650006,17.753,2.514712556518
13476,NLD,2010,1.724750042,750.418,1294.283477017556
13477,NOR,2010,1.650869966,299.759,494.863130138194
13478,NPL,2010,0.302210003,58.474,17.671427715422
13485,PAN,2010,0.147670001,55.206,8.152270075206
13490,POL,2010,0.720809996,804.341,579.777032992636
13494,PRT,2010,1.532570004,281.646,431.6422113465841
13501,ROU,2010,0.452060014,355.026,160.493058530364
13502,RUS,2010,1.130200028,3039.02,3434.70048909256
13507,SEN,2010,0.540859997,33.637,18.192907719089
13508,SGP,2010,2.012969971,382.734,770.432048880714
13511,SLV,2010,0.067230001,37.895,2.547680887895
13514,SRB,2010,0.744270027,95.478,71.061413637906
13521,SVK,2010,0.617879987,135.256,83.571975521672
13522,SVN,2010,2.057630062,57.686,118.696447756532
13523,SWE,2010,3.216120005,400.15,1286.93042000075
13532,TGO,2010,0.253490001,9.915,2.513353359915
13534,TJK,2010,0.089139998,17.528,1.562445884944
13542,TTO,2010,0.050250001,41.077,2.064119291077
13543,TUN,2010,0.690259993,113.62,78.42734040466
13544,TUR,2010,0.843429983,1281.04,1080.46754542232
13546,TZA,2010,0.380250007,88.984,33.836166622888
13547,UGA,2010,0.47567001,73.725,35.06877148725
13548,UKR,2010,0.830980003,378.281,314.34394651484297
13550,URY,2010,0.341149986,61.377,20.938762690722
13551,USA,2010,2.740459919,15048.98,41241.12651183262
13563,ZAF,2010,0.737039983,661.392,487.472348436336
13574,ARE,2011,0.489199996,605.575,296.24728757770004
13575,ARG,2011,0.53658998,797.264,427.80387381472
13576,ARM,2011,0.270139992,23.086,6.236451855312
13579,AUS,2011,2.246059895,971.373,2181.761938385835
13580,AUT,2011,2.68163991,373.031,1000.3348172672099
13581,AZE,2011,0.210840002,135.804,28.632915631608
13582,BDI,2011,0.121260002,6.109,0.740777352218
13583,BEL,2011,2.155329943,451.933,974.064727129819
13587,BGR,2011,0.53628999,115.715,62.05679619285
13591,BLR,2011,0.700600028,156.715,109.79453338802
13595,BRA,2011,1.140079975,2970.63,3386.75577613425
13601,CAN,2011,1.798519969,1430.81,2573.34035684489
13605,CHL,2011,0.353430003,349.148,123.399378687444
13606,CHN,2011,1.79437995,13735.67,24647.0108478165
13611,COL,2011,0.20747,529.875,109.93316625
13613,CPV,2011,0.072640002,2.977,0.21624928595399998
13614,CRI,2011,0.474029988,62.759,29.749648016892
13619,CYP,2011,0.456120014,28.425,12.96521139795
13620,CZE,2011,1.560060024,304.401,474.883831365624
13621,DEU,2011,2.795619965,3415.02,9547.098092874301
13624,DNK,2011,2.966259956,247.352,733.710332636512
13632,ECU,2011,0.339910001,150.267,51.077256120267
13633,EGY,2011,0.531539977,860.9,457.6027661993
13636,ESP,2011,1.325129986,1489.6,1973.9136271456
13637,EST,2011,2.306550026,32.598,75.188917747548
13641,FIN,2011,3.638809919,220.471,802.252061651849
13643,FRA,2011,2.190639973,2446.48,5359.3568811450405
13647,GBR,2011,1.690649986,2357.07,3984.98036250102
13652,GMB,2011,0.132210001,4.095,0.541399954095
13655,GRC,2011,0.671959996,285.079,191.561683699684
13658,GTM,2011,0.048140001,101.567,4.889435481567
13662,HKG,2011,0.720860004,369.685,266.49113057874
13665,HRV,2011,0.75237,90.294,67.93449677999999
13667,HUN,2011,1.196200013,229.643,274.698959585359
13675,IND,2011,0.822239995,5618.38,4619.6567431081
13677,IRL,2011,1.532649994,206.493,316.481495211042
13679,IRQ,2011,0.034759998,415.269,14.434749609462001
13680,ISL,2011,2.494829893,13.059,32.579983572687
13681,ISR,2011,4.010980129,241.996,970.641147297484
13682,ITA,2011,1.208799958,2173.17,2626.92780472686
13685,JPN,2011,3.383130074,4629.4,15661.862364575598
13686,KAZ,2011,0.157230005,344.049,54.094825990245
13688,KGZ,2011,0.156330004,18.184,2.842704792736
13692,KOR,2011,3.743619919,1625.28,6084.43058195232
13693,KWT,2011,0.098980002,247.607,24.508141355214
13707,LSO,2011,0.01283,4.688,0.06014703999999999
13709,LTU,2011,0.904250026,69.298,62.66271830174801
13710,LUX,2011,1.49526,48.971,73.22437746
13711,LVA,2011,0.698629975,39.646,27.697883988850002
13712,MAC,2011,0.044530001,66.543,2.963159856543
13716,MDA,2011,0.404989988,19.772,8.007462042736
13717,MDG,2011,0.10588,33.667,3.56466196
13720,MEX,2011,0.425630003,1911.32,813.51513733396
13723,MKD,2011,0.222760007,24.064,5.3604968084480005
13725,MLT,2011,0.713620007,12.061,8.606970904427
13728,MNE,2011,0.404790014,8.974,3.632585585636
13729,MNG,2011,0.230540007,24.692,5.692493852844
13735,MYS,2011,1.033419967,630.696,651.773839507032
13742,NLD,2011,1.903059959,777.881,1480.354183966879
13743,NOR,2011,1.627539992,309.37,503.51204732504
13746,NZL,2011,1.248219967,142.002,177.24973175393401
13748,OMN,2011,0.136449993,161.202,21.996011771585998
13750,PAK,2011,0.329169989,824.079,271.26207536513095
13751,PAN,2011,0.180399999,62.728,11.316131137272
13753,PHL,2011,0.117260002,560.551,65.73021138110201
13756,POL,2011,0.746010005,862.452,643.39782083226
13760,PRT,2011,1.456830025,282.621,411.7307584955249
13761,PRY,2011,0.056710001,66.53,3.77291636653
13767,ROU,2011,0.493160009,378.832,186.824792529488
13768,RUS,2011,1.090690017,3259.32,3554.90778620844
13774,SGP,2011,2.150549889,414.967,892.407235788663
13777,SLV,2011,0.03112,40.156,1.2496547199999999
13780,SRB,2011,0.72438997,99.446,72.03768495662
13787,SVK,2011,0.664990008,141.755,94.26565858404
13788,SVN,2011,2.423579931,59.391,143.938835682021
13789,SWE,2011,3.249180079,421.516,1369.581390179764
13799,THA,2011,0.361669987,912.79,330.12874743373
13800,TJK,2011,0.121480003,19.216,2.334359737648
13808,TTO,2011,0.041930001,41.85,1.7547705418500001
13809,TUN,2011,0.707599998,113.607,80.388312972786
13810,TUR,2011,0.859529972,1454.11,1249.85112758492
13814,UKR,2011,0.737800002,407.226,300.45134361445196
13816,URY,2011,0.348699987,65.887,22.974796043469
13817,USA,2011,2.762909889,15599.73,43100.64828272997
13823,VNM,2011,0.190439999,511.889,97.484140648111
13829,ZAF,2011,0.734200001,696.526,511.389389896526
13841,ARG,2012,0.60939002,819.698,499.51578061396
13842,ARM,2012,0.238529995,27.009,6.442456634955
13846,AUT,2012,2.885610104,391.635,1130.10591308004
13847,AZE,2012,0.217240006,148.34,32.225382490040005
13849,BEL,2012,2.362689972,469.721,1109.805096337812
13853,BGR,2012,0.608479977,119.29,72.58557645633
13856,BIH,2012,0.270370007,37.104,10.031808739728001
13857,BLR,2012,0.667050004,171.038,114.09089858415201
13861,BRA,2012,1.151139975,2998.53,3451.7277492367502
13865,BWA,2012,0.25229001,26.808,6.76339058808
13867,CAN,2012,1.786069989,1468.1,2622.1293508508998
13869,CHE,2012,2.966619968,475.308,1410.058203750144
13871,CHL,2012,0.364789993,374.317,136.54709580978098
13872,CHN,2012,1.92809999,15137.46,29186.536474625398
13877,COL,2012,0.206929997,553.768,114.591210578696
13880,CRI,2012,0.570450008,67.139,38.299443087111996
13885,CYP,2012,0.429250002,27.58,11.83871505516
13886,CZE,2012,1.790380001,307.49,550.52394650749
13887,DEU,2012,2.871670008,3487.23,10014.17380199784
13890,DNK,2012,3.026319981,250.525,758.168813240025
13899,EGY,2012,0.54102999,1012.7,547.901070873
13902,ESP,2012,1.28410995,1483.65,1905.1697273175
13903,EST,2012,2.114259958,34.385,72.69882865582998
13907,FIN,2012,3.419480085,221.286,756.68307008931
13909,FRA,2012,2.229069948,2474.01,5514.74134205148
13913,GBR,2012,1.621780038,2441.79,3960.04627898802
13921,GRC,2012,0.69957,275.144,192.48248808000002
13924,GTM,2012,0.044709999,107.165,4.7913470428350005
13928,HKG,2012,0.727330029,373.483,271.645401221007
13931,HRV,2012,0.751129985,91.597,68.80125323604499
13933,HUN,2012,1.27038002,230.822,293.23165697644
13943,IRL,2012,1.563609958,213.365,333.61963868867
13944,IRN,2012,0.32506001,1295.74,421.1932573574
13947,ISR,2012,4.128580093,255.689,1055.632515399077
13948,ITA,2012,1.269760013,2172.38,2758.40125704094
13951,JPN,2012,3.343139887,4799.61,16045.767633044068
13952,KAZ,2012,0.168889999,369.966,62.483557370034006
13954,KGZ,2012,0.166099995,20.288,3.36983669856
13958,KOR,2012,4.025529861,1684.56,6781.246582646159
13959,KWT,2012,0.097209997,276.884,26.915892809348
13975,LTU,2012,0.895060003,73.809,66.063483761427
13976,LUX,2012,1.28839004,51.309,66.10600456235998
13977,LVA,2012,0.666530013,43.312,28.868747923056
13978,MAC,2012,0.048110001,75.588,3.6365387555879995
13982,MDA,2012,0.417329997,21.055,8.786883086835
13986,MEX,2012,0.431950003,2012.77,869.41600753831
13989,MKD,2012,0.326759994,24.559,8.024898692646
13991,MLT,2012,0.89319998,12.703,11.34631934594
13995,MNG,2012,0.239130005,28.89,6.90846584445
13999,MUS,2012,0.181189999,21.591,3.912073268409
14001,MYS,2012,1.092689991,677.647,740.4580943311771
14008,NLD,2012,1.939450026,792.042,1536.125877493092
14009,NOR,2012,1.620239973,330.093,534.8298734074891
14014,OMN,2012,0.209319994,177.869,37.231538012786004
14017,PAN,2012,0.080250002,70.434,5.652328640868
14022,POL,2012,0.881089985,897.878,791.1113135518301
14026,PRT,2012,1.377769947,277.992,383.009023106424
14027,PRY,2012,0.088160001,64.335,5.671773664334999
14032,QAT,2012,0.469909996,311.041,146.161275065836
14033,ROU,2012,0.481449991,397.335,191.296932173985
14034,RUS,2012,1.125620008,3480.3,3917.4953138424003
14040,SGP,2012,1.999469995,435.965,871.698936370175
14043,SLV,2012,0.030510001,40.804,1.244930080804
14046,SRB,2012,0.906910002,100.311,90.97304921062201
14053,SVK,2012,0.808099985,145.973,117.96077911040501
14054,SVN,2012,2.579469919,59.745,154.110430310655
14055,SWE,2012,3.281339884,432.488,1419.140123751392
14064,TGO,2012,0.220829993,11.214,2.476387541502
14066,TJK,2012,0.114200003,21.657,2.473229464971
14074,TTO,2012,0.04589,42.561,1.95312429
14075,TUN,2012,0.680739999,116.403,79.240178103597
14076,TUR,2012,0.921959996,1550.69,1429.6741461972401
14080,UKR,2012,0.751670003,425.994,320.20691125798203
14082,URY,2012,0.326840013,66.779,21.826049228126998
14083,USA,2012,2.697969913,16253.95,43852.668067406354
14095,ZAF,2012,0.731679976,698.221,510.874324522696
14107,ARG,2013,0.611750007,849.616,519.752593947312
14108,ARM,2013,0.222159997,28.5,6.3315599145
14111,AUS,2013,2.195749998,1083.91,2379.9953803321805
14112,AUT,2013,2.964359999,406.37,1204.62697279363
14113,AZE,2013,0.211410001,161.865,34.219879811865
14115,BEL,2013,2.429640055,487.344,1184.07050296392
14119,BGR,2013,0.636420012,120.943,76.97054551131599
14122,BIH,2013,0.327389985,38.975,12.760024665375001
14123,BLR,2013,0.673579991,179.366,120.817348665706
14127,BRA,2013,1.236019969,3133.89,3873.5506206494097
14133,CAN,2013,1.688279986,1554.12,2623.78969184232
14137,CHL,2013,0.391099989,392.67,153.57323268062999
14138,CHN,2013,2.014659882,16277.36,32793.34417687152
14143,COL,2013,0.255380005,591.784,151.12980087892
14146,CRI,2013,0.56141001,71.16,39.9499363116
14151,CYP,2013,0.462660015,26.248,12.14390007372
14152,CZE,2013,1.90952003,324.03,618.7417753208999
14153,DEU,2013,2.826469898,3628.56,10256.01561308688
14156,DNK,2013,3.084939957,262.368,809.389526638176
14165,EGY,2013,0.677980006,1044.33,708.0348596659799
14168,ESP,2013,1.261729956,1512.56,1908.4422622473598
14169,EST,2013,1.714679956,36.198,62.067985047288
14170,ETH,2013,0.604740024,122.434,74.04074009841601
14173,FIN,2013,3.296829939,225.68,744.02858063352
14175,FRA,2013,2.24326992,2608.52,5851.614451718399
14179,GBR,2013,1.664319992,2563.54,4266.55087229168
14180,GEO,2013,0.083669998,39.451,3.3008650910979997
14187,GRC,2013,0.812510014,284.948,231.52310346927197
14194,HKG,2013,0.730050027,385.448,281.396322807096
14197,HRV,2013,0.815609992,94.203,76.832908076376
14199,HUN,2013,1.397310019,242.855,339.34372466424503
14204,IDN,2013,0.084890001,2535.04,215.19954813504
14209,IRL,2013,1.53599,221.216,339.78556384
14212,ISL,2013,1.873049974,14.378,26.930712526171998
14213,ISR,2013,4.088160038,279.99,1144.64392903962
14214,ITA,2013,1.305819988,2187.38,2856.3245253514406
14217,JPN,2013,3.474090099,5021.59,17445.45610023741
14218,KAZ,2013,0.174830005,417.452,72.98313524726001
14220,KGZ,2013,0.14914,23.124,3.4487133599999997
14224,KOR,2013,4.148519993,1726.9,7164.0791759117
14225,KWT,2013,0.301530004,275.264,83.00035502105601
14236,LKA,2013,0.100809999,231.454,23.332877508546
14241,LTU,2013,0.950810015,79.034,75.14631872551
14242,LUX,2013,1.301429987,54.839,71.36911905709299
14243,LVA,2013,0.612839997,45.564,27.923441623308
14244,MAC,2013,0.05139,88.663,4.55639157
14248,MDA,2013,0.354189992,23.961,8.486746398312
14252,MEX,2013,0.501230001,2064.49,1034.78432476449
14255,MKD,2013,0.440990001,26.27,11.58480732627
14257,MLT,2013,0.884570003,13.757,12.169029531270999
14260,MNE,2013,0.374309987,9.237,3.457501349919
14261,MNG,2013,0.233140007,30.402,7.087922492814
14274,NLD,2013,1.957939982,827.476,1620.148344545432
14275,NOR,2013,1.653679967,342.254,565.978583425618
14278,NZL,2013,1.171609998,157.728,184.79570176454402
14280,OMN,2013,0.170870006,181.369,30.990522118214
14282,PAK,2013,0.292939991,883.375,258.775864549625
14283,PAN,2013,0.066359997,79.815,5.296523160555
14285,PHL,2013,0.137879997,654.004,90.174069557988
14288,POL,2013,0.870819986,925.133,805.6243061081381
14290,PRI,2013,0.435680002,119.192,51.929570798384
14292,PRT,2013,1.326410055,292.135,387.49080141742496
14299,ROU,2013,0.38657999,393.223,152.01214340777
14300,RUS,2013,1.132789969,3741.78,4238.65085020482
14306,SGP,2013,2.000479937,448.14,896.49507896718
14309,SLV,2013,0.05768,43.093,2.4856042400000002
14312,SRB,2013,0.726840019,104.804,76.175741351276
14319,SVK,2013,0.82735002,151.678,125.49079633356
14320,SVN,2013,2.603929996,61.745,160.77965760302
14321,SWE,2013,3.306050062,444.617,1469.9260604162541
14332,TJK,2013,0.117700003,24.57,2.89188907371
14340,TTO,2013,0.052069999,42.616,2.219015077384
14341,TUN,2013,0.661140025,117.962,77.98939962905
14342,TUR,2013,0.944769979,1703.67,1609.57627012293
14344,TZA,2013,0.529240012,103.322,54.682136519864
14346,UKR,2013,0.761749983,486.365,370.488530481795
14348,URY,2013,0.321170002,70.438,22.622572600876
14349,USA,2013,2.725280046,16843.23,45902.51862918858
14372,ARE,2014,0.699999988,696.795,487.7564916384599
14373,ARG,2014,0.613030016,839.897,514.882071348352
14374,ARM,2014,0.240789995,29.231,7.0385323438450005
14378,AUT,2014,2.986089945,417.06,1245.3786724617
14379,AZE,2014,0.209910005,166.329,34.914121221645004
14381,BEL,2014,2.464679956,503.621,1241.2645841206759
14385,BGR,2014,0.795130014,127.263,101.19063097168201
14386,BHR,2014,0.099770002,68.276,6.811896656551999
14388,BIH,2014,0.261079997,39.732,10.373230440804
14399,CAN,2014,1.611529946,1621.4,2612.9346544444
14403,CHL,2014,0.379280001,402.902,152.812670962902
14404,CHN,2014,2.046040058,17200.69,35193.30076524002
14409,COL,2014,0.195339993,625.019,122.091207084867
14417,CYP,2014,0.47240001,25.721,12.15060065721
14418,CZE,2014,1.997339964,342.1,683.2900016844001
14419,DEU,2014,2.868540049,3807.12,10920.87619134888
14422,DNK,2014,3.084929943,270.331,833.9521964211331
14431,EGY,2014,0.678680003,1037.07,703.8386707112099
14434,ESP,2014,1.231389999,1558.99,1919.72469454101
14435,EST,2014,1.436360002,38.05,54.6534980761
14439,FIN,2014,3.1738801,228.059,723.8319217259
14441,FRA,2014,2.255990028,2662.03,6005.5131342368395
14445,GBR,2014,1.700690031,2667.11,4535.9273885804105
14446,GEO,2014,0.09843,43.054,4.23780522
14453,GRC,2014,0.838450015,290.011,243.15972730016503
14463,HRV,2014,0.790000021,94.775,74.872251990275
14465,HUN,2014,1.370720029,253.485,347.45696655106497
14475,IRL,2014,1.518890023,238.187,361.77985790830104
14477,IRQ,2014,0.039190002,490.962,19.240801761924
14478,ISL,2014,1.890799999,15.059,28.473557184940997
14479,ISR,2014,4.108580112,285.416,1172.654501246592
14480,ITA,2014,1.286999941,2200.26,2831.73449018466
14483,JPN,2014,3.584180117,5034.46,18044.41143183182
14486,KGZ,2014,0.126440004,24.987,3.1593563799479996
14490,KOR,2014,4.291629791,1792.6,7693.1755633466
14507,LTU,2014,1.014770031,82.647,83.86769875205701
14508,LUX,2014,1.256100059,58.578,73.579829256102
14509,LVA,2014,0.690389991,47.483,32.781787942653
14510,MAC,2014,0.08681,90.217,7.83173777
14514,MDA,2014,0.371520013,25.218,9.368991687833999
14515,MDG,2014,0.01562,36.702,0.57328524
14518,MEX,2014,0.538119972,2173.23,1169.4584667495599
14523,MLT,2014,0.848089993,14.924,12.656895055531999
14526,MNE,2014,0.363200009,9.558,3.471465686022
14527,MNG,2014,0.227310002,32.507,7.389166235014
14533,MYS,2014,1.262590051,745.387,941.118210344737
14540,NLD,2014,1.972800016,830.319,1638.053336485104
14541,NOR,2014,1.710229993,340.765,582.786523564645
14554,POL,2014,0.940500021,962.318,905.0600992086779
14558,PRT,2014,1.2852,298.952,384.21311039999995
14565,ROU,2014,0.383370012,410.764,157.474599609168
14566,RUS,2014,1.186910033,3763.54,4466.98338559682
14572,SGP,2014,2.185780048,461.772,1009.3320243250558
14575,SLV,2014,0.084200002,45.534,3.833962891068
14578,SRB,2014,0.775770009,104.531,81.092014810779
14585,SVK,2014,0.886219978,157.298,139.400630099444
14586,SVN,2014,2.386470079,63.653,151.905979938587
14587,SWE,2014,3.160900116,457.508,1446.137090270928
14596,TGO,2014,0.269520015,12.793,3.447969551895
14597,THA,2014,0.482859999,1059.45,511.56602594055
14606,TTO,2014,0.078160003,43.204,3.3768247696120004
14607,TUN,2014,0.641030014,121.97,78.18643080758001
14608,TUR,2014,1.007130027,1860.47,1873.7352013326902
14612,UKR,2014,0.658720016,461.987,304.320084031792
14614,URY,2014,0.334419996,74.226,24.822658623096
14616,UZB,2014,0.19777,199.767,39.50791959
