True_Values,Predicted_Values
167.583607628083,
430.32970332941403,
427.754703565342,
39.5477994932316,
42.527477370353,
81.5422693437592,
481.775482622067,
31.111028153459,
11.2148288997089,
528.1717009030571,
26.7182709812372,
208.27997835215,
67.444899012621,
427.754703565342,
27.007439245207998,
549.63096952664,
366.080932147093,
549.63096952664,
131.96943394897,
528.1717009030571,
449.510448782337,
97.65482032284639,
172.06248877654502,
709.712900312341,
16.6398934235238,
586.427345752008,
78.153305627187,
41.109925233634,
171.84093590987402,
430.32970332941403,
42.527477370353,
129.005315240608,
172.06248877654502,
444.70858189046,
390.30649030440105,
40.9108780317415,
31.5395465831742,
41.8088575001648,
46.192275264336295,
46.192275264336295,
76.92204037023,
161.877319772383,
86.57379637382941,
104.287330767315,
430.32970332941403,
125.799195568337,
168.514031992379,
274.61119759011297,
390.30649030440105,
13.0322045849813,
65.503087410017,
114.097563573046,
27.2476827653473,
274.61119759011297,
88.7238647937389,
95.2057370393764,
430.32970332941403,
110.276326391374,
79.8627681757809,
390.30649030440105,
167.387098458661,
41.8088575001648,
79.3647471271804,
28.5643588273563,
27.007439245207998,
336.250720890688,
168.66818635248703,
29.8951052866978,
144.881418819039,
68.017046926153,
124.393853613863,
445.321200828342,
26.9642357394488,
41.8088575001648,
95.2057370393764,
481.775482622067,
131.96943394897,
444.70858189046,
27.3547991210384,
399.390155103394,
30.4771553950946,
709.712900312341,
464.705238693159,
41.6349134526211,
102.88045893911,
154.89989733598802,
41.6349134526211,
309.205058612812,
151.524276807069,
30.6966255814402,
61.3446297023717,
41.6349134526211,
153.24492626293198,
182.882556513278,
16.6398934235238,
671.963268047983,
26.7182709812372,
43.0965419963392,
27.5691936338647,
78.153305627187,
27.7556378583315,
158.23856270932902,
408.147132274462,
144.881418819039,
399.390155103394,
41.8088575001648,
109.713720660448,
430.32970332941403,
46.192275264336295,
29.8951052866978,
390.30649030440105,
77.5721020211667,
88.135828288658,
158.82947359039397,
102.88045893911,
114.097563573046,
445.321200828342,
455.525672908788,
106.32326115924799,
444.70858189046,
208.27997835215,
158.82947359039397,
62.9728145001246,
631.845452979094,
172.58621093761602,
162.76126018587402,
709.712900312341,
82.36625850245899,
99.970920846719,
172.435579472777,
13.0322045849813,
145.192227958098,
18.5729256553376,
88.135828288658,
129.005315240608,
274.61119759011297,
408.147132274462,
97.65482032284639,
125.566643621924,
18.5729256553376,
128.21182225802602,
125.566643621924,
114.097563573046,
27.5691936338647,
67.444899012621,
168.514031992379,
162.76126018587402,
104.287330767315,
408.147132274462,
79.96404528048039,
27.007439245207998,
165.515151500138,
274.61119759011297,
27.3727874650363,
68.017046926153,
76.69470866396881,
145.192227958098,
88.7238647937389,
46.192275264336295,
94.1633260288997,
93.0206500898596,
154.89989733598802,
41.3335111091595,
41.109925233634,
41.3335111091595,
116.904240781414,
95.2057370393764,
309.205058612812,
68.017046926153,
27.7919793024325,
107.56473240832901,
94.1633260288997,
168.514031992379,
76.92204037023,
93.0206500898596,
110.276326391374,
77.5721020211667,
29.8951052866978,
13.0322045849813,
165.515151500138,
172.06248877654502,
430.32970332941403,
549.63096952664,
30.4771553950946,
171.84093590987402,
171.84093590987402,
27.0046979120185,
79.96404528048039,
41.8088575001648,
33.9863407990567,
444.70858189046,
49.016744273568804,
40.638273791289905,
167.387098458661,
31.111028153459,
18.5729256553376,
454.82040667889805,
109.713720660448,
79.96404528048039,
38.064000440388,
26.1651913298187,
27.7556378583315,
68.017046926153,
95.2057370393764,
94.1633260288997,
374.897027723975,
158.23856270932902,
27.7919793024325,
104.287330767315,
46.192275264336295,
158.23856270932902,
162.76126018587402,
158.23856270932902,
93.0206500898596,
468.27722417165,
14.6731326896591,
28.228129675399398,
454.82040667889805,
464.705238693159,
67.444899012621,
31.111028153459,
481.775482622067,
14.6731326896591,
131.96943394897,
27.3727874650363,
336.250720890688,
28.228129675399398,
131.96943394897,
14.6731326896591,
161.877319772383,
709.712900312341,
33.9863407990567,
41.6349134526211,
144.881418819039,
29.8951052866978,
124.393853613863,
586.427345752008,
76.92204037023,
481.775482622067,
78.153305627187,
168.66818635248703,
99.970920846719,
67.444899012621,
17.1948756219555,
76.69470866396881,
468.27722417165,
94.1633260288997,
172.435579472777,
16.6398934235238,
27.2476827653473,
27.6015845003174,
41.6349134526211,
455.525672908788,
38.5611031489461,
182.882556513278,
49.016744273568804,
41.3335111091595,
94.1633260288997,
237.04271983421,
43.0965419963392,
110.276326391374,
40.638273791289905,
237.04271983421,
49.016744273568804,
208.27997835215,
171.84093590987402,
154.89989733598802,
116.904240781414,
107.56473240832901,
93.0206500898596,
709.712900312341,
61.9634020987878,
182.882556513278,
172.06248877654502,
107.56473240832901,
104.287330767315,
93.0206500898596,
390.30649030440105,
26.9642357394488,
29.8951052866978,
86.57379637382941,
549.63096952664,
14.6731326896591,
95.4376659429012,
27.0046979120185,
158.82947359039397,
167.081614070721,
125.799195568337,
88.135828288658,
167.387098458661,
27.0046979120185,
671.963268047983,
16.6398934235238,
28.5643588273563,
61.3446297023717,
131.96943394897,
107.56473240832901,
94.1633260288997,
18.5729256553376,
72.00718913960901,
43.0965419963392,
182.882556513278,
79.8627681757809,
16.6398934235238,
172.435579472777,
165.515151500138,
168.66818635248703,
399.390155103394,
26.1651913298187,
449.510448782337,
154.89989733598802,
104.287330767315,
26.1651913298187,
41.109925233634,
158.82947359039397,
39.5477994932316,
27.6015845003174,
158.82947359039397,
82.36625850245899,
27.0046979120185,
444.70858189046,
77.5721020211667,
79.3647471271804,
709.712900312341,
65.503087410017,
78.153305627187,
125.799195568337,
168.514031992379,
399.390155103394,
95.4376659429012,
182.882556513278,
116.904240781414,
104.287330767315,
129.005315240608,
104.287330767315,
62.9728145001246,
95.4376659429012,
390.30649030440105,
125.566643621924,
167.387098458661,
162.76126018587402,
18.5729256553376,
709.712900312341,
79.3647471271804,
454.82040667889805,
41.6349134526211,
28.5643588273563,
109.713720660448,
408.147132274462,
41.109925233634,
49.016744273568804,
26.802731425085703,
124.393853613863,
168.514031992379,
27.3547991210384,
30.4771553950946,
427.754703565342,
631.845452979094,
158.23856270932902,
110.148077363916,
38.5611031489461,
27.2476827653473,
109.713720660448,
88.7238647937389,
38.064000440388,
38.5611031489461,
309.205058612812,
171.84093590987402,
42.527477370353,
208.27997835215,
151.524276807069,
88.7238647937389,
68.017046926153,
114.097563573046,
172.58621093761602,
26.1651913298187,
26.1651913298187,
97.65482032284639,
55.1654623892361,
31.5395465831742,
41.6349134526211,
430.32970332941403,
30.4771553950946,
41.8088575001648,
27.3547991210384,
67.444899012621,
42.527477370353,
46.192275264336295,
167.081614070721,
76.69470866396881,
38.5611031489461,
125.799195568337,
171.84093590987402,
36.618322371685096,
86.57379637382941,
27.3547991210384,
106.32326115924799,
172.435579472777,
27.6015845003174,
27.3727874650363,
110.276326391374,
27.5691936338647,
65.503087410017,
30.4771553950946,
27.7919793024325,
16.6398934235238,
110.148077363916,
26.7182709812372,
88.135828288658,
61.9634020987878,
27.6015845003174,
528.1717009030571,
153.24492626293198,
16.6398934235238,
366.080932147093,
16.6398934235238,
95.4376659429012,
158.23856270932902,
390.30649030440105,
168.66818635248703,
154.89989733598802,
102.88045893911,
549.63096952664,
88.135828288658,
41.3335111091595,
26.802731425085703,
18.5729256553376,
27.2476827653473,
31.5395465831742,
11.2148288997089,
31.111028153459,
95.2057370393764,
38.5611031489461,
110.276326391374,
153.24492626293198,
102.88045893911,
79.3647471271804,
30.6966255814402,
42.527477370353,
27.007439245207998,
27.6015845003174,
61.9634020987878,
38.064000440388,
30.4771553950946,
110.148077363916,
27.5691936338647,
158.82947359039397,
26.802731425085703,
36.618322371685096,
14.6731326896591,
65.503087410017,
30.6966255814402,
27.0046979120185,
79.8627681757809,
26.7182709812372,
454.82040667889805,
27.3727874650363,
449.510448782337,
158.82947359039397,
61.3446297023717,
167.583607628083,
28.228129675399398,
82.36625850245899,
97.65482032284639,
144.881418819039,
14.6731326896591,
107.56473240832901,
27.3727874650363,
76.92204037023,
55.1654623892361,
17.1948756219555,
336.250720890688,
182.882556513278,
27.3727874650363,
129.005315240608,
26.7182709812372,
93.0206500898596,
17.1948756219555,
125.799195568337,
97.65482032284639,
631.845452979094,
528.1717009030571,
468.27722417165,
68.017046926153,
55.1654623892361,
124.393853613863,
81.5422693437592,
507.401,
88.7238647937389,
97.65482032284639,
78.153305627187,
27.007439245207998,
454.82040667889805,
33.9863407990567,
82.36625850245899,
79.8627681757809,
67.444899012621,
26.802731425085703,
27.2476827653473,
13.0322045849813,
27.3547991210384,
76.92204037023,
78.153305627187,
144.881418819039,
144.881418819039,
72.00718913960901,
46.192275264336295,
18.5729256553376,
408.147132274462,
36.618322371685096,
444.70858189046,
26.7182709812372,
27.2476827653473,
125.799195568337,
26.7182709812372,
154.89989733598802,
39.5477994932316,
33.9863407990567,
464.705238693159,
67.444899012621,
129.005315240608,
72.00718913960901,
167.081614070721,
40.638273791289905,
309.205058612812,
444.70858189046,
374.897027723975,
128.21182225802602,
671.963268047983,
41.6349134526211,
444.70858189046,
27.3727874650363,
168.66818635248703,
77.5721020211667,
38.5611031489461,
41.3335111091595,
88.135828288658,
586.427345752008,
26.802731425085703,
95.2057370393764,
72.00718913960901,
40.638273791289905,
81.5422693437592,
28.5643588273563,
27.7556378583315,
208.27997835215,
116.904240781414,
468.27722417165,
27.007439245207998,
468.27722417165,
82.36625850245899,
336.250720890688,
454.82040667889805,
18.5729256553376,
26.1651913298187,
144.881418819039,
145.192227958098,
46.192275264336295,
86.57379637382941,
162.76126018587402,
124.393853613863,
40.9108780317415,
455.525672908788,
167.387098458661,
586.427345752008,
41.8088575001648,
154.89989733598802,
49.016744273568804,
145.192227958098,
27.7556378583315,
165.515151500138,
449.510448782337,
55.1654623892361,
182.882556513278,
110.148077363916,
49.016744273568804,
158.23856270932902,
29.8951052866978,
336.250720890688,
43.0965419963392,
41.6349134526211,
61.3446297023717,
17.1948756219555,
41.8088575001648,
464.705238693159,
26.1651913298187,
16.6398934235238,
31.5395465831742,
427.754703565342,
110.276326391374,
76.69470866396881,
55.1654623892361,
107.56473240832901,
62.9728145001246,
408.147132274462,
408.147132274462,
86.57379637382941,
17.1948756219555,
445.321200828342,
116.904240781414,
79.96404528048039,
366.080932147093,
27.0046979120185,
153.24492626293198,
390.30649030440105,
81.5422693437592,
208.27997835215,
274.61119759011297,
129.005315240608,
158.23856270932902,
455.525672908788,
28.5643588273563,
42.527477370353,
81.5422693437592,
586.427345752008,
631.845452979094,
30.4771553950946,
13.0322045849813,
26.7182709812372,
27.7556378583315,
79.3647471271804,
40.9108780317415,
38.064000440388,
31.5395465831742,
427.754703565342,
167.387098458661,
79.8627681757809,
27.0046979120185,
78.153305627187,
18.5729256553376,
549.63096952664,
88.135828288658,
131.96943394897,
114.097563573046,
151.524276807069,
455.525672908788,
151.524276807069,
336.250720890688,
106.32326115924799,
124.393853613863,
26.1651913298187,
274.61119759011297,
114.097563573046,
13.0322045849813,
95.4376659429012,
237.04271983421,
161.877319772383,
586.427345752008,
27.5691936338647,
167.081614070721,
671.963268047983,
62.9728145001246,
390.30649030440105,
29.8951052866978,
144.881418819039,
27.7919793024325,
27.6015845003174,
158.23856270932902,
102.88045893911,
46.192275264336295,
27.2476827653473,
336.250720890688,
30.6966255814402,
110.148077363916,
464.705238693159,
76.69470866396881,
131.96943394897,
82.36625850245899,
26.802731425085703,
76.92204037023,
27.7919793024325,
97.65482032284639,
40.638273791289905,
107.56473240832901,
366.080932147093,
507.401,
165.515151500138,
106.32326115924799,
95.4376659429012,
114.097563573046,
165.515151500138,
182.882556513278,
106.32326115924799,
125.566643621924,
28.228129675399398,
27.3547991210384,
153.24492626293198,
31.111028153459,
41.109925233634,
125.799195568337,
36.618322371685096,
125.799195568337,
29.8951052866978,
28.228129675399398,
172.06248877654502,
29.8951052866978,
153.24492626293198,
671.963268047983,
445.321200828342,
16.6398934235238,
167.583607628083,
36.618322371685096,
26.7182709812372,
507.401,
168.514031992379,
61.9634020987878,
172.06248877654502,
99.970920846719,
81.5422693437592,
55.1654623892361,
30.4771553950946,
28.228129675399398,
27.0046979120185,
79.96404528048039,
28.5643588273563,
468.27722417165,
18.5729256553376,
27.007439245207998,
172.435579472777,
13.0322045849813,
36.618322371685096,
40.638273791289905,
13.0322045849813,
528.1717009030571,
99.970920846719,
55.1654623892361,
46.192275264336295,
144.881418819039,
88.7238647937389,
26.7182709812372,
144.881418819039,
124.393853613863,
29.8951052866978,
40.638273791289905,
671.963268047983,
481.775482622067,
208.27997835215,
162.76126018587402,
26.802731425085703,
110.148077363916,
374.897027723975,
208.27997835215,
95.2057370393764,
27.6015845003174,
31.5395465831742,
109.713720660448,
408.147132274462,
39.5477994932316,
55.1654623892361,
30.6966255814402,
17.1948756219555,
154.89989733598802,
33.9863407990567,
68.017046926153,
109.713720660448,
49.016744273568804,
131.96943394897,
88.135828288658,
172.58621093761602,
27.007439245207998,
131.96943394897,
274.61119759011297,
39.5477994932316,
168.66818635248703,
309.205058612812,
27.2476827653473,
99.970920846719,
408.147132274462,
309.205058612812,
61.9634020987878,
165.515151500138,
26.1651913298187,
128.21182225802602,
95.2057370393764,
61.3446297023717,
38.5611031489461,
468.27722417165,
208.27997835215,
38.5611031489461,
99.970920846719,
28.228129675399398,
14.6731326896591,
444.70858189046,
86.57379637382941,
107.56473240832901,
237.04271983421,
40.638273791289905,
151.524276807069,
41.109925233634,
72.00718913960901,
709.712900312341,
68.017046926153,
79.96404528048039,
153.24492626293198,
26.9642357394488,
110.276326391374,
549.63096952664,
106.32326115924799,
125.566643621924,
161.877319772383,
28.5643588273563,
16.6398934235238,
455.525672908788,
40.9108780317415,
366.080932147093,
27.2476827653473,
40.9108780317415,
61.3446297023717,
65.503087410017,
43.0965419963392,
93.0206500898596,
41.3335111091595,
27.7556378583315,
67.444899012621,
631.845452979094,
464.705238693159,
76.69470866396881,
168.514031992379,
43.0965419963392,
528.1717009030571,
167.583607628083,
167.387098458661,
79.8627681757809,
76.92204037023,
151.524276807069,
171.84093590987402,
78.153305627187,
93.0206500898596,
76.69470866396881,
27.007439245207998,
55.1654623892361,
62.9728145001246,
95.4376659429012,
27.007439245207998,
172.06248877654502,
274.61119759011297,
171.84093590987402,
114.097563573046,
88.7238647937389,
172.06248877654502,
18.5729256553376,
88.135828288658,
110.148077363916,
27.6015845003174,
631.845452979094,
41.3335111091595,
11.2148288997089,
72.00718913960901,
464.705238693159,
26.1651913298187,
40.9108780317415,
631.845452979094,
86.57379637382941,
445.321200828342,
125.799195568337,
129.005315240608,
41.3335111091595,
62.9728145001246,
95.4376659429012,
93.0206500898596,
97.65482032284639,
631.845452979094,
104.287330767315,
27.7556378583315,
374.897027723975,
172.435579472777,
27.5691936338647,
449.510448782337,
49.016744273568804,
95.4376659429012,
79.8627681757809,
390.30649030440105,
161.877319772383,
39.5477994932316,
172.06248877654502,
128.21182225802602,
151.524276807069,
104.287330767315,
26.9642357394488,
38.5611031489461,
27.3547991210384,
14.6731326896591,
88.135828288658,
93.0206500898596,
128.21182225802602,
17.1948756219555,
158.23856270932902,
68.017046926153,
42.527477370353,
82.36625850245899,
79.96404528048039,
76.69470866396881,
167.583607628083,
27.7556378583315,
38.064000440388,
102.88045893911,
171.84093590987402,
38.5611031489461,
172.435579472777,
274.61119759011297,
26.9642357394488,
27.7919793024325,
430.32970332941403,
17.1948756219555,
41.6349134526211,
399.390155103394,
30.6966255814402,
78.153305627187,
41.3335111091595,
366.080932147093,
507.401,
168.66818635248703,
30.6966255814402,
97.65482032284639,
165.515151500138,
631.845452979094,
528.1717009030571,
481.775482622067,
153.24492626293198,
61.3446297023717,
161.877319772383,
28.228129675399398,
449.510448782337,
26.9642357394488,
61.3446297023717,
399.390155103394,
158.82947359039397,
172.06248877654502,
468.27722417165,
41.109925233634,
528.1717009030571,
38.064000440388,
237.04271983421,
95.2057370393764,
76.92204037023,
28.5643588273563,
27.3547991210384,
129.005315240608,
366.080932147093,
81.5422693437592,
27.6015845003174,
61.9634020987878,
40.638273791289905,
161.877319772383,
586.427345752008,
399.390155103394,
38.5611031489461,
145.192227958098,
167.081614070721,
631.845452979094,
445.321200828342,
374.897027723975,
507.401,
125.799195568337,
76.92204037023,
28.228129675399398,
38.064000440388,
427.754703565342,
88.135828288658,
549.63096952664,
11.2148288997089,
16.6398934235238,
27.7556378583315,
274.61119759011297,
151.524276807069,
78.153305627187,
454.82040667889805,
237.04271983421,
27.3727874650363,
168.514031992379,
77.5721020211667,
78.153305627187,
27.5691936338647,
27.7556378583315,
128.21182225802602,
366.080932147093,
30.4771553950946,
237.04271983421,
79.8627681757809,
709.712900312341,
26.1651913298187,
40.9108780317415,
93.0206500898596,
42.527477370353,
144.881418819039,
86.57379637382941,
14.6731326896591,
671.963268047983,
11.2148288997089,
237.04271983421,
172.58621093761602,
106.32326115924799,
586.427345752008,
86.57379637382941,
27.7556378583315,
161.877319772383,
167.081614070721,
430.32970332941403,
237.04271983421,
158.82947359039397,
17.1948756219555,
167.583607628083,
430.32970332941403,
408.147132274462,
27.7556378583315,
128.21182225802602,
36.618322371685096,
208.27997835215,
172.06248877654502,
154.89989733598802,
30.6966255814402,
374.897027723975,
444.70858189046,
168.66818635248703,
27.0046979120185,
61.9634020987878,
41.6349134526211,
31.111028153459,
13.0322045849813,
95.2057370393764,
94.1633260288997,
125.799195568337,
128.21182225802602,
27.7919793024325,
445.321200828342,
31.111028153459,
95.4376659429012,
82.36625850245899,
274.61119759011297,
237.04271983421,
374.897027723975,
124.393853613863,
709.712900312341,
102.88045893911,
28.5643588273563,
167.081614070721,
26.1651913298187,
27.007439245207998,
43.0965419963392,
309.205058612812,
36.618322371685096,
77.5721020211667,
528.1717009030571,
109.713720660448,
129.005315240608,
78.153305627187,
468.27722417165,
31.5395465831742,
145.192227958098,
468.27722417165,
77.5721020211667,
104.287330767315,
172.06248877654502,
46.192275264336295,
507.401,
39.5477994932316,
171.84093590987402,
171.84093590987402,
549.63096952664,
454.82040667889805,
366.080932147093,
454.82040667889805,
77.5721020211667,
709.712900312341,
309.205058612812,
182.882556513278,
76.92204037023,
167.081614070721,
40.9108780317415,
167.387098458661,
33.9863407990567,
168.514031992379,
67.444899012621,
468.27722417165,
427.754703565342,
153.24492626293198,
42.527477370353,
158.82947359039397,
427.754703565342,
61.9634020987878,
182.882556513278,
167.583607628083,
27.2476827653473,
41.109925233634,
167.387098458661,
468.27722417165,
55.1654623892361,
102.88045893911,
13.0322045849813,
41.8088575001648,
30.4771553950946,
124.393853613863,
76.92204037023,
110.148077363916,
128.21182225802602,
68.017046926153,
145.192227958098,
455.525672908788,
41.8088575001648,
167.081614070721,
172.58621093761602,
38.064000440388,
49.016744273568804,
33.9863407990567,
27.3727874650363,
79.3647471271804,
128.21182225802602,
165.515151500138,
61.3446297023717,
42.527477370353,
17.1948756219555,
72.00718913960901,
31.111028153459,
27.0046979120185,
42.527477370353,
27.6015845003174,
41.109925233634,
81.5422693437592,
116.904240781414,
94.1633260288997,
131.96943394897,
124.393853613863,
162.76126018587402,
390.30649030440105,
62.9728145001246,
167.081614070721,
374.897027723975,
77.5721020211667,
153.24492626293198,
26.802731425085703,
26.9642357394488,
408.147132274462,
61.3446297023717,
165.515151500138,
116.904240781414,
30.6966255814402,
68.017046926153,
28.5643588273563,
76.69470866396881,
62.9728145001246,
11.2148288997089,
106.32326115924799,
46.192275264336295,
94.1633260288997,
41.109925233634,
481.775482622067,
144.881418819039,
464.705238693159,
79.3647471271804,
88.7238647937389,
41.3335111091595,
31.111028153459,
28.228129675399398,
49.016744273568804,
128.21182225802602,
43.0965419963392,
79.96404528048039,
172.435579472777,
145.192227958098,
41.109925233634,
41.109925233634,
145.192227958098,
67.444899012621,
30.4771553950946,
27.3547991210384,
72.00718913960901,
151.524276807069,
237.04271983421,
399.390155103394,
109.713720660448,
27.2476827653473,
77.5721020211667,
14.6731326896591,
172.435579472777,
77.5721020211667,
72.00718913960901,
82.36625850245899,
26.9642357394488,
104.287330767315,
168.66818635248703,
124.393853613863,
528.1717009030571,
28.228129675399398,
99.970920846719,
26.9642357394488,
167.081614070721,
374.897027723975,
95.4376659429012,
481.775482622067,
167.387098458661,
366.080932147093,
38.5611031489461,
38.064000440388,
30.6966255814402,
39.5477994932316,
43.0965419963392,
366.080932147093,
151.524276807069,
62.9728145001246,
161.877319772383,
102.88045893911,
61.9634020987878,
86.57379637382941,
26.9642357394488,
631.845452979094,
154.89989733598802,
427.754703565342,
95.2057370393764,
38.064000440388,
445.321200828342,
124.393853613863,
79.3647471271804,
208.27997835215,
399.390155103394,
106.32326115924799,
72.00718913960901,
631.845452979094,
27.7919793024325,
110.148077363916,
79.96404528048039,
109.713720660448,
27.2476827653473,
309.205058612812,
107.56473240832901,
455.525672908788,
154.89989733598802,
27.7919793024325,
40.638273791289905,
65.503087410017,
79.96404528048039,
528.1717009030571,
102.88045893911,
274.61119759011297,
79.96404528048039,
336.250720890688,337.1096095358953
374.897027723975,1131.0229614991695
454.82040667889805,1762.873535098508
167.387098458661,166.9492538785562
65.503087410017,50.34757928457111
168.514031992379,169.51609732862562
399.390155103394,399.7433378016576
586.427345752008,-2504.8528118710965
449.510448782337,2101.9539701957256
586.427345752008,-9908.919434485957
528.1717009030571,-9541.538081465289
172.435579472777,174.67703253682703
145.192227958098,145.31678347941488
104.287330767315,102.87605953868479
27.3547991210384,35.66455143596977
158.23856270932902,-40107.58390004281
97.65482032284639,99.22196238394827
99.970920846719,97.59678994771093
107.56473240832901,107.77974825259298
507.401,19375.9961301703
161.877319772383,161.67685473617166
167.583607628083,170.29141332861036
172.58621093761602,173.61066969390959
399.390155103394,-25425.150947728194
172.58621093761602,172.69446819182485
88.7238647937389,86.52050762530416
671.963268047983,25365.312532844022
33.9863407990567,368008.1862333594
129.005315240608,129.07512663956732
167.081614070721,177.84290897008032
549.63096952664,3980.90444249101
507.401,241.01054984517395
116.904240781414,116.51111166831106
18.5729256553376,18.528117100708187
27.3727874650363,27.00477124657482
449.510448782337,-653332.9561103564
39.5477994932316,40.03830524999648
507.401,-22494.954887567088
116.904240781414,116.69778520520777
33.9863407990567,34.039875152520835
167.583607628083,-148282.17299596313
29.8951052866978,57.61903658043593
27.5691936338647,25.737975436262786
26.9642357394488,49.60718852933496
14.6731326896591,14.961476258002222
131.96943394897,130.34975438471884
27.5691936338647,70926.37905944418
507.401,10115.047383250669
61.3446297023717,634.5222813384607
61.9634020987878,62.34177892934531
151.524276807069,150.78214386757463
28.5643588273563,27.780472881160676
158.82947359039397,159.9402857189998
41.3335111091595,46.12892152648419
26.802731425085703,17.558115950785577
106.32326115924799,105.2159270113334
158.23856270932902,158.30781694408506
172.58621093761602,172.99456377979368
481.775482622067,12537.11336630769
172.58621093761602,27622.018333516084
374.897027723975,-2571005.657523511
102.88045893911,102.98742272611707
33.9863407990567,34.69278373289853
81.5422693437592,77.6545617422089
27.7919793024325,27.647095068357885
671.963268047983,5775.613683165982
26.7182709812372,86.36241412442178
366.080932147093,367.44361754413694
309.205058612812,309.5022005653009
67.444899012621,353802.6074734805
27.5691936338647,0.2975555108860135
26.802731425085703,25.78937967400998
129.005315240608,77.92267816420645
31.5395465831742,39.334299334324896
82.36625850245899,-85.94619575981051
27.7919793024325,27.756977933458984
445.321200828342,-24781.48549264483
61.9634020987878,54.19424738269299
41.8088575001648,33.61220326926559
507.401,-666.9793062191457
237.04271983421,237.1505103027448
107.56473240832901,107.47051704581827
151.524276807069,151.40930650290102
86.57379637382941,89.42870823200792
29.8951052866978,30.852534639649093
114.097563573046,114.60250670369714
62.9728145001246,74.9967856509611
162.76126018587402,162.9297444736585
49.016744273568804,275532.50585309695
65.503087410017,11060.134236997925
72.00718913960901,72.00383185502142
336.250720890688,337.7704881345853
43.0965419963392,44.46508751343936
99.970920846719,97.9030365711078
549.63096952664,19860.433731259778
110.276326391374,109.99136090930551
110.276326391374,100.95948795136064
26.802731425085703,28.974434218369424
167.583607628083,166.0769484406337
161.877319772383,144.76526500936598
88.7238647937389,88.24039599951357
88.135828288658,80.19327226188034
38.064000440388,40.76104281749576
79.8627681757809,97.31839629169554
671.963268047983,-24927.30068629794
427.754703565342,6089.683920862153
128.21182225802602,126.81124728079885
125.566643621924,107.16128610726446
114.097563573046,113.24288744386286
27.3547991210384,23.984755122102797
168.514031992379,168.68324863072485
455.525672908788,37987.27636689134
77.5721020211667,77.93484647478908
172.58621093761602,173.116102299653
27.0046979120185,26.683595853857696
33.9863407990567,33.86411631293595
62.9728145001246,108.30351458396763
167.387098458661,143254.37713681813
79.8627681757809,82.78169279452413
55.1654623892361,55.3427775753662
79.3647471271804,78.90398777928203
30.6966255814402,31.894638310186565
82.36625850245899,93.56640534009784
40.9108780317415,45.292557931505144
182.882556513278,182.95544091518968
31.5395465831742,32.97307731490582
430.32970332941403,430.5684842085466
95.4376659429012,95.1322328587994
106.32326115924799,100.57759637292475
116.904240781414,116.22037096973509
40.9108780317415,38.58032088819891
33.9863407990567,63.54742799606174
109.713720660448,109.73985562380403
31.5395465831742,30.274177520535886
27.0046979120185,27.168080332688987
39.5477994932316,65.46767757926136
55.1654623892361,54.47397170495242
455.525672908788,-5655.052229581401
445.321200828342,1485.4208498019725
153.24492626293198,156.00157681759447
309.205058612812,-18075.37232167367
107.56473240832901,110.54912420269102
42.527477370353,-213535.3279059669
31.111028153459,30.495791054330766
31.111028153459,30.662808853201568
27.6015845003174,43.02406157460064
17.1948756219555,16.951651989482343
110.276326391374,-48362.65582252387
36.618322371685096,947139.1933173677
76.69470866396881,-17659.998085715808
38.064000440388,33.82866145577282
27.007439245207998,27.02412962075323
172.435579472777,171.33259422238916
40.9108780317415,189641.13461079728
79.3647471271804,105548.1223042896
110.276326391374,108.69685339089483
165.515151500138,-151836.02494407538
49.016744273568804,48.89962975215167
464.705238693159,458.7240263437852
26.7182709812372,-41.922734876163304
97.65482032284639,94.80979902949184
145.192227958098,145.45307644363493
31.5395465831742,30.1154205230996
125.566643621924,117.82676067110151
165.515151500138,163.69557357486337
430.32970332941403,127134.77287866827
26.9642357394488,-228.90580391604453
162.76126018587402,-41477.799315803684
336.250720890688,335.83741237875074
99.970920846719,99.96735326107591
408.147132274462,5990.795654537156
455.525672908788,-2612.441530345008
65.503087410017,46.60703706648201
171.84093590987402,171.71665685530752
158.82947359039397,158.8958907937631
30.6966255814402,31.497361133806407
162.76126018587402,162.23910356219858
76.69470866396881,76.2100525489077
40.638273791289905,31.960823909379542
72.00718913960901,73.53466208186
13.0322045849813,12.758825524710119
671.963268047983,3215.298550667241
102.88045893911,103.08319096919149
445.321200828342,3619.4417710918933
40.638273791289905,36.30208165664226
125.566643621924,112.27203159686178
40.9108780317415,-376866.71469576936
168.514031992379,-45248.670458459295
27.5691936338647,24.87633000407368
79.8627681757809,207203.24988946225
17.1948756219555,17.028421605937183
125.799195568337,125.39286587294191
464.705238693159,466.09709270950407
81.5422693437592,89.71813850011677
27.6015845003174,29.241648743860424
154.89989733598802,160.04925944563
116.904240781414,116.77642675396055
427.754703565342,-1305.5234739165753
62.9728145001246,70.47693411167711
27.3727874650363,27.472480836324394
125.566643621924,193280.96689974423
162.76126018587402,173.24654485937208
27.3727874650363,27.295250332914293
114.097563573046,114.23014578875154
208.27997835215,208.38939443882555
464.705238693159,15473.847378156148
172.435579472777,172.48395668622106
88.7238647937389,87.43286733236164
549.63096952664,6908.646256627515
167.583607628083,166.940647742711
41.8088575001648,47.1003352785483
27.7919793024325,27.75465915258974
88.7238647937389,87.5765776252374
79.96404528048039,81731.1060504904
68.017046926153,68.532325274311
455.525672908788,-3627.436607895419
167.583607628083,85244.28318969067
43.0965419963392,43.874770040623844
399.390155103394,399.67838870640844
168.66818635248703,300.3417557096109
162.76126018587402,160.66345930751413
97.65482032284639,103.43477395083755
110.148077363916,109.20288740750402
110.148077363916,110.15429616626352
82.36625850245899,83.62172327842563
27.3547991210384,27.562836560420692
79.8627681757809,86.80972061213106
427.754703565342,-91951.01135170273
131.96943394897,136.0426491415128
125.566643621924,-78.5046831453219
449.510448782337,-9345.954794762656
14.6731326896591,14.635017869062722
86.57379637382941,95.2243179148063
43.0965419963392,40.75999184977263
109.713720660448,106.48962812777609
81.5422693437592,117.40269151236862
172.58621093761602,46677.64261808153
586.427345752008,-8529.043227968737
116.904240781414,85398.92196652945
28.228129675399398,24.60734312888235
507.401,3951.688052179292
67.444899012621,59.75827132444829
79.3647471271804,80.65370440389961
79.3647471271804,79.25951983686537
374.897027723975,-1250.571499047801
99.970920846719,87070.57134286966
36.618322371685096,-2.0254199905321
110.276326391374,107.29105723556131
444.70858189046,-827075.4514250141
106.32326115924799,106.89013514574617
31.111028153459,38.16689487826079
41.6349134526211,43.9447984425351
99.970920846719,99.84541114326566
39.5477994932316,46.50505268666893
153.24492626293198,160.1523382132873
26.802731425085703,22.65936792548746
309.205058612812,309.5682336008176
13.0322045849813,12.845418407581747
36.618322371685096,77.45541849825531
168.66818635248703,168.4189005708322
94.1633260288997,-442528.63674357627
390.30649030440105,8433.072650911286
481.775482622067,-4605.900879560038
28.5643588273563,-294909.69146034215
41.3335111091595,39.9289744226262
454.82040667889805,-614949.9565273505
444.70858189046,109321.70473867841
114.097563573046,-26250.262090035714
109.713720660448,109.80528607871383
481.775482622067,-2903.210492728278
76.69470866396881,76.71184529270977
125.566643621924,118.85514517780393
449.510448782337,2673.3325340170413
11.2148288997089,2.9892308553680778
464.705238693159,462.43969800230116
94.1633260288997,94.32773814257234
65.503087410017,65.99444937240332
129.005315240608,7739.386082700454
94.1633260288997,95.09598099347204
336.250720890688,-8093.5038384580985
93.0206500898596,93.16912746336311
161.877319772383,162.81127177830786
76.92204037023,-13828.856885955669
172.58621093761602,171.34756629820913
182.882556513278,-80389.3725709999
95.2057370393764,63204.899534127675
449.510448782337,-3853.0887855868787
481.775482622067,-27915.09326880984
445.321200828342,4613.970937253907
81.5422693437592,103.00020515080541
449.510448782337,1617.3155009169132
671.963268047983,-2051.2522127013654
336.250720890688,336.00012706872076
709.712900312341,-1343.6862617116421
61.3446297023717,63.89764196332544
30.4771553950946,31.734972237609327
31.5395465831742,-1447776.7413226115
125.566643621924,120.90805905219167
168.66818635248703,168.7808226859197
27.5691936338647,20.572432042099535
65.503087410017,70.30684677045792
36.618322371685096,37.99057755898684
39.5477994932316,31.5119662405923
145.192227958098,145.36171566601843
586.427345752008,-2950.525863347575
61.9634020987878,61.31444841157645
454.82040667889805,218680.72379291244
65.503087410017,53.84117871057242
110.148077363916,110.1480187093839
