Config,member,epoch,train_loss,val_loss
AGT,0,1,0.6645179986953735,3.3383336067199707
AGT,0,2,0.14986921846866608,1.3764928579330444
AGT,0,3,0.09220485389232635,0.8688932061195374
AGT,0,4,0.06068255007266998,0.6077588796615601
AGT,0,5,0.055389147251844406,0.6010473370552063
AGT,0,6,0.054962944239377975,0.6181051135063171
AGT,0,7,0.03904286026954651,0.5200843214988708
AGT,0,8,0.034558288753032684,0.62183678150177
AGT,0,9,0.03392389416694641,0.647333562374115
AGT,0,10,0.026859361678361893,0.5311021208763123
AGT,0,11,0.03918949142098427,0.5497270822525024
AGT,0,12,0.03190722316503525,0.5739092826843262
AGT,0,13,0.02342378720641136,0.5719653964042664
AGT,0,14,0.03898635506629944,0.7705845832824707
AGT,0,15,0.019814591854810715,0.5358952283859253
AGT,0,16,0.05431697145104408,1.1236560344696045
AGT,0,17,0.01595950312912464,0.4413771629333496
AGT,0,18,0.027635708451271057,0.6734374761581421
AGT,0,19,0.032367296516895294,0.8852474093437195
AGT,0,20,0.014519767835736275,0.6528987288475037
AGT,0,21,0.011698233895003796,0.47609037160873413
AGT,0,22,0.010221735574305058,0.5005868673324585
AGT,0,23,0.013171530328691006,0.6123799085617065
AGT,0,24,0.009817919693887234,0.51053386926651
AGT,0,25,0.008387016132473946,0.518714189529419
AGT,0,26,0.011016481555998325,0.5599227547645569
AGT,0,27,0.008465728722512722,0.536923885345459
AGT,0,28,0.012286343611776829,0.5814806818962097
AGT,0,29,0.008271677419543266,0.48192551732063293
AGT,0,30,0.010211571119725704,0.4953387677669525
AGT,0,31,0.009905070997774601,0.5731404423713684
AGT,0,32,0.007081722375005484,0.4860176742076874
AGT,0,33,0.008178231306374073,0.4595703184604645
AGT,0,34,0.009025178849697113,0.5929957628250122
AGT,0,35,0.009692355059087276,0.5872030258178711
AGT,0,36,0.00853061955422163,0.5575528144836426
AGT,0,37,0.0070699225179851055,0.5452004075050354
AGT,0,38,0.009263413026928902,0.5713330507278442
AGT,0,39,0.0063620214350521564,0.4799780249595642
AGT,0,40,0.006544743198901415,0.5232577323913574
AGT,0,41,0.00538669666275382,0.4761364161968231
AGT,0,42,0.005378520581871271,0.4839434027671814
AGT,0,43,0.007247054949402809,0.52535480260849
AGT,0,44,0.007544710300862789,0.4847809076309204
AGT,0,45,0.007052429020404816,0.558627188205719
AGT,0,46,0.0057167671620845795,0.48952314257621765
AGT,0,47,0.006220913492143154,0.5091673135757446
AGT,0,48,0.007632148917764425,0.5214397311210632
AGT,0,49,0.006059579085558653,0.5227855443954468
AGT,0,50,0.0051669166423380375,0.4220595061779022
AGT,0,51,0.00516433734446764,0.44714227318763733
AGT,0,52,0.007809325587004423,0.5568307638168335
AGT,0,53,0.006803705357015133,0.5441919565200806
AGT,0,54,0.005992317106574774,0.5243271589279175
AGT,0,55,0.004671682603657246,0.5017632246017456
AGT,0,56,0.00721133453771472,0.5529996752738953
AGT,0,57,0.007563976105302572,0.5491663813591003
AGT,0,58,0.004910916555672884,0.41346126794815063
AGT,0,59,0.0061634904704988,0.537362813949585
AGT,0,60,0.008726835250854492,0.5472712516784668
AGT,0,61,0.007198462728410959,0.4753170609474182
AGT,0,62,0.006760800257325172,0.5254586935043335
AGT,0,63,0.006891632452607155,0.5516271591186523
AGT,0,64,0.005470785312354565,0.47848522663116455
AGT,0,65,0.006022925954312086,0.5225554704666138
AGT,0,66,0.0054944828152656555,0.48794257640838623
AGT,0,67,0.006673757918179035,0.5212616920471191
AGT,0,68,0.004530479200184345,0.44858986139297485
AGT,0,69,0.007168245501816273,0.5535572171211243
AGT,0,70,0.005537573713809252,0.5329655408859253
AGT,0,71,0.008646335452795029,0.5379945635795593
AGT,0,72,0.007976952940225601,0.5465792417526245
AGT,0,73,0.005492763128131628,0.4314645528793335
AGT,0,74,0.0054761325009167194,0.5130305886268616
AGT,0,75,0.00903134886175394,0.6549354791641235
AGT,0,76,0.007264385931193829,0.6140550971031189
AGT,0,77,0.0064127156510949135,0.585899829864502
AGT,0,78,0.008154905401170254,0.6257238388061523
AGT,0,79,0.006074234377592802,0.5414071679115295
AGT,0,80,0.005525463260710239,0.5861291885375977
AGT,0,81,0.00523871835321188,0.5921892523765564
AGT,0,82,0.006215417291969061,0.5158767104148865
AGT,0,83,0.008171044290065765,0.5164381265640259
AGT,0,84,0.005838015116751194,0.5633794069290161
AGT,0,85,0.0050524319522082806,0.46004951000213623
AGT,0,86,0.007673490792512894,0.5533362627029419
AGT,0,87,0.005579003132879734,0.5723435878753662
AGT,0,88,0.003723936388269067,0.5247166156768799
AGT,0,89,0.007648391183465719,0.5501259565353394
AGT,0,90,0.00587464589625597,0.5348654985427856
AGT,0,91,0.004656881559640169,0.537146806716919
AGT,0,92,0.006991730537265539,0.5668713450431824
AGT,0,93,0.008261587470769882,0.5841307044029236
AGT,0,94,0.010620803572237492,0.5952394008636475
AGT,0,95,0.0068690842017531395,0.5699569582939148
AGT,0,96,0.0076408106833696365,0.601891040802002
AGT,0,97,0.010323958471417427,0.5713561177253723
AGT,0,98,0.004575587809085846,0.5160751938819885
AGT,0,99,0.007111568469554186,0.5159058570861816
AGT,0,100,0.005902976728975773,0.5351746082305908
AGT,0,101,0.007922754622995853,0.6248032450675964
AGT,0,102,0.006596291903406382,0.5642586946487427
AGT,0,103,0.006367305759340525,0.5236454606056213
AGT,0,104,0.005984069779515266,0.5533900260925293
AGT,0,105,0.0045837960205972195,0.5130510926246643
AGT,0,106,0.006607094779610634,0.5561615228652954
AGT,0,107,0.004901607986539602,0.5485029816627502
AGT,0,108,0.006286218296736479,0.5241252779960632
AGT,0,109,0.00458409171551466,0.42962324619293213
AGT,0,110,0.0072643146850168705,0.5728430151939392
AGT,0,111,0.0040567959658801556,0.4845687448978424
AGT,0,112,0.005040127318352461,0.4693831503391266
AGT,0,113,0.0030676040332764387,0.5153957605361938
AGT,0,114,0.0051834858022630215,0.5036559104919434
AGT,0,115,0.007820667698979378,0.579974353313446
AGT,0,116,0.0055533284321427345,0.4981227517127991
AGT,0,117,0.003529515117406845,0.43509572744369507
AGT,0,118,0.006398000288754702,0.5566720366477966
AGT,0,119,0.0050598434172570705,0.5175913572311401
AGT,0,120,0.0037288707681000233,0.5113081336021423
AGT,0,121,0.007227147929370403,0.6141239404678345
AGT,0,122,0.005587346851825714,0.5225715637207031
AGT,0,123,0.007861227728426456,0.572540819644928
AGT,0,124,0.004811414983123541,0.5324804186820984
AGT,0,125,0.0032817996107041836,0.4589642584323883
AGT,0,126,0.008355139754712582,0.5481129884719849
AGT,0,127,0.004869271535426378,0.47796863317489624
AGT,0,128,0.006468656938523054,0.5091971158981323
AGT,1,1,0.4006105065345764,1.6834732294082642
AGT,1,2,0.13111869990825653,0.7701866030693054
AGT,1,3,0.06673429161310196,0.7185052633285522
AGT,1,4,0.051096852868795395,0.7513558864593506
AGT,1,5,0.045353058725595474,0.5814860463142395
AGT,1,6,0.03958280757069588,0.5256180763244629
AGT,1,7,0.08491896837949753,0.7836517691612244
AGT,1,8,0.04090418294072151,0.541780948638916
AGT,1,9,0.051356371492147446,0.23644298315048218
AGT,1,10,0.04642157256603241,0.9022625088691711
AGT,1,11,0.02084340713918209,0.45550087094306946
AGT,1,12,0.027703186497092247,0.5757339596748352
AGT,1,13,0.03648625314235687,0.6403785943984985
AGT,1,14,0.019653920084238052,0.4531315267086029
AGT,1,15,0.021153682842850685,0.5780911445617676
AGT,1,16,0.01708398200571537,0.3719281852245331
AGT,1,17,0.028482018038630486,0.4890023469924927
AGT,1,18,0.03532782569527626,0.7005439400672913
AGT,1,19,0.01793084852397442,0.5249119997024536
AGT,1,20,0.011702635325491428,0.557837724685669
AGT,1,21,0.01325035747140646,0.5202060341835022
AGT,1,22,0.009148499928414822,0.46869906783103943
AGT,1,23,0.011967221274971962,0.4703963100910187
AGT,1,24,0.011968978680670261,0.5303497314453125
AGT,1,25,0.009083756245672703,0.5009515881538391
AGT,1,26,0.0075151086784899235,0.4694243371486664
AGT,1,27,0.00967202428728342,0.5242002010345459
AGT,1,28,0.008438575081527233,0.49024471640586853
AGT,1,29,0.007809879723936319,0.3966604173183441
AGT,1,30,0.011455469764769077,0.6019729971885681
AGT,1,31,0.010377923026680946,0.46367567777633667
AGT,1,32,0.007711111567914486,0.47781607508659363
AGT,1,33,0.007969540543854237,0.43604716658592224
AGT,1,34,0.006584983319044113,0.39254122972488403
AGT,1,35,0.0072199683636426926,0.5013018846511841
AGT,1,36,0.009775283746421337,0.5281762480735779
AGT,1,37,0.009098105132579803,0.5241621136665344
AGT,1,38,0.007260404992848635,0.4667503237724304
AGT,1,39,0.007978624664247036,0.4264669120311737
AGT,1,40,0.005685845855623484,0.4629282057285309
AGT,1,41,0.006153724621981382,0.44692263007164
AGT,1,42,0.009273418225347996,0.4172205924987793
AGT,1,43,0.006117936223745346,0.4937405288219452
AGT,1,44,0.007315438706427813,0.5554726719856262
AGT,1,45,0.009467174299061298,0.47289958596229553
AGT,1,46,0.0062468284741044044,0.4332153797149658
AGT,1,47,0.010723627172410488,0.5221720337867737
AGT,1,48,0.007709855679422617,0.5182939767837524
AGT,1,49,0.008197376504540443,0.5508432984352112
AGT,1,50,0.005573352333158255,0.3937070071697235
AGT,1,51,0.007895737886428833,0.5624219179153442
AGT,1,52,0.006831085309386253,0.5277711153030396
AGT,1,53,0.00606710696592927,0.488552987575531
AGT,1,54,0.005605831276625395,0.49761414527893066
AGT,1,55,0.008869539014995098,0.5043768882751465
AGT,1,56,0.006479540374130011,0.4669937789440155
AGT,1,57,0.006321240682154894,0.510644257068634
AGT,1,58,0.00694385776296258,0.5300427079200745
AGT,1,59,0.0067450241185724735,0.549237072467804
AGT,1,60,0.004369962960481644,0.4248799979686737
AGT,1,61,0.007452644407749176,0.503568172454834
AGT,1,62,0.004316653124988079,0.4398833215236664
AGT,1,63,0.006508710328489542,0.49543505907058716
AGT,1,64,0.00735740689560771,0.4406464993953705
AGT,1,65,0.006068073678761721,0.5244978070259094
AGT,1,66,0.007986963726580143,0.5223922729492188
AGT,1,67,0.005658910609781742,0.4220546782016754
AGT,1,68,0.003735367441549897,0.4246568977832794
AGT,1,69,0.00481928838416934,0.47358959913253784
AGT,1,70,0.008977524004876614,0.5559388995170593
AGT,1,71,0.006792121566832066,0.4516527056694031
AGT,1,72,0.003710129763931036,0.4477821886539459
AGT,1,73,0.006107951980084181,0.49747827649116516
AGT,1,74,0.006039874162524939,0.3966715335845947
AGT,1,75,0.004010573960840702,0.4589526951313019
AGT,1,76,0.006962780375033617,0.47577670216560364
AGT,1,77,0.003600304713472724,0.4090965986251831
AGT,1,78,0.0057907188311219215,0.39389631152153015
AGT,1,79,0.006339651066809893,0.4351709187030792
AGT,2,1,0.8458781242370605,2.611095428466797
AGT,2,2,0.17840199172496796,1.067566156387329
AGT,2,3,0.0988643616437912,0.7185695171356201
AGT,2,4,0.06327594071626663,0.5047914981842041
AGT,2,5,0.05029639974236488,0.5523883700370789
AGT,2,6,0.05768873542547226,0.28611135482788086
AGT,2,7,0.08549273759126663,0.5229037404060364
AGT,2,8,0.038784485310316086,0.7145437002182007
AGT,2,9,0.03845352679491043,0.49543413519859314
AGT,2,10,0.020435117185115814,0.41452789306640625
AGT,2,11,0.017657632008194923,0.41315460205078125
AGT,2,12,0.03611994907259941,0.7287177443504333
AGT,2,13,0.016298195347189903,0.318459153175354
AGT,2,14,0.01818549633026123,0.5544347763061523
AGT,2,15,0.0189304631203413,0.5628600716590881
AGT,2,16,0.027805479243397713,0.3872004449367523
AGT,2,17,0.020577378571033478,0.47753748297691345
AGT,2,18,0.02658616565167904,0.6847253441810608
AGT,2,19,0.018824607133865356,0.5762266516685486
AGT,2,20,0.010069860145449638,0.47855624556541443
AGT,2,21,0.011912582442164421,0.5474375486373901
AGT,2,22,0.010450341738760471,0.5426161885261536
AGT,2,23,0.007252535317093134,0.433053582906723
AGT,2,24,0.008774715475738049,0.4739181399345398
AGT,2,25,0.008346187882125378,0.5060718655586243
AGT,2,26,0.010305458679795265,0.5839368104934692
AGT,2,27,0.010127627290785313,0.5714812874794006
AGT,2,28,0.009397524408996105,0.49200335144996643
AGT,2,29,0.010295992717146873,0.5004932284355164
AGT,2,30,0.008367525413632393,0.5214666128158569
AGT,2,31,0.00997149758040905,0.5405212640762329
AGT,2,32,0.006627141032367945,0.4940011501312256
AGT,2,33,0.006609599571675062,0.43156495690345764
AGT,2,34,0.00894680805504322,0.5615613460540771
AGT,2,35,0.00763478921726346,0.5453779697418213
AGT,2,36,0.008980754762887955,0.48303431272506714
AGT,2,37,0.010943674482405186,0.5089972019195557
AGT,2,38,0.010136806406080723,0.4863443076610565
AGT,2,39,0.0074789985083043575,0.5099456906318665
AGT,2,40,0.01030297763645649,0.5657821297645569
AGT,2,41,0.009075392037630081,0.551559329032898
AGT,2,42,0.006935503799468279,0.561111569404602
AGT,2,43,0.0060789878480136395,0.48209071159362793
AGT,2,44,0.00943975243717432,0.536405086517334
AGT,2,45,0.008430330082774162,0.5113524794578552
AGT,2,46,0.009316345676779747,0.47059324383735657
AGT,2,47,0.007540328893810511,0.42922863364219666
AGT,2,48,0.007358950097113848,0.5122412443161011
AGT,2,49,0.006009148433804512,0.5261142253875732
AGT,2,50,0.012677082791924477,0.6053752303123474
AGT,2,51,0.006246740464121103,0.39083588123321533
AGT,2,52,0.005846367683261633,0.408225953578949
AGT,2,53,0.008029281161725521,0.47458815574645996
AGT,2,54,0.011096002534031868,0.5135186314582825
AGT,2,55,0.005790315568447113,0.43456000089645386
AGT,2,56,0.010518261231482029,0.4153653085231781
AGT,2,57,0.008108388632535934,0.534654974937439
AGT,2,58,0.009433749131858349,0.5082684755325317
AGT,2,59,0.006808998994529247,0.4711666405200958
AGT,2,60,0.009144499897956848,0.4187855124473572
AGT,2,61,0.008187839761376381,0.49795353412628174
AGT,2,62,0.006613000761717558,0.4610065817832947
AGT,2,63,0.006109219044446945,0.4344368577003479
AGT,2,64,0.011222158558666706,0.6360406875610352
AGT,2,65,0.008108388632535934,0.46439892053604126
AGT,2,66,0.006449315696954727,0.399874746799469
AGT,2,67,0.01121598668396473,0.5779601335525513
AGT,2,68,0.006521850358694792,0.46275731921195984
AGT,2,69,0.009956995956599712,0.5488612055778503
AGT,2,70,0.010685890913009644,0.5149434804916382
AGT,2,71,0.007880989462137222,0.48484763503074646
AGT,2,72,0.008814525790512562,0.47369587421417236
AGT,2,73,0.008694236166775227,0.504948079586029
AGT,2,74,0.00591142987832427,0.39625221490859985
AGT,2,75,0.007609553635120392,0.4479326605796814
AGT,2,76,0.006308083422482014,0.4672420024871826
AGT,3,1,0.5345022082328796,2.8002443313598633
AGT,3,2,0.12083793431520462,0.5225929021835327
AGT,3,3,0.08108529448509216,0.3572928011417389
AGT,3,4,0.06448524445295334,0.46677717566490173
AGT,3,5,0.10240089148283005,0.7671199440956116
AGT,3,6,0.0760018453001976,0.5938714742660522
AGT,3,7,0.0465683788061142,0.735551118850708
AGT,3,8,0.04242635890841484,0.8101613521575928
AGT,3,9,0.03171191364526749,0.4556521773338318
AGT,3,10,0.028552960604429245,0.4767072796821594
AGT,3,11,0.030118228867650032,0.46027445793151855
AGT,3,12,0.017541807144880295,0.45840761065483093
AGT,3,13,0.027928564697504044,0.4822932183742523
AGT,3,14,0.019456896930933,0.4882725179195404
AGT,3,15,0.013930459506809711,0.45227697491645813
AGT,3,16,0.015137647278606892,0.230947345495224
AGT,3,17,0.033267684280872345,0.7433114051818848
AGT,3,18,0.025950191542506218,0.3471773862838745
AGT,3,19,0.01864483393728733,0.5428247451782227
AGT,3,20,0.01138980407267809,0.43963325023651123
AGT,3,21,0.010051455348730087,0.41406551003456116
AGT,3,22,0.00800032913684845,0.4710334539413452
AGT,3,23,0.010980200953781605,0.5193331241607666
AGT,3,24,0.00677233561873436,0.42494475841522217
AGT,3,25,0.011824741028249264,0.5220954418182373
AGT,3,26,0.007180791813880205,0.4191116988658905
AGT,3,27,0.00771731324493885,0.4327114522457123
AGT,3,28,0.009108658879995346,0.43366625905036926
AGT,3,29,0.007186602801084518,0.45492106676101685
AGT,3,30,0.007077426183968782,0.4793621897697449
AGT,3,31,0.007397625595331192,0.45328566431999207
AGT,3,32,0.008798527531325817,0.499817430973053
AGT,3,33,0.0071108657866716385,0.3933110535144806
AGT,3,34,0.009294948540627956,0.468220978975296
AGT,3,35,0.008718373253941536,0.4990639388561249
AGT,3,36,0.008419501595199108,0.4585645794868469
AGT,3,37,0.006772203370928764,0.3813573122024536
AGT,3,38,0.008249236270785332,0.45852985978126526
AGT,3,39,0.01134263165295124,0.5520325303077698
AGT,3,40,0.0054019480012357235,0.3495616316795349
AGT,3,41,0.006428847089409828,0.4019307792186737
AGT,3,42,0.0059699323028326035,0.441816121339798
AGT,3,43,0.00927677471190691,0.525211751461029
AGT,3,44,0.008145238272845745,0.5669476985931396
AGT,3,45,0.009550010785460472,0.5321653485298157
AGT,3,46,0.011040592566132545,0.5768498182296753
AGT,3,47,0.008432809263467789,0.4979756772518158
AGT,3,48,0.006999011151492596,0.49722129106521606
AGT,3,49,0.00708678038790822,0.4927016794681549
AGT,3,50,0.007169503718614578,0.46696484088897705
AGT,3,51,0.006969443056732416,0.447969526052475
AGT,3,52,0.014274051412940025,0.5790377259254456
AGT,3,53,0.005114226136356592,0.4475470185279846
AGT,3,54,0.007049425505101681,0.42812326550483704
AGT,3,55,0.007191143464297056,0.45163586735725403
AGT,3,56,0.010709589347243309,0.5511739253997803
AGT,3,57,0.006350924260914326,0.4389123022556305
AGT,3,58,0.013488504104316235,0.6350179314613342
AGT,3,59,0.006720588542521,0.44310739636421204
AGT,3,60,0.005786707159131765,0.44423002004623413
AGT,3,61,0.0102553004398942,0.5735539197921753
AGT,3,62,0.007668170612305403,0.47572386264801025
AGT,3,63,0.007458086591213942,0.5079525709152222
AGT,3,64,0.005311981774866581,0.4056483507156372
AGT,3,65,0.005357041023671627,0.4691823124885559
AGT,3,66,0.0063250125385820866,0.4558459520339966
AGT,3,67,0.0068595148622989655,0.5150593519210815
AGT,3,68,0.005340598523616791,0.4826146066188812
AGT,3,69,0.005558475852012634,0.4790492653846741
AGT,3,70,0.005738858599215746,0.5019872784614563
AGT,3,71,0.006625521928071976,0.46514347195625305
AGT,3,72,0.011749012395739555,0.6104823350906372
AGT,3,73,0.007228753995150328,0.4724918603897095
AGT,3,74,0.00629843957722187,0.4851701557636261
AGT,3,75,0.0061223069205880165,0.5511505007743835
AGT,3,76,0.005417014937847853,0.4308956265449524
AGT,3,77,0.005725696217268705,0.4238905608654022
AGT,3,78,0.00854530744254589,0.5324393510818481
AGT,3,79,0.009415829554200172,0.5306925773620605
AGT,3,80,0.006690092384815216,0.5152795910835266
AGT,3,81,0.007456805557012558,0.5420553088188171
AGT,3,82,0.010147953405976295,0.5282607674598694
AGT,3,83,0.0035355992149561644,0.3914431929588318
AGT,3,84,0.005493976175785065,0.49913114309310913
AGT,3,85,0.00540947075933218,0.4704282879829407
AGT,3,86,0.00585680827498436,0.501166820526123
AGT,4,1,0.35667648911476135,2.0168051719665527
AGT,4,2,0.21310356259346008,0.9018335342407227
AGT,4,3,0.09201996773481369,0.40487736463546753
AGT,4,4,0.06334435194730759,0.4007793664932251
AGT,4,5,0.0419611781835556,0.5804513096809387
AGT,4,6,0.04842663183808327,0.5359612107276917
AGT,4,7,0.03127041459083557,0.3386179208755493
AGT,4,8,0.04232292249798775,0.5468961596488953
AGT,4,9,0.027007056400179863,0.325860857963562
AGT,4,10,0.024131083860993385,0.335305780172348
AGT,4,11,0.0509832538664341,0.532228410243988
AGT,4,12,0.01958526484668255,0.3484005331993103
AGT,4,13,0.026017870754003525,0.3892458975315094
AGT,4,14,0.01901485212147236,0.6150311827659607
AGT,4,15,0.027630409225821495,0.31144970655441284
AGT,4,16,0.039627257734537125,0.5716838240623474
AGT,4,17,0.026653455570340157,0.655027449131012
AGT,4,18,0.03015812486410141,0.534889817237854
AGT,4,19,0.020285064354538918,0.31679344177246094
AGT,4,20,0.010261972434818745,0.4123576581478119
AGT,4,21,0.011476167477667332,0.49741247296333313
AGT,4,22,0.008416515775024891,0.38472431898117065
AGT,4,23,0.009109397418797016,0.4647746682167053
AGT,4,24,0.009218692779541016,0.4266522228717804
AGT,4,25,0.011049852706491947,0.4506424069404602
AGT,4,26,0.007802051026374102,0.4080609083175659
AGT,4,27,0.00926478672772646,0.46606266498565674
AGT,4,28,0.011522333137691021,0.4541223347187042
AGT,4,29,0.00804214458912611,0.3772912621498108
AGT,4,30,0.006622469052672386,0.368869423866272
AGT,4,31,0.010829120874404907,0.4147404730319977
AGT,4,32,0.00548922922462225,0.3718188405036926
AGT,4,33,0.008993401192128658,0.46779555082321167
AGT,4,34,0.010000030510127544,0.363981693983078
AGT,4,35,0.007636921014636755,0.45354726910591125
AGT,4,36,0.007651171647012234,0.4347298741340637
AGT,4,37,0.006939782295376062,0.3624698221683502
AGT,4,38,0.007961117662489414,0.4277006685733795
AGT,4,39,0.007354607339948416,0.4716963469982147
AGT,4,40,0.008115293458104134,0.408508837223053
AGT,4,41,0.0072538722306489944,0.47485142946243286
AGT,4,42,0.005997872445732355,0.36339160799980164
AGT,4,43,0.006623512599617243,0.3804057836532593
AGT,4,44,0.007682416122406721,0.40147820115089417
AGT,4,45,0.006829563062638044,0.4213773310184479
AGT,4,46,0.008768527768552303,0.46123450994491577
AGT,4,47,0.006112851668149233,0.41888800263404846
AGT,4,48,0.006320436950773001,0.3755977153778076
AGT,4,49,0.00619055051356554,0.4004358947277069
AGT,4,50,0.007120124530047178,0.4842768609523773
AGT,4,51,0.007319581229239702,0.4582013189792633
AGT,4,52,0.006346614565700293,0.4363824427127838
AGT,4,53,0.00688752718269825,0.38615667819976807
AGT,4,54,0.006929430179297924,0.46737027168273926
AGT,4,55,0.0065254634246230125,0.4276959002017975
AGT,4,56,0.00450522918254137,0.34542402625083923
AGT,4,57,0.005822053644806147,0.39379313588142395
AGT,4,58,0.0058295344933867455,0.4011724889278412
AGT,4,59,0.005385024473071098,0.3116345703601837
AGT,4,60,0.0035951745230704546,0.3279009461402893
AGT,4,61,0.004278266336768866,0.3775263726711273
AGT,4,62,0.00658751605078578,0.33492952585220337
AGT,4,63,0.004932367242872715,0.3434007465839386
AGT,4,64,0.0044670188799500465,0.41582465171813965
AGT,4,65,0.007208804599940777,0.4626096487045288
AGT,4,66,0.005246524233371019,0.3702646493911743
AGT,4,67,0.007561816368252039,0.4376182556152344
AGT,4,68,0.0063417027704417706,0.42032819986343384
AGT,4,69,0.004767164122313261,0.32674041390419006
AGT,4,70,0.006576353218406439,0.38434213399887085
AGT,4,71,0.005089119542390108,0.3289715647697449
AGT,4,72,0.008568724617362022,0.5061823129653931
AGT,4,73,0.007171614561229944,0.408385694026947
AGT,4,74,0.005215866025537252,0.3536544442176819
AGT,4,75,0.00615784153342247,0.4448567032814026
AGT,4,76,0.005157134961336851,0.38971146941185
AGT,4,77,0.00812325906008482,0.43405500054359436
AGT,4,78,0.004004394635558128,0.4289625287055969
AGT,4,79,0.005173785146325827,0.4387127459049225
AGT,4,80,0.006897194776684046,0.5368646383285522
AGT,4,81,0.007130337413400412,0.39688464999198914
AGT,4,82,0.006647165864706039,0.4848637282848358
AGT,4,83,0.007261571008712053,0.3970104455947876
AGT,4,84,0.005728949327021837,0.43959614634513855
AGT,4,85,0.008953353390097618,0.4736868739128113
AllVar,0,1,0.33500298857688904,1.5516514778137207
AllVar,0,2,0.1479947715997696,0.8058640956878662
AllVar,0,3,0.12273427098989487,0.8937379121780396
AllVar,0,4,0.07246585935354233,0.7716390490531921
AllVar,0,5,0.10245831310749054,0.4741956889629364
AllVar,0,6,0.06721149384975433,0.4325721859931946
AllVar,0,7,0.04073532670736313,0.6865870952606201
AllVar,0,8,0.03446997329592705,0.3254587650299072
AllVar,0,9,0.03353528305888176,0.4214861989021301
AllVar,0,10,0.03293544054031372,0.42334628105163574
AllVar,0,11,0.02879868634045124,0.41878005862236023
AllVar,0,12,0.05936934053897858,0.5499927401542664
AllVar,0,13,0.022755485028028488,0.3977307975292206
AllVar,0,14,0.017125500366091728,0.49021822214126587
AllVar,0,15,0.019382121041417122,0.5530682802200317
AllVar,0,16,0.01528897974640131,0.30555015802383423
AllVar,0,17,0.020020615309476852,0.4278324842453003
AllVar,0,18,0.023081649094820023,0.2800614535808563
AllVar,0,19,0.022124210372567177,0.4765529930591583
AllVar,0,20,0.015556813217699528,0.5111663937568665
AllVar,0,21,0.012921195477247238,0.42364928126335144
AllVar,0,22,0.01162498164921999,0.4939170181751251
AllVar,0,23,0.011119375005364418,0.3897215723991394
AllVar,0,24,0.010159541852772236,0.38845524191856384
AllVar,0,25,0.011326231993734837,0.3997916281223297
AllVar,0,26,0.0079397177323699,0.3885834813117981
AllVar,0,27,0.00788558553904295,0.40460747480392456
AllVar,0,28,0.008441470563411713,0.37559887766838074
AllVar,0,29,0.011237000115215778,0.42834579944610596
AllVar,0,30,0.007267103064805269,0.3623012602329254
AllVar,0,31,0.008316907100379467,0.3690096437931061
AllVar,0,32,0.006729809567332268,0.3659134805202484
AllVar,0,33,0.010749290697276592,0.3766937851905823
AllVar,0,34,0.006772434804588556,0.3281504809856415
AllVar,0,35,0.012862815521657467,0.42695164680480957
AllVar,0,36,0.009248217567801476,0.4221447706222534
AllVar,0,37,0.008497803471982479,0.4001164436340332
AllVar,0,38,0.008352728560566902,0.36553269624710083
AllVar,0,39,0.0071077728644013405,0.35742735862731934
AllVar,0,40,0.009893441572785378,0.3755190670490265
AllVar,0,41,0.00735337333753705,0.34438613057136536
AllVar,0,42,0.008941036649048328,0.398703932762146
AllVar,0,43,0.01159585453569889,0.3797833025455475
AllVar,0,44,0.006931418087333441,0.33669474720954895
AllVar,0,45,0.008123507723212242,0.39432066679000854
AllVar,0,46,0.008604709059000015,0.377141535282135
AllVar,0,47,0.0068875448778271675,0.35985735058784485
AllVar,0,48,0.012492253445088863,0.3527044951915741
AllVar,0,49,0.0058263689279556274,0.3797840476036072
AllVar,0,50,0.006402351427823305,0.34681645035743713
AllVar,0,51,0.010097983293235302,0.3883154094219208
AllVar,0,52,0.006798083893954754,0.39107105135917664
AllVar,0,53,0.009355099871754646,0.3918887674808502
AllVar,0,54,0.005606934428215027,0.3903473913669586
AllVar,0,55,0.006325485184788704,0.4005739092826843
AllVar,0,56,0.00807254109531641,0.3806132376194
AllVar,0,57,0.007078152149915695,0.3677852153778076
AllVar,0,58,0.007330189924687147,0.4015865623950958
AllVar,0,59,0.01046278327703476,0.32012075185775757
AllVar,0,60,0.005648974794894457,0.37861013412475586
AllVar,0,61,0.009406661614775658,0.4122028648853302
AllVar,0,62,0.011508177034556866,0.350158154964447
AllVar,0,63,0.005971923936158419,0.34275564551353455
AllVar,0,64,0.009174106642603874,0.39279353618621826
AllVar,0,65,0.00908522680401802,0.3734949827194214
AllVar,0,66,0.005991081707179546,0.35412049293518066
AllVar,0,67,0.009208043105900288,0.38767746090888977
AllVar,0,68,0.00785196851938963,0.38859823346138
AllVar,0,69,0.005417625419795513,0.31046879291534424
AllVar,0,70,0.005205246619880199,0.35005465149879456
AllVar,0,71,0.005315583664923906,0.3812730312347412
AllVar,0,72,0.006768897641450167,0.3687949478626251
AllVar,0,73,0.006912038661539555,0.38511696457862854
AllVar,0,74,0.007667630445212126,0.3594215512275696
AllVar,0,75,0.00637907674536109,0.31876736879348755
AllVar,0,76,0.0084688114002347,0.3380063474178314
AllVar,0,77,0.010595215484499931,0.3892083168029785
AllVar,0,78,0.006241411902010441,0.354032427072525
AllVar,0,79,0.004276779945939779,0.3174048960208893
AllVar,0,80,0.005111191887408495,0.3297327160835266
AllVar,0,81,0.007987781427800655,0.37506017088890076
AllVar,0,82,0.004361586179584265,0.33211398124694824
AllVar,0,83,0.007699036039412022,0.35490739345550537
AllVar,0,84,0.008438967168331146,0.38053107261657715
AllVar,0,85,0.009084037505090237,0.43518906831741333
AllVar,0,86,0.004358310718089342,0.3248438835144043
AllVar,0,87,0.008755623362958431,0.366772323846817
AllVar,0,88,0.006600808817893267,0.3326537013053894
AllVar,1,1,0.3605620563030243,0.7670531272888184
AllVar,1,2,0.12857726216316223,0.8470667004585266
AllVar,1,3,0.06915702670812607,0.5079506635665894
AllVar,1,4,0.05036116763949394,0.6107162237167358
AllVar,1,5,0.039492737501859665,0.2634557783603668
AllVar,1,6,0.058963239192962646,0.638180136680603
AllVar,1,7,0.051779210567474365,0.346719890832901
AllVar,1,8,0.08633525669574738,0.46176445484161377
AllVar,1,9,0.031010452657938004,0.4647311270236969
AllVar,1,10,0.0255470909178257,0.5193864703178406
AllVar,1,11,0.03295474871993065,0.617379903793335
AllVar,1,12,0.020557232201099396,0.2947671711444855
AllVar,1,13,0.023297857493162155,0.5808244943618774
AllVar,1,14,0.01897265389561653,0.43624189496040344
AllVar,1,15,0.029967710375785828,0.3547135293483734
AllVar,1,16,0.056821029633283615,0.9238000512123108
AllVar,1,17,0.043582621961832047,0.41550925374031067
AllVar,1,18,0.016015855595469475,0.42982080578804016
AllVar,1,19,0.02086779847741127,0.3959544003009796
AllVar,1,20,0.011045173741877079,0.410865843296051
AllVar,1,21,0.01066155917942524,0.397747278213501
AllVar,1,22,0.010038518346846104,0.4486633241176605
AllVar,1,23,0.013071873225271702,0.42175453901290894
AllVar,1,24,0.009931889362633228,0.39874178171157837
AllVar,1,25,0.010392291471362114,0.3478936553001404
AllVar,1,26,0.009897586889564991,0.3485608696937561
AllVar,1,27,0.010094277560710907,0.36227259039878845
AllVar,1,28,0.011096316389739513,0.44947096705436707
AllVar,1,29,0.009833146817982197,0.4085782766342163
AllVar,1,30,0.009708761237561703,0.4398743212223053
AllVar,1,31,0.011172656901180744,0.3935754895210266
AllVar,1,32,0.010111161507666111,0.42953070998191833
AllVar,1,33,0.010149536654353142,0.37548142671585083
AllVar,1,34,0.007476605474948883,0.36569860577583313
AllVar,1,35,0.009066786617040634,0.3694525957107544
AllVar,1,36,0.009844922460615635,0.45656147599220276
AllVar,1,37,0.008475528098642826,0.3984605669975281
AllVar,1,38,0.006893320474773645,0.346314400434494
AllVar,1,39,0.008959674276411533,0.3588365912437439
AllVar,1,40,0.009276511147618294,0.4259609878063202
AllVar,1,41,0.008938238956034184,0.40555670857429504
AllVar,1,42,0.007906178012490273,0.3476027548313141
AllVar,1,43,0.008602587506175041,0.4013073742389679
AllVar,1,44,0.006428195163607597,0.3731217682361603
AllVar,1,45,0.01072926726192236,0.3465173542499542
AllVar,1,46,0.009221278131008148,0.3844546377658844
AllVar,1,47,0.009978302754461765,0.34811460971832275
AllVar,1,48,0.006576233077794313,0.29945695400238037
AllVar,1,49,0.008932850323617458,0.4209229052066803
AllVar,1,50,0.007871891371905804,0.4268272817134857
AllVar,1,51,0.00991096068173647,0.3932821750640869
AllVar,1,52,0.008317386731505394,0.33771657943725586
AllVar,1,53,0.007365169934928417,0.36314502358436584
AllVar,1,54,0.006300700828433037,0.34746500849723816
AllVar,1,55,0.014093704521656036,0.45913568139076233
AllVar,1,56,0.006176560651510954,0.38418322801589966
AllVar,1,57,0.008286439813673496,0.3775528371334076
AllVar,1,58,0.00651506707072258,0.3466532826423645
AllVar,1,59,0.007655071560293436,0.4478507936000824
AllVar,1,60,0.010994356125593185,0.3587816655635834
AllVar,1,61,0.007630829233676195,0.4421592652797699
AllVar,1,62,0.006185121834278107,0.3872508704662323
AllVar,1,63,0.0064722285605967045,0.3202648162841797
AllVar,1,64,0.009617665782570839,0.37444034218788147
AllVar,1,65,0.006197645328938961,0.4386722147464752
AllVar,1,66,0.010005570948123932,0.40863198041915894
AllVar,1,67,0.005432773847132921,0.39145466685295105
AllVar,1,68,0.007930504158139229,0.36365875601768494
AllVar,1,69,0.007918494753539562,0.36126846075057983
AllVar,1,70,0.006399850826710463,0.42220383882522583
AllVar,1,71,0.006487380713224411,0.3171510398387909
AllVar,1,72,0.005644375458359718,0.36399075388908386
AllVar,1,73,0.006056015845388174,0.41318947076797485
AllVar,1,74,0.0054208338260650635,0.3738015294075012
AllVar,1,75,0.008402010425925255,0.4355595111846924
AllVar,2,1,0.5758983492851257,1.3446154594421387
AllVar,2,2,0.12173976749181747,0.8939347863197327
AllVar,2,3,0.0812278538942337,0.7888566851615906
AllVar,2,4,0.07354187220335007,1.1650983095169067
AllVar,2,5,0.06031709909439087,0.8227869272232056
AllVar,2,6,0.04009728506207466,0.5283796787261963
AllVar,2,7,0.025735018774867058,0.4486580789089203
AllVar,2,8,0.035599686205387115,0.5517932772636414
AllVar,2,9,0.02201593481004238,0.42002493143081665
AllVar,2,10,0.02727140113711357,0.51984041929245
AllVar,2,11,0.0281339380890131,0.5189582705497742
AllVar,2,12,0.030900947749614716,0.3578625023365021
AllVar,2,13,0.023838214576244354,0.4974254071712494
AllVar,2,14,0.03277137130498886,0.597790539264679
AllVar,2,15,0.03480343893170357,0.763985276222229
AllVar,2,16,0.02073599211871624,0.536406397819519
AllVar,2,17,0.018345825374126434,0.359836608171463
AllVar,2,18,0.023913417011499405,0.49977150559425354
AllVar,2,19,0.01745196245610714,0.44791677594184875
AllVar,2,20,0.012901343405246735,0.4502834975719452
AllVar,2,21,0.011433967389166355,0.4367891848087311
AllVar,2,22,0.009619557298719883,0.37482523918151855
AllVar,2,23,0.010674652643501759,0.41111618280410767
AllVar,2,24,0.010446423664689064,0.3600541353225708
AllVar,2,25,0.008373585529625416,0.39320075511932373
AllVar,2,26,0.01278009731322527,0.4934731721878052
AllVar,2,27,0.010810652747750282,0.43212518095970154
AllVar,2,28,0.007722115144133568,0.36371612548828125
AllVar,2,29,0.008084946312010288,0.4139350950717926
AllVar,2,30,0.010720360092818737,0.40995797514915466
AllVar,2,31,0.00691022677347064,0.3684374988079071
AllVar,2,32,0.007556526456028223,0.3430127799510956
AllVar,2,33,0.00978828314691782,0.39264994859695435
AllVar,2,34,0.00844514463096857,0.4423375129699707
AllVar,2,35,0.012791400775313377,0.5197117328643799
AllVar,2,36,0.00774772372096777,0.3823460042476654
AllVar,2,37,0.010541447438299656,0.3901054561138153
AllVar,2,38,0.009800693020224571,0.4416029453277588
AllVar,2,39,0.007041154429316521,0.3369300961494446
AllVar,2,40,0.009906942024827003,0.4504493176937103
AllVar,2,41,0.011569693684577942,0.506466269493103
AllVar,2,42,0.007110172882676125,0.3798585832118988
AllVar,2,43,0.009150371886789799,0.4536282420158386
AllVar,2,44,0.011077885515987873,0.463251531124115
AllVar,2,45,0.007770353462547064,0.3010233938694
AllVar,2,46,0.007924575358629227,0.3488002121448517
AllVar,2,47,0.009704050607979298,0.4719824194908142
AllVar,2,48,0.008716261945664883,0.44752728939056396
AllVar,2,49,0.011175638996064663,0.37682726979255676
AllVar,2,50,0.00882822833955288,0.42800211906433105
AllVar,2,51,0.007546745706349611,0.4004092812538147
AllVar,2,52,0.009985259734094143,0.4324226975440979
AllVar,2,53,0.007894936017692089,0.3976760506629944
AllVar,2,54,0.007435155101120472,0.41944822669029236
AllVar,2,55,0.007920359261333942,0.45091626048088074
AllVar,2,56,0.00972256064414978,0.46522992849349976
AllVar,2,57,0.007755205035209656,0.41494813561439514
AllVar,2,58,0.0074420468881726265,0.4247315526008606
AllVar,2,59,0.00692181009799242,0.39345505833625793
AllVar,2,60,0.008110192604362965,0.4283589720726013
AllVar,2,61,0.00662431912496686,0.38813135027885437
AllVar,2,62,0.006895788945257664,0.38277506828308105
AllVar,2,63,0.0085356580093503,0.4717828035354614
AllVar,2,64,0.005609710235148668,0.41489654779434204
AllVar,2,65,0.010179209522902966,0.39673569798469543
AllVar,2,66,0.0077423895709216595,0.43617191910743713
AllVar,2,67,0.0091643575578928,0.39983177185058594
AllVar,2,68,0.010176326148211956,0.4298694133758545
AllVar,2,69,0.007725047413259745,0.4184476137161255
AllVar,2,70,0.01083667203783989,0.5161078572273254
AllVar,2,71,0.009167936630547047,0.3808761537075043
AllVar,2,72,0.013764306902885437,0.5685590505599976
AllVar,2,73,0.0075661311857402325,0.44362249970436096
AllVar,2,74,0.006373330485075712,0.4331206977367401
AllVar,2,75,0.007738130632787943,0.4729468524456024
AllVar,2,76,0.008412973023951054,0.37699568271636963
AllVar,2,77,0.008277421817183495,0.46518614888191223
AllVar,2,78,0.007592326030135155,0.40657269954681396
AllVar,2,79,0.007833950221538544,0.4748631417751312
AllVar,2,80,0.009445472620427608,0.4698847532272339
AllVar,2,81,0.0075687565840780735,0.4245300889015198
AllVar,2,82,0.005429400596767664,0.4084365665912628
AllVar,2,83,0.008533915504813194,0.492674320936203
AllVar,2,84,0.007348299492150545,0.4132812023162842
AllVar,2,85,0.007178496569395065,0.427109956741333
AllVar,2,86,0.008022150956094265,0.48122671246528625
AllVar,2,87,0.008936294354498386,0.5006470680236816
AllVar,2,88,0.008319334127008915,0.468492329120636
AllVar,2,89,0.009947292506694794,0.49664750695228577
AllVar,2,90,0.004544298630207777,0.3593628704547882
AllVar,2,91,0.008355667814612389,0.4605529308319092
AllVar,2,92,0.005858903285115957,0.3927072584629059
AllVar,2,93,0.00566538842394948,0.4263472259044647
AllVar,2,94,0.008797578513622284,0.46526530385017395
AllVar,2,95,0.006628616712987423,0.4134959280490875
AllVar,2,96,0.006250354927033186,0.47323182225227356
AllVar,2,97,0.006048540584743023,0.40434426069259644
AllVar,2,98,0.011658399365842342,0.5282101631164551
AllVar,2,99,0.007379199843853712,0.4980812072753906
AllVar,2,100,0.006303866859525442,0.4912202060222626
AllVar,2,101,0.005898622330278158,0.41765296459198
AllVar,2,102,0.005874945782124996,0.47723376750946045
AllVar,2,103,0.008679751306772232,0.43290194869041443
AllVar,2,104,0.004873397294431925,0.4194158911705017
AllVar,2,105,0.007728183642029762,0.417377233505249
AllVar,2,106,0.006815767381340265,0.45792505145072937
AllVar,2,107,0.00809737853705883,0.47789421677589417
AllVar,2,108,0.007921974174678326,0.5143075585365295
AllVar,2,109,0.004883078392595053,0.43159374594688416
AllVar,2,110,0.009133937768638134,0.4479168951511383
AllVar,2,111,0.00742942513898015,0.4563501179218292
AllVar,2,112,0.005797236692160368,0.4585675597190857
AllVar,2,113,0.007946599274873734,0.37796902656555176
AllVar,2,114,0.010761501267552376,0.5259222388267517
AllVar,2,115,0.007482304237782955,0.3679778575897217
AllVar,3,1,0.5591539144515991,3.3722970485687256
AllVar,3,2,0.1940479427576065,1.1085025072097778
AllVar,3,3,0.12019718438386917,1.1290433406829834
AllVar,3,4,0.09313726425170898,1.1649333238601685
AllVar,3,5,0.06143106892704964,0.39278021454811096
AllVar,3,6,0.055757902562618256,0.8035240173339844
AllVar,3,7,0.0536852702498436,0.696837306022644
AllVar,3,8,0.04097843915224075,0.5470038056373596
AllVar,3,9,0.03286787495017052,0.46483248472213745
AllVar,3,10,0.030164064839482307,0.3955901563167572
AllVar,3,11,0.02744089625775814,0.5518353581428528
AllVar,3,12,0.036479078233242035,0.7222670316696167
AllVar,3,13,0.04042482748627663,0.47803840041160583
AllVar,3,14,0.0204802006483078,0.5672606229782104
AllVar,3,15,0.022068241611123085,0.5191261172294617
AllVar,3,16,0.023965831845998764,0.49240198731422424
AllVar,3,17,0.0338769294321537,0.9059735536575317
AllVar,3,18,0.03455459699034691,0.7970522046089172
AllVar,3,19,0.02384699136018753,0.5217378735542297
AllVar,3,20,0.017156535759568214,0.5075012445449829
AllVar,3,21,0.014496414922177792,0.4993700683116913
AllVar,3,22,0.014948630705475807,0.5449209809303284
AllVar,3,23,0.012163386680185795,0.5240146517753601
AllVar,3,24,0.011111833155155182,0.4750078022480011
AllVar,3,25,0.010250218212604523,0.4334108531475067
AllVar,3,26,0.01295523066073656,0.579348623752594
AllVar,3,27,0.014010223560035229,0.5709289312362671
AllVar,3,28,0.013088038191199303,0.608751118183136
AllVar,3,29,0.009993953630328178,0.45685499906539917
AllVar,3,30,0.011129838414490223,0.5472999215126038
AllVar,3,31,0.012226254679262638,0.5412314534187317
AllVar,3,32,0.010234671644866467,0.5414832830429077
AllVar,3,33,0.009478163905441761,0.45116764307022095
AllVar,3,34,0.01000012643635273,0.5035766363143921
AllVar,3,35,0.008820470422506332,0.4044759273529053
AllVar,3,36,0.010732908733189106,0.49609631299972534
AllVar,3,37,0.009075329639017582,0.5032304525375366
AllVar,3,38,0.008735204115509987,0.4950106143951416
AllVar,3,39,0.010299929417669773,0.5340011715888977
AllVar,3,40,0.011006396263837814,0.4779631197452545
AllVar,3,41,0.00731072248890996,0.4855878949165344
AllVar,3,42,0.010478688403964043,0.5746465921401978
AllVar,3,43,0.01173012051731348,0.5774927735328674
AllVar,3,44,0.00810003001242876,0.4891054332256317
AllVar,3,45,0.006843807175755501,0.42796042561531067
AllVar,3,46,0.009286731481552124,0.5316596627235413
AllVar,3,47,0.008900253102183342,0.5189040303230286
AllVar,3,48,0.007942701689898968,0.44852983951568604
AllVar,3,49,0.007738999091088772,0.4959385097026825
AllVar,3,50,0.010106489062309265,0.5348697304725647
AllVar,3,51,0.009961861185729504,0.5159001350402832
AllVar,3,52,0.006065098103135824,0.46780750155448914
AllVar,3,53,0.007551124785095453,0.5059030055999756
AllVar,3,54,0.008501728065311909,0.5234033465385437
AllVar,3,55,0.008506350219249725,0.5007061958312988
AllVar,3,56,0.010732267051935196,0.5414520502090454
AllVar,3,57,0.005356363486498594,0.3951137959957123
AllVar,3,58,0.009417497552931309,0.4969279170036316
AllVar,3,59,0.007064286153763533,0.4339997470378876
AllVar,3,60,0.008310552686452866,0.5152273178100586
AllVar,3,61,0.00790320709347725,0.46276435256004333
AllVar,3,62,0.006073878612369299,0.4465232789516449
AllVar,3,63,0.006393755786120892,0.48576366901397705
AllVar,3,64,0.00967978872358799,0.5026864409446716
AllVar,3,65,0.008233764208853245,0.46076661348342896
AllVar,3,66,0.007571244612336159,0.4831746816635132
AllVar,3,67,0.007597950287163258,0.4268096685409546
AllVar,3,68,0.007264512125402689,0.46070319414138794
AllVar,3,69,0.005989463999867439,0.4360371530056
AllVar,3,70,0.008101736195385456,0.4873742163181305
AllVar,3,71,0.0048493691720068455,0.4112207591533661
AllVar,3,72,0.006792806088924408,0.44169262051582336
AllVar,3,73,0.008296871557831764,0.48092517256736755
AllVar,3,74,0.008884257636964321,0.5608846545219421
AllVar,3,75,0.0055597880855202675,0.4551447331905365
AllVar,4,1,0.38557565212249756,2.078718423843384
AllVar,4,2,0.14272983372211456,1.2288907766342163
AllVar,4,3,0.11586634814739227,0.9645150303840637
AllVar,4,4,0.11185599118471146,0.8500887155532837
AllVar,4,5,0.05137084797024727,0.5760045647621155
AllVar,4,6,0.044594310224056244,0.5416013598442078
AllVar,4,7,0.04814370721578598,0.5535454154014587
AllVar,4,8,0.06007445231080055,1.063649296760559
AllVar,4,9,0.024432549253106117,0.3200714588165283
AllVar,4,10,0.029184281826019287,0.35890504717826843
AllVar,4,11,0.018544331192970276,0.44866377115249634
AllVar,4,12,0.02824271097779274,0.22631116211414337
AllVar,4,13,0.03050338104367256,0.3817398250102997
AllVar,4,14,0.02291753701865673,0.4393784701824188
AllVar,4,15,0.01912071369588375,0.4822634160518646
AllVar,4,16,0.016738228499889374,0.45810753107070923
AllVar,4,17,0.022367261350154877,0.5199320912361145
AllVar,4,18,0.034051429480314255,0.6481150984764099
AllVar,4,19,0.017998335883021355,0.28142663836479187
AllVar,4,20,0.01623101718723774,0.45378804206848145
AllVar,4,21,0.011938747949898243,0.42561426758766174
AllVar,4,22,0.010981724597513676,0.44739851355552673
AllVar,4,23,0.012030892074108124,0.37749168276786804
AllVar,4,24,0.007527956739068031,0.36295366287231445
AllVar,4,25,0.008877617307007313,0.40096715092658997
AllVar,4,26,0.007498154882341623,0.32496070861816406
AllVar,4,27,0.011572662740945816,0.4509925842285156
AllVar,4,28,0.008987290784716606,0.3720042407512665
AllVar,4,29,0.009057044982910156,0.3844623267650604
AllVar,4,30,0.008078638464212418,0.41004472970962524
AllVar,4,31,0.008285131305456161,0.33846011757850647
AllVar,4,32,0.009399489499628544,0.4313753843307495
AllVar,4,33,0.009276649914681911,0.44497478008270264
AllVar,4,34,0.01347297802567482,0.43936678767204285
AllVar,4,35,0.008506877347826958,0.394895076751709
AllVar,4,36,0.008701955899596214,0.4142753779888153
AllVar,4,37,0.009451845660805702,0.38269102573394775
AllVar,4,38,0.011611663736402988,0.482636958360672
AllVar,4,39,0.008149595931172371,0.43730348348617554
AllVar,4,40,0.009449652396142483,0.4130003750324249
AllVar,4,41,0.009471043013036251,0.3534914553165436
AllVar,4,42,0.012421728111803532,0.4597640037536621
AllVar,4,43,0.007403430063277483,0.46482211351394653
AllVar,4,44,0.008050455711781979,0.39832013845443726
AllVar,4,45,0.008231718093156815,0.4180678725242615
AllVar,4,46,0.008477002382278442,0.4108683168888092
AllVar,4,47,0.00842447578907013,0.34515461325645447
AllVar,4,48,0.007551043760031462,0.4032317101955414
AllVar,4,49,0.00874996930360794,0.36708149313926697
AllVar,4,50,0.005481925792992115,0.3919130861759186
AllVar,4,51,0.009292196482419968,0.47051355242729187
AllVar,4,52,0.006170093547552824,0.29609307646751404
AllVar,4,53,0.0073642609640955925,0.4171142578125
AllVar,4,54,0.006538204848766327,0.3689713478088379
AllVar,4,55,0.009673215448856354,0.38029900193214417
AllVar,4,56,0.012673615477979183,0.5201900601387024
AllVar,4,57,0.006525053642690182,0.35413333773612976
AllVar,4,58,0.0054963501170277596,0.40937575697898865
AllVar,4,59,0.007141823880374432,0.4193475842475891
AllVar,4,60,0.007474467623978853,0.30702465772628784
AllVar,4,61,0.006420066114515066,0.39179879426956177
AllVar,4,62,0.007694851141422987,0.3379990756511688
AllVar,4,63,0.007296609226614237,0.44068610668182373
AllVar,4,64,0.00857318751513958,0.3963604271411896
AllVar,4,65,0.0048110466450452805,0.3373006284236908
AllVar,4,66,0.008265437558293343,0.4074297845363617
AllVar,4,67,0.008821613155305386,0.3736277222633362
AllVar,4,68,0.006925795692950487,0.40233683586120605
AllVar,4,69,0.0072503169067204,0.42131999135017395
AllVar,4,70,0.0065357801504433155,0.39894214272499084
AllVar,4,71,0.006485486403107643,0.3587959110736847
AllVar,4,72,0.005875384900718927,0.41035231947898865
AllVar,4,73,0.005572892725467682,0.4087870121002197
AllVar,4,74,0.005725437309592962,0.3698778450489044
AllVar,4,75,0.0070771523751318455,0.39361393451690674
AllVar,4,76,0.00544314831495285,0.3217085003852844
AllVar,4,77,0.005551164038479328,0.4314877390861511
AllVar,4,78,0.00950939953327179,0.44316765666007996
AllVar,4,79,0.005874993745237589,0.3657543957233429
AllVar,4,80,0.008631381206214428,0.3476053476333618
AllVar,4,81,0.00482326140627265,0.4276926517486572
AllVar,4,82,0.006392249837517738,0.3653099834918976
